日期,策略,證券代號,快照收盤,市況
2026-05-03,策略1,00878,25.389999389648438,bull
2026-05-03,策略1,00992A,17.3799991607666,bull
2026-05-03,策略1,00993A,12.770000457763672,bull
2026-05-03,策略1,00900,15.399999618530273,bull
2026-05-03,策略1,00988A,17.040000915527344,bull
2026-05-03,策略1,00888,26.709999084472656,bull
2026-05-03,策略1,6706,151.5,bull
2026-05-03,策略1,00981D,10.369999885559082,bull
2026-05-03,策略1,00922,33.81999969482422,bull
2026-05-03,策略1,00984A,14.170000076293945,bull
2026-05-03,策略1,00902,16.940000534057617,bull
2026-05-03,策略1,8358,388.5,bull
2026-05-03,策略1,00987A,16.459999084472656,bull
2026-05-03,策略1,00719B,30.989999771118164,bull
2026-05-03,策略1,00995A,16.110000610351562,bull
2026-05-03,策略1,00864B,46.5099983215332,bull
2026-05-03,策略1,6015,14.199999809265137,bull
2026-05-03,策略1,3498,87.69999694824219,bull
2026-05-03,策略1,5864,28.5,bull
2026-05-03,策略1,3680,537.0,bull
2026-05-03,策略1,00989A,15.720000267028809,bull
2026-05-03,策略1,6274,1010.0,bull
2026-05-03,策略1,00904,34.939998626708984,bull
2026-05-03,策略1,00994A,16.81999969482422,bull
2026-05-03,策略1,00923,35.400001525878906,bull
2026-05-03,策略1,00892,38.189998626708984,bull
2026-05-03,策略1,6446,661.0,bull
2026-05-03,策略1,00770,58.95000076293945,bull
2026-05-03,策略1,2417,47.150001525878906,bull
2026-05-03,策略1,3006,169.5,bull
2026-05-03,策略1,6125,55.79999923706055,bull
2026-05-03,策略1,4908,214.0,bull
2026-05-03,策略1,00938,20.260000228881836,bull
2026-05-03,策略1,3665,2770.0,bull
2026-05-03,策略1,6217,278.0,bull
2026-05-03,策略1,4543,38.5,bull
2026-05-03,策略1,4949,105.5,bull
2026-05-03,策略1,6937,331.0,bull
2026-05-03,策略1,1591,64.9000015258789,bull
2026-05-03,策略1,5236,163.5,bull
2026-05-03,策略1,009804,19.489999771118164,bull
2026-05-03,策略1,3228,198.0,bull
2026-05-03,策略1,8091,192.0,bull
2026-05-03,策略1,5302,11.100000381469727,bull
2026-05-03,策略1,8121,28.5,bull
2026-05-03,策略1,7610,640.0,bull
2026-05-03,策略1,00920,26.079999923706055,bull
2026-05-03,策略1,00962,12.279999732971191,bull
2026-05-03,策略2,00888,26.709999084472656,bull
2026-05-03,策略2,00981D,10.369999885559082,bull
2026-05-03,策略2,3711,478.0,bull
2026-05-03,策略2,8358,388.5,bull
2026-05-03,策略2,00719B,30.989999771118164,bull
2026-05-03,策略2,00864B,46.5099983215332,bull
2026-05-03,策略2,6015,14.199999809265137,bull
2026-05-03,策略2,3498,87.69999694824219,bull
2026-05-03,策略2,5864,28.5,bull
2026-05-03,策略2,3680,537.0,bull
2026-05-03,策略2,6274,1010.0,bull
2026-05-03,策略2,8028,245.0,bull
2026-05-03,策略2,6125,55.79999923706055,bull
2026-05-03,策略2,4908,214.0,bull
2026-05-03,策略2,3533,2615.0,bull
2026-05-03,策略2,6217,278.0,bull
2026-05-03,策略2,4543,38.5,bull
2026-05-03,策略2,1591,64.9000015258789,bull
2026-05-03,策略2,5236,163.5,bull
2026-05-03,策略2,3228,198.0,bull
2026-05-03,策略2,8091,192.0,bull
2026-05-03,策略2,5302,11.100000381469727,bull
2026-05-03,策略2,8121,28.5,bull
2026-05-03,策略2,5269,1365.0,bull
2026-05-03,策略3,2313,244.5,bull
2026-05-03,策略3,3680,537.0,bull
2026-05-03,策略3,4749,1005.0,bull
2026-05-03,策略3,5236,163.5,bull
2026-05-03,策略3,6679,286.0,bull
2026-05-03,策略4,4951,119.0,bull
2026-05-03,策略4,2328,49.54999923706055,bull
2026-05-03,策略4,6207,64.5,bull
2026-05-03,策略4,2233,300.0,bull
2026-05-03,策略4,3707,66.19999694824219,bull
2026-05-03,策略4,4540,68.5,bull
2026-05-03,策略4,5443,129.5,bull
2026-05-03,策略4,6485,87.5999984741211,bull
2026-05-03,策略4,2465,74.0,bull
2026-05-03,策略4,3680,537.0,bull
2026-05-03,策略5,00955,15.140000343322754,bull
2026-05-03,策略5,00857B,23.200000762939453,bull
2026-05-03,策略5,00687B,27.860000610351562,bull
2026-05-03,策略5,00679B,26.81999969482422,bull
2026-05-03,策略5,00931B,13.4399995803833,bull
2026-05-03,策略5,00764B,27.850000381469727,bull
2026-05-03,策略5,1308,15.050000190734863,bull
2026-05-03,策略5,1218,18.950000762939453,bull
2026-05-03,策略5,1305,14.850000381469727,bull
2026-05-03,策略5,1304,14.350000381469727,bull
2026-05-03,策略5,00960,17.15999984741211,bull
2026-05-03,策略5,00985B,10.25,bull
2026-05-03,策略5,5484,39.0,bull
2026-05-03,策略5,00945B,14.479999542236328,bull
2026-05-03,策略5,00719B,30.989999771118164,bull
2026-05-03,策略5,1309,20.799999237060547,bull
2026-05-03,策略5,00669R,5.659999847412109,bull
2026-05-03,策略5,4105,74.19999694824219,bull
2026-05-03,策略5,2031,40.650001525878906,bull
2026-05-03,策略5,00865B,48.060001373291016,bull
2026-05-03,策略5,2027,37.70000076293945,bull
2026-05-03,策略6,6485,87.5999984741211,bull
2026-05-03,策略7,1591,64.9000015258789,bull
2026-05-03,策略7,2542,40.150001525878906,bull
2026-05-03,策略7,8937,37.5,bull
2026-05-03,策略7,2408,215.5,bull
2026-05-03,策略7,5386,379.0,bull
2026-05-03,策略7,6265,39.79999923706055,bull
2026-05-03,策略7,5289,1245.0,bull
2026-05-03,策略7,2451,252.5,bull
2026-05-03,策略7,6903,412.5,bull
2026-05-03,策略7,6735,121.5,bull
2026-05-03,策略7,8271,220.0,bull
2026-05-03,策略7,8299,1900.0,bull
2026-05-03,策略7,3006,169.5,bull
2026-05-03,策略7,3167,861.0,bull
2026-05-03,策略7,3135,141.5,bull
2026-05-03,策略7,5302,11.100000381469727,bull
2026-05-03,策略7,3028,68.30000305175781,bull
2026-05-03,策略7,4967,281.0,bull
2026-05-03,策略7,6531,840.0,bull
2026-05-03,策略7,3017,2835.0,bull
2026-05-03,策略7,7769,4945.0,bull
2026-05-03,策略7,3057,20.149999618530273,bull
2026-05-03,策略7,2337,154.0,bull
2026-05-03,策略7,6805,2070.0,bull
2026-05-03,策略7,2374,78.4000015258789,bull
2026-05-03,策略7,3324,1140.0,bull
2026-05-03,策略7,2344,89.80000305175781,bull
2026-05-03,策略7,2465,74.0,bull
2026-05-03,策略7,4540,68.5,bull
2026-05-03,策略7,3229,40.04999923706055,bull
2026-05-03,策略7,6274,1010.0,bull
2026-05-03,策略7,2388,78.5999984741211,bull
2026-05-03,策略7,2236,132.0,bull
2026-05-03,策略7,5443,129.5,bull
2026-05-03,策略7,6234,52.79999923706055,bull
2026-05-03,策略7,6658,149.5,bull
2026-05-03,策略7,2383,4545.0,bull
2026-05-03,策略7,1727,81.5,bull
2026-05-03,策略7,6861,328.0,bull
2026-05-03,策略7,4764,258.0,bull
2026-05-03,策略7,4576,222.0,bull
2026-05-03,策略7,4543,38.5,bull
2026-05-03,策略7,6716,82.19999694824219,bull
2026-05-03,策略7,2317,219.5,bull
2026-05-03,策略7,6683,2125.0,bull
2026-05-03,策略7,2345,2280.0,bull
2026-05-03,策略7,4949,105.5,bull
2026-05-03,策略7,5236,163.5,bull
2026-05-03,策略7,1570,37.650001525878906,bull
2026-05-03,策略7,5269,1365.0,bull
2026-05-03,策略7,3581,179.5,bull
2026-05-03,策略7,8046,1005.0,bull
2026-05-03,策略7,1597,143.5,bull
2026-05-03,策略7,4931,159.0,bull
2026-05-03,策略7,2449,302.5,bull
2026-05-03,策略7,3483,92.80000305175781,bull
2026-05-03,策略7,8131,60.79999923706055,bull
2026-05-03,策略7,3443,4260.0,bull
2026-05-03,策略7,6672,219.0,bull
2026-05-03,策略7,4749,1005.0,bull
2026-05-03,策略7,4542,199.0,bull
2026-05-03,策略7,6117,88.0999984741211,bull
2026-05-03,策略7,3088,108.0,bull
2026-05-03,策略7,8016,230.0,bull
2026-05-03,策略7,3588,61.20000076293945,bull
2026-05-03,策略7,1711,56.5,bull
2026-05-03,策略7,8064,104.0,bull
2026-05-03,策略7,1568,28.5,bull
2026-05-03,策略7,2436,72.69999694824219,bull
2026-05-03,策略7,8028,245.0,bull
2026-05-03,策略7,4720,26.399999618530273,bull
2026-05-03,策略7,2027,37.70000076293945,bull
2026-05-03,策略7,3189,528.0,bull
2026-05-03,策略7,2535,72.0999984741211,bull
2026-05-03,策略7,3044,448.5,bull
2026-05-03,策略7,2301,166.0,bull
2026-05-03,策略7,3533,2615.0,bull
2026-05-03,策略7,3709,82.5,bull
2026-05-03,策略7,3037,883.0,bull
2026-05-03,策略7,3390,25.350000381469727,bull
2026-05-03,策略7,6664,464.5,bull
2026-05-03,策略7,2070,59.0,bull
2026-05-03,策略7,3031,31.549999237060547,bull
2026-05-03,策略7,6108,19.100000381469727,bull
2026-05-03,策略7,3707,66.19999694824219,bull
2026-05-03,策略7,3665,2770.0,bull
2026-05-03,策略7,1326,52.29999923706055,bull
2026-05-03,策略7,3162,73.19999694824219,bull
2026-05-03,策略7,3016,89.69999694824219,bull
2026-05-03,策略8,00888,26.709999084472656,bull
2026-05-03,策略8,009814,10.5,bull
2026-05-03,策略8,6015,14.199999809265137,bull
2026-05-03,策略8,4908,214.0,bull
2026-05-03,策略8,3498,87.69999694824219,bull
2026-05-03,策略9,8046,1005.0,bull
2026-05-03,策略9,3037,883.0,bull
2026-05-03,策略9,6861,328.0,bull
2026-05-03,策略9,5269,1365.0,bull
2026-05-03,策略9,4958,421.0,bull
2026-05-03,策略9,3167,861.0,bull
2026-05-03,策略9,3680,537.0,bull
2026-05-03,策略9,6658,149.5,bull
2026-05-03,策略9,3526,330.0,bull
2026-05-03,策略9,2233,300.0,bull
2026-05-03,策略9,3581,179.5,bull
2026-05-03,策略9,4764,258.0,bull
2026-05-03,策略9,4951,119.0,bull
2026-05-03,策略9,2464,113.5,bull
2026-05-03,策略9,4908,214.0,bull
2026-05-03,策略9,8027,193.5,bull
2026-05-03,策略9,1727,81.5,bull
2026-05-03,策略9,3016,89.69999694824219,bull
2026-05-03,策略9,6278,168.0,bull
2026-05-03,策略9,8358,388.5,bull
2026-05-03,策略9,2072,185.0,bull
2026-05-03,策略9,1597,143.5,bull
2026-05-03,策略9,3605,87.0999984741211,bull
2026-05-03,策略9,1595,72.80000305175781,bull
2026-05-03,策略9,2449,302.5,bull
2026-05-03,策略9,6197,208.0,bull
2026-05-03,策略9,4542,199.0,bull
2026-05-03,策略9,6234,52.79999923706055,bull
2026-05-03,策略9,00715L,74.1500015258789,bull
2026-05-03,策略9,8064,104.0,bull
2026-05-03,策略9,6224,73.30000305175781,bull
2026-05-03,策略9,4540,68.5,bull
2026-05-03,策略9,6446,661.0,bull
2026-05-03,策略9,6405,50.900001525878906,bull
2026-05-03,策略9,4576,222.0,bull
2026-05-03,策略9,3707,66.19999694824219,bull
2026-05-03,策略9,2388,78.5999984741211,bull
2026-05-03,策略9,6485,87.5999984741211,bull
2026-05-03,策略9,2465,74.0,bull
2026-05-03,策略9,6215,111.0,bull
2026-05-03,策略9,2359,119.0,bull
2026-05-03,策略9,8255,136.0,bull
2026-05-03,策略9,3088,108.0,bull
2026-05-03,策略9,3051,28.350000381469727,bull
2026-05-03,策略9,8374,84.30000305175781,bull
2026-05-03,策略9,2374,78.4000015258789,bull
2026-05-03,策略9,8234,66.9000015258789,bull
2026-05-03,策略9,4949,105.5,bull
2026-05-03,策略9,6873,89.19999694824219,bull
2026-05-03,策略9,3029,102.0,bull
2026-05-03,策略9,6165,53.099998474121094,bull
2026-05-03,策略9,6207,64.5,bull
2026-05-03,策略9,2542,40.150001525878906,bull
2026-05-03,策略9,3149,47.29999923706055,bull
2026-05-03,策略9,6695,46.5,bull
2026-05-03,策略9,2597,157.0,bull
2026-05-03,策略9,6761,218.0,bull
2026-05-03,策略9,2328,49.54999923706055,bull
2026-05-03,策略9,5443,129.5,bull
2026-05-03,策略9,2881,90.0,bull
2026-05-03,策略9,5425,62.79999923706055,bull
2026-05-03,策略9,6757,49.650001525878906,bull
2026-05-03,策略9,1536,51.5,bull
2026-05-03,策略9,5864,28.5,bull
2026-05-03,策略9,9802,77.5,bull
2026-05-03,策略9,2342,33.599998474121094,bull
2026-05-03,策略9,3032,64.0,bull
2026-05-03,策略9,2417,47.150001525878906,bull
2026-05-03,策略9,2440,18.25,bull
2026-05-03,策略9,00642U,33.150001525878906,bull
2026-05-03,策略9,6173,85.69999694824219,bull
2026-05-03,策略9,6125,55.79999923706055,bull
2026-05-03,策略9,4766,358.5,bull
2026-05-03,策略9,8121,28.5,bull
2026-05-03,策略9,6218,41.150001525878906,bull
2026-05-03,策略9,4105,74.19999694824219,bull
2026-05-03,策略9,6505,56.400001525878906,bull
2026-05-03,策略9,3535,128.5,bull
2026-05-03,策略9,5278,23.649999618530273,bull
2026-05-03,策略9,4526,36.75,bull
2026-05-03,策略9,6706,151.5,bull
2026-05-03,策略9,1708,41.79999923706055,bull
2026-05-03,策略9,6015,14.199999809265137,bull
2026-05-03,策略9,00902,16.940000534057617,bull
2026-05-03,策略9,4743,53.20000076293945,bull
2026-05-03,策略9,6189,47.95000076293945,bull
2026-05-03,策略9,2603,202.0,bull
2026-05-03,策略9,2034,21.299999237060547,bull
2026-05-03,策略9,2915,44.650001525878906,bull
2026-05-03,策略9,3356,54.0,bull
2026-05-03,策略9,5498,73.9000015258789,bull
2026-05-03,策略9,2027,37.70000076293945,bull
2026-05-03,策略9,1326,52.29999923706055,bull
2026-05-03,策略9,2883,21.5,bull
2026-05-03,策略9,2103,19.649999618530273,bull
2026-05-03,策略9,6026,15.350000381469727,bull
2026-05-03,策略9,3490,30.5,bull
2026-05-03,策略9,2892,28.850000381469727,bull
2026-05-03,策略9,00882,15.770000457763672,bull
2026-05-03,策略9,00641R,4.090000152587891,bull
2026-05-03,策略9,00733,64.4000015258789,bull
2026-05-03,策略9,1307,31.700000762939453,bull
2026-05-03,策略9,6499,83.69999694824219,bull
2026-05-03,策略9,00865B,48.060001373291016,bull
2026-05-03,策略10,1308,15.050000190734863,bull
2026-05-03,策略10,2101,33.45000076293945,bull
2026-05-03,策略10,2913,11.25,bull
2026-05-03,策略10,4157,10.0,bull
2026-05-03,策略10,2528,22.5,bull
2026-05-03,策略10,1304,14.350000381469727,bull
2026-05-03,策略10,2022,8.119999885559082,bull
2026-05-03,策略10,2442,18.25,bull
2026-05-03,策略10,1305,14.850000381469727,bull
2026-05-03,策略10,00676R,6.610000133514404,bull
2026-05-03,策略10,1434,15.899999618530273,bull
2026-05-03,策略10,9103,4.690000057220459,bull
2026-05-03,策略10,00988B,19.899999618530273,bull
2026-05-03,策略10,2646,20.25,bull
2026-05-03,策略10,7821,47.70000076293945,bull
2026-05-03,策略10,2020,22.149999618530273,bull
2026-05-03,策略10,2104,10.699999809265137,bull
2026-05-03,策略10,2597,157.0,bull
2026-05-03,策略10,7721,78.0999984741211,bull
2026-05-03,策略10,8404,16.799999237060547,bull
2026-05-03,策略10,6499,83.69999694824219,bull
2026-05-03,策略10,6133,22.0,bull
2026-05-03,策略10,00942B,14.279999732971191,bull
2026-05-03,策略10,2014,17.600000381469727,bull
2026-05-03,策略10,1524,28.149999618530273,bull
2026-05-03,策略10,2605,34.70000076293945,bull
2026-05-03,策略10,6937,331.0,bull
2026-05-03,策略10,00960,17.15999984741211,bull
2026-05-03,策略10,2915,44.650001525878906,bull
2026-05-03,策略10,3615,31.850000381469727,bull
2026-05-03,策略10,00648R,4.210000038146973,bull
2026-05-03,策略10,8390,85.4000015258789,bull
2026-05-03,策略10,6442,2110.0,bull
2026-05-03,策略10,8936,50.099998474121094,bull
2026-05-03,策略10,4743,53.20000076293945,bull
2026-05-03,策略10,2614,20.200000762939453,bull
2026-05-03,策略10,1611,11.949999809265137,bull
2026-05-03,策略10,5484,39.0,bull
2026-05-03,策略10,3498,87.69999694824219,bull
2026-05-03,策略10,6547,49.349998474121094,bull
2026-05-03,策略10,1309,20.799999237060547,bull
2026-05-03,策略10,1528,28.799999237060547,bull
2026-05-03,策略10,2072,185.0,bull
2026-05-03,策略10,8234,66.9000015258789,bull
2026-05-03,策略10,2313,244.5,bull
2026-05-03,策略10,6005,28.049999237060547,bull
2026-05-03,策略10,6830,850.0,bull
2026-05-03,策略10,5009,32.20000076293945,bull
2026-05-03,策略10,2302,18.700000762939453,bull
2026-05-03,策略10,8091,192.0,bull
2026-05-03,策略10,00955,15.140000343322754,bull
2026-05-03,策略10,00981D,10.369999885559082,bull
2026-05-03,策略11,1595,72.80000305175781,bull
2026-05-03,策略11,4951,119.0,bull
2026-05-03,策略11,4576,222.0,bull
2026-05-03,策略11,3037,883.0,bull
2026-05-03,策略11,00926,24.399999618530273,bull
2026-05-03,策略11,00936,18.940000534057617,bull
2026-05-03,策略11,00639,17.219999313354492,bull
2026-05-03,策略11,5864,28.5,bull
2026-05-03,策略11,009800,11.9399995803833,bull
2026-05-03,策略11,6197,208.0,bull
2026-05-03,策略11,2233,300.0,bull
2026-05-03,策略11,3526,330.0,bull
2026-05-03,策略11,3088,108.0,bull
2026-05-03,策略11,4540,68.5,bull
2026-05-03,策略11,00938,20.260000228881836,bull
2026-05-03,策略11,5443,129.5,bull
2026-05-03,策略11,3680,537.0,bull
2026-05-03,策略11,009809,14.300000190734863,bull
2026-05-03,策略12,2022,8.119999885559082,bull
2026-05-03,策略12,3717,19.5,bull
2026-05-03,策略12,00676R,6.610000133514404,bull
2026-05-03,策略12,6167,12.199999809265137,bull
2026-05-03,策略12,2323,10.149999618530273,bull
2026-05-03,策略12,2367,57.70000076293945,bull
2026-05-03,策略12,1316,11.0,bull
2026-05-03,策略12,1604,22.899999618530273,bull
2026-05-03,策略12,8085,12.550000190734863,bull
2026-05-03,策略12,2104,10.699999809265137,bull
2026-05-03,策略12,2528,22.5,bull
2026-05-03,策略12,5388,76.5,bull
2026-05-03,策略12,2442,18.25,bull
2026-05-03,策略12,2913,11.25,bull
2026-05-03,策略12,2836,11.850000381469727,bull
2026-05-03,策略12,9103,4.690000057220459,bull
2026-05-03,策略12,00648R,4.210000038146973,bull
2026-05-03,策略12,1584,19.600000381469727,bull
2026-05-03,策略12,3052,10.649999618530273,bull
2026-05-03,策略12,3036,204.0,bull
2026-05-03,策略12,1337,5.019999980926514,bull
2026-05-03,策略12,00967B,9.130000114440918,bull
2026-05-03,策略12,8404,16.799999237060547,bull
2026-05-03,策略12,2646,20.25,bull
2026-05-03,策略12,2101,33.45000076293945,bull
2026-05-03,策略12,8415,33.70000076293945,bull
2026-05-03,策略12,00969B,8.289999961853027,bull
2026-05-03,策略12,00679B,26.81999969482422,bull
2026-05-03,策略12,1218,18.950000762939453,bull
2026-05-03,策略12,00942B,14.279999732971191,bull
2026-05-03,策略12,00983D,10.140000343322754,bull
2026-05-03,策略12,3481,23.950000762939453,bull
2026-05-03,策略12,00957B,13.430000305175781,bull
2026-05-03,策略12,00986D,14.84000015258789,bull
2026-05-03,策略12,9958,101.0,bull
2026-05-03,策略12,00862B,31.549999237060547,bull
2026-05-03,策略12,8096,89.19999694824219,bull
2026-05-03,策略12,1314,7.420000076293945,bull
2026-05-03,策略12,2014,17.600000381469727,bull
2026-05-03,策略12,6143,87.0999984741211,bull
2026-05-03,策略12,2615,74.5999984741211,bull
2026-05-03,策略12,3047,14.649999618530273,bull
2026-05-03,策略12,1789,20.299999237060547,bull
2026-05-03,策略12,00968B,9.25,bull
2026-05-03,策略12,1477,211.5,bull
2026-05-03,策略12,6177,45.5,bull
2026-05-03,策略12,1323,20.299999237060547,bull
2026-05-03,策略12,2431,10.800000190734863,bull
2026-05-03,策略12,00907,14.399999618530273,bull
2026-05-03,策略12,2010,24.75,bull
2026-05-03,策略12,1434,15.899999618530273,bull
2026-05-03,策略12,00958B,9.239999771118164,bull
2026-05-03,策略12,6550,17.5,bull
2026-05-03,策略12,00985B,10.25,bull
2026-05-03,策略12,4306,13.199999809265137,bull
2026-05-03,策略12,6142,8.850000381469727,bull
2026-05-03,策略12,3005,97.5999984741211,bull
2026-05-03,策略12,3294,30.5,bull
2026-05-03,策略12,1710,13.0,bull
2026-05-03,策略12,2406,30.549999237060547,bull
2026-05-03,策略12,00752,23.729999542236328,bull
2026-05-03,策略12,3663,66.4000015258789,bull
2026-05-03,策略12,1210,53.400001525878906,bull
2026-05-03,策略12,9914,57.900001525878906,bull
2026-05-03,策略12,6994,63.900001525878906,bull
2026-05-03,策略12,6168,25.100000381469727,bull
2026-05-03,策略12,6112,45.70000076293945,bull
2026-05-03,策略12,00650L,17.329999923706055,bull
2026-05-03,策略12,2405,14.949999809265137,bull
2026-05-03,策略12,1312,12.300000190734863,bull
2026-05-03,策略12,1524,28.149999618530273,bull
2026-05-03,策略12,3376,204.0,bull
2026-05-03,策略12,2204,54.099998474121094,bull
2026-05-03,策略12,2603,202.0,bull
2026-05-03,策略12,9939,111.5,bull
2026-05-03,策略12,00865B,48.060001373291016,bull
2026-05-03,策略12,6443,35.349998474121094,bull
2026-05-03,策略12,6806,22.649999618530273,bull
2026-05-03,策略12,2027,37.70000076293945,bull
2026-05-03,策略12,2614,20.200000762939453,bull
2026-05-03,策略12,00665L,9.869999885559082,bull
2026-05-03,策略12,1723,78.30000305175781,bull
2026-05-03,策略12,6465,45.20000076293945,bull
2026-05-03,策略12,4416,12.850000381469727,bull
2026-05-03,策略12,2457,23.950000762939453,bull
2026-05-03,策略12,4763,42.29999923706055,bull
2026-05-03,策略12,6271,173.0,bull
2026-05-03,策略12,2314,14.100000381469727,bull
2026-05-03,策略12,6890,156.5,bull
2026-05-03,策略12,3545,50.099998474121094,bull
2026-05-03,策略12,9802,77.5,bull
2026-05-03,策略13,00674R,27.18000030517578,bull
2026-05-03,策略13,3167,861.0,bull
2026-05-03,策略13,4764,258.0,bull
2026-05-03,策略13,6735,121.5,bull
2026-05-03,策略13,6658,149.5,bull
2026-05-03,策略13,3229,40.04999923706055,bull
2026-05-03,策略13,3443,4260.0,bull
2026-05-03,策略13,8046,1005.0,bull
2026-05-03,策略13,6531,840.0,bull
2026-05-03,策略13,6789,576.0,bull
2026-05-03,策略13,6234,52.79999923706055,bull
2026-05-03,策略13,6278,168.0,bull
2026-05-03,策略13,6274,1010.0,bull
2026-05-03,策略13,6672,219.0,bull
2026-05-03,策略13,2383,4545.0,bull
2026-05-03,策略13,6205,86.5,bull
2026-05-03,策略13,6217,278.0,bull
2026-05-03,策略13,1591,64.9000015258789,bull
2026-05-03,策略13,8271,220.0,bull
2026-05-03,策略13,6218,41.150001525878906,bull
2026-05-03,策略13,6208,80.0,bull
2026-05-03,策略13,2464,113.5,bull
2026-05-03,策略13,3661,4135.0,bull
2026-05-03,策略13,3518,32.79999923706055,bull
2026-05-03,策略13,2351,154.0,bull
2026-05-03,策略13,3605,87.0999984741211,bull
2026-05-03,策略13,3665,2770.0,bull
2026-05-03,策略13,4949,105.5,bull
2026-05-03,策略13,2070,59.0,bull
2026-05-03,策略13,6877,169.0,bull
2026-05-03,策略13,1711,56.5,bull
2026-05-03,策略13,6415,427.0,bull
2026-05-03,策略13,2345,2280.0,bull
2026-05-03,策略13,2388,78.5999984741211,bull
2026-05-03,策略13,4720,26.399999618530273,bull
2026-05-03,策略13,3228,198.0,bull
2026-05-03,策略13,6441,29.399999618530273,bull
2026-05-03,策略13,6290,285.5,bull
2026-05-03,策略13,00631L,28.610000610351562,bull
2026-05-03,策略13,00685L,224.14999389648438,bull
2026-05-03,策略13,00675L,248.1999969482422,bull
2026-05-03,策略13,6903,412.5,bull
2026-05-03,策略13,5289,1245.0,bull
2026-05-03,策略13,1590,1455.0,bull
2026-05-03,策略13,5386,379.0,bull
2026-05-03,策略13,3051,28.350000381469727,bull
2026-05-03,策略13,9136,12.149999618530273,bull
2026-05-03,策略13,3031,31.549999237060547,bull
2026-05-03,策略13,00994A,16.81999969482422,bull
2026-05-03,策略13,00987A,16.459999084472656,bull
2026-05-03,策略13,3680,537.0,bull
2026-05-03,策略13,2465,74.0,bull
2026-05-03,策略13,00947,31.09000015258789,bull
2026-05-03,策略13,6669,4675.0,bull
2026-05-03,策略13,4967,281.0,bull
2026-05-03,策略13,2399,42.45000076293945,bull
2026-05-03,策略13,7769,4945.0,bull
2026-05-03,策略13,1721,24.200000762939453,bull
2026-05-03,策略13,00990A,15.880000114440918,bull
2026-05-03,策略13,3028,68.30000305175781,bull
2026-05-03,策略13,00830,72.1500015258789,bull
2026-05-03,策略13,00911,48.29999923706055,bull
2026-05-03,策略13,6761,218.0,bull
2026-05-03,策略13,00992A,17.3799991607666,bull
2026-05-03,策略13,3135,141.5,bull
2026-05-03,策略13,2233,300.0,bull
2026-05-03,策略13,6488,580.0,bull
2026-05-03,策略13,2049,312.5,bull
2026-05-03,策略13,00670L,177.64999389648438,bull
2026-05-03,策略13,3707,66.19999694824219,bull
2026-05-03,策略13,8028,245.0,bull
2026-05-03,策略14,6278,168.0,bull
2026-05-03,策略14,4949,105.5,bull
2026-05-03,策略14,6531,840.0,bull
2026-05-03,策略15,2355,51.20000076293945,bull
2026-05-03,策略16,2374,78.4000015258789,bull
2026-05-03,策略16,4526,36.75,bull
2026-05-03,策略16,3707,66.19999694824219,bull
2026-05-03,策略16,3615,31.850000381469727,bull
2026-05-03,策略16,6215,111.0,bull
2026-05-03,策略16,2449,302.5,bull
2026-05-03,策略16,6706,151.5,bull
2026-05-03,策略16,3059,40.29999923706055,bull
2026-05-03,策略17,00936,18.940000534057617,bull
2026-05-03,策略17,00733,64.4000015258789,bull
2026-05-03,策略17,00926,24.399999618530273,bull
2026-05-03,策略17,5864,28.5,bull
2026-05-03,策略17,00639,17.219999313354492,bull
2026-05-03,策略17,00938,20.260000228881836,bull
2026-05-03,策略17,009800,11.9399995803833,bull
2026-05-03,策略17,6197,208.0,bull
2026-05-03,策略19,6218,41.150001525878906,bull
2026-05-03,策略19,2467,609.0,bull
2026-05-03,策略19,2417,47.150001525878906,bull
2026-05-03,策略19,4949,105.5,bull
2026-05-03,策略19,3167,861.0,bull
2026-05-03,策略19,4766,358.5,bull
2026-05-03,策略19,6207,64.5,bull
2026-05-03,策略19,3532,189.0,bull
2026-05-03,策略19,6830,850.0,bull
2026-05-03,策略19,4526,36.75,bull
2026-05-03,策略19,1591,64.9000015258789,bull
2026-05-03,策略19,5443,129.5,bull
2026-05-03,策略19,3709,82.5,bull
2026-05-03,策略19,2855,35.599998474121094,bull
2026-05-03,策略19,6706,151.5,bull
2026-05-03,策略19,3498,87.69999694824219,bull
2026-05-03,策略19,6197,208.0,bull
2026-05-03,策略19,2455,347.5,bull
2026-05-03,策略19,6903,412.5,bull
2026-05-03,策略19,4543,38.5,bull
2026-05-03,策略19,6937,331.0,bull
2026-05-03,策略19,00733,64.4000015258789,bull
2026-05-03,策略19,8091,192.0,bull
2026-05-03,策略19,00642U,33.150001525878906,bull
2026-05-03,策略19,00945B,14.479999542236328,bull
2026-05-03,策略19,2303,77.30000305175781,bull
2026-05-03,策略19,8027,193.5,bull
2026-05-03,策略20,1591,64.9000015258789,bull
2026-05-03,策略20,2542,40.150001525878906,bull
2026-05-03,策略20,5386,379.0,bull
2026-05-03,策略20,6903,412.5,bull
2026-05-03,策略20,8996,1250.0,bull
2026-05-03,策略20,4743,53.20000076293945,bull
2026-05-03,策略20,3057,20.149999618530273,bull
2026-05-03,策略20,2072,185.0,bull
2026-05-03,策略20,6446,661.0,bull
2026-05-03,策略20,8091,192.0,bull
2026-05-03,策略20,6125,55.79999923706055,bull
2026-05-03,策略20,6215,111.0,bull
2026-05-03,策略20,8374,84.30000305175781,bull
2026-05-03,策略20,3689,134.0,bull
2026-05-03,策略20,4991,676.0,bull
2026-05-03,策略20,4510,47.0,bull
2026-05-03,策略20,2449,302.5,bull
2026-05-03,策略20,6117,88.0999984741211,bull
2026-05-03,策略20,1560,540.0,bull
2026-05-03,策略25,00919,23.649999618530273,bull
2026-05-03,策略25,00944,17.149999618530273,bull
2026-05-03,策略25,00733,64.4000015258789,bull
2026-05-03,策略25,00712,9.0600004196167,bull
2026-05-03,策略25,2855,35.599998474121094,bull
2026-05-03,策略25,2356,45.900001525878906,bull
2026-05-03,策略25,00882,15.770000457763672,bull
2026-05-03,策略25,3033,35.75,bull
2026-05-03,策略25,2317,219.5,bull
2026-05-03,策略25,2455,347.5,bull
2026-05-03,策略25,00941,23.65999984741211,bull
2026-05-03,策略25,2301,166.0,bull
2026-05-03,策略25,4749,1005.0,bull
2026-05-03,策略25,3023,283.5,bull
2026-05-03,策略25,6525,92.4000015258789,bull
2026-05-03,策略25,6488,580.0,bull
2026-05-03,策略25,6189,47.95000076293945,bull
2026-05-03,策略25,1536,51.5,bull
2026-05-03,策略25,3356,54.0,bull
2026-05-03,策略25,009805,16.420000076293945,bull
2026-05-03,策略25,8028,245.0,bull
2026-05-03,策略25,4720,26.399999618530273,bull
2026-05-03,策略25,8255,136.0,bull
2026-05-03,策略25,7769,4945.0,bull
2026-05-03,策略25,00939,16.84000015258789,bull
2026-05-03,策略25,00731,72.55000305175781,bull
2026-05-03,策略25,00701,30.09000015258789,bull
2026-05-03,策略25,00885,18.770000457763672,bull
2026-05-03,策略25,00965,25.639999389648438,bull
2026-05-03,策略25,00938,20.260000228881836,bull
2026-05-03,策略25,00940,10.34000015258789,bull
2026-05-03,策略25,00932,15.8100004196167,bull
2026-05-03,策略25,00946,11.65999984741211,bull
2026-05-03,策略25,00961,10.239999771118164,bull
2026-05-03,策略25,00918,23.34000015258789,bull
2026-05-03,策略25,00936,18.940000534057617,bull
2026-05-03,策略25,6217,278.0,bull
2026-05-03,策略25,00915,24.81999969482422,bull
2026-05-03,策略25,2395,359.5,bull
2026-05-03,策略25,8064,104.0,bull
2026-05-03,策略25,3169,103.0,bull
2026-05-03,策略25,6805,2070.0,bull
2026-05-03,策略25,3709,82.5,bull
2026-05-03,策略25,4931,159.0,bull
2026-05-03,策略25,3029,102.0,bull
2026-05-03,策略25,3324,1140.0,bull
2026-05-03,策略25,2881,90.0,bull
2026-05-03,策略25,00981T,11.600000381469727,bull
2026-05-03,策略25,8937,37.5,bull
2026-05-03,策略25,2883,21.5,bull
2026-05-03,策略25,00943,17.40999984741211,bull
2026-05-03,策略25,7610,640.0,bull
2026-05-03,策略25,3339,54.79999923706055,bull
2026-05-03,策略25,3529,3895.0,bull
2026-05-03,策略25,00934,23.40999984741211,bull
2026-05-03,策略25,00909,41.43000030517578,bull
2026-05-03,策略25,3227,207.5,bull
2026-05-03,策略25,2449,302.5,bull
2026-05-03,策略25,3044,448.5,bull
2026-05-03,策略25,2337,154.0,bull
2026-05-03,策略25,6233,28.25,bull
2026-05-03,策略25,6190,69.80000305175781,bull
2026-05-03,策略25,6435,193.0,bull
2026-05-03,策略25,8016,230.0,bull
2026-05-03,策略25,4542,199.0,bull
2026-05-03,策略25,5443,129.5,bull
2026-05-03,策略25,3162,73.19999694824219,bull
2026-05-03,策略25,6446,661.0,bull
2026-05-03,策略25,3152,171.0,bull
2026-05-03,策略25,00642U,33.150001525878906,bull
2026-05-03,策略25,6245,80.0999984741211,bull
2026-05-03,策略25,6117,88.0999984741211,bull
2026-05-03,策略25,8271,220.0,bull
2026-05-03,策略25,7795,403.0,bull
2026-05-03,策略25,6108,19.100000381469727,bull
2026-05-03,策略25,00945B,14.479999542236328,bull
2026-05-03,策略25,00981D,10.369999885559082,bull
2026-05-03,策略25,1326,52.29999923706055,bull
2026-05-03,策略25,1514,110.0,bull
2026-05-03,策略25,3048,38.150001525878906,bull
2026-05-03,策略25,5234,444.5,bull
2026-05-03,策略25,6129,16.850000381469727,bull
2026-05-03,策略25,3653,5380.0,bull
2026-05-03,策略25,3533,2615.0,bull
2026-05-03,策略25,1570,37.650001525878906,bull
2026-05-03,策略25,1301,51.5,bull
2026-05-03,策略25,6187,1210.0,bull
2026-05-03,策略25,5425,62.79999923706055,bull
2026-05-03,策略25,1342,92.0,bull
2026-05-03,策略25,6215,111.0,bull
2026-05-03,策略25,3675,217.0,bull
2026-05-03,策略25,9105,5.860000133514404,bull
2026-05-03,策略25,00852L,30.329999923706055,bull
2026-05-03,策略25,00954,16.459999084472656,bull
2026-05-03,策略25,00951,15.460000038146973,bull
2026-05-03,策略25,00917,21.6200008392334,bull
2026-05-03,策略25,2376,273.0,bull
2026-05-03,策略25,2393,71.0999984741211,bull
2026-05-03,策略25,2417,47.150001525878906,bull
2026-05-03,策略25,00986A,13.520000457763672,bull
2026-05-03,策略25,3035,168.0,bull
2026-05-03,策略25,3042,153.0,bull
2026-05-03,策略25,2637,71.69999694824219,bull
2026-05-03,策略25,2497,55.099998474121094,bull
2026-05-03,策略25,2476,117.0,bull
2026-05-03,策略25,2444,13.350000381469727,bull
2026-05-03,策略25,2401,24.100000381469727,bull
2026-05-03,策略25,1721,24.200000762939453,bull
2026-05-03,策略25,2327,317.0,bull
2026-05-03,策略25,1773,167.0,bull
2026-05-03,策略25,1560,540.0,bull
2026-05-03,策略25,2359,119.0,bull
2026-05-03,策略25,3231,137.0,bull
2026-05-03,策略25,3057,20.149999618530273,bull
2026-05-03,策略25,3490,30.5,bull
2026-05-03,策略25,3707,66.19999694824219,bull
2026-05-03,策略25,6138,235.5,bull
2026-05-03,策略25,5871,115.5,bull
2026-05-03,策略25,5483,134.0,bull
2026-05-03,策略25,5236,163.5,bull
2026-05-03,策略25,4991,676.0,bull
2026-05-03,策略25,3406,509.0,bull
2026-05-03,策略25,6173,85.69999694824219,bull
2026-05-03,策略25,6197,208.0,bull
2026-05-03,策略25,6423,109.5,bull
2026-05-03,策略25,6151,35.650001525878906,bull
2026-05-03,策略25,6146,221.0,bull
2026-05-03,策略25,6937,331.0,bull
2026-05-03,策略25,6903,412.5,bull
2026-05-03,策略25,6526,551.0,bull
2026-05-03,策略25,8091,192.0,bull
2026-05-03,策略25,8289,45.349998474121094,bull
2026-05-03,策略29,4576,222.0,bull
2026-05-03,策略29,2417,47.150001525878906,bull
2026-05-03,策略29,3167,861.0,bull
2026-05-03,策略29,5443,129.5,bull
2026-05-03,策略29,4949,105.5,bull
2026-05-03,策略29,6207,64.5,bull
2026-05-03,策略29,6218,41.150001525878906,bull
2026-05-03,策略29,6695,46.5,bull
2026-05-03,策略29,3680,537.0,bull
2026-05-03,策略29,6197,208.0,bull
2026-05-03,策略29,3707,66.19999694824219,bull
2026-05-03,策略29,3088,108.0,bull
2026-05-03,策略29,2328,49.54999923706055,bull
2026-05-03,策略29,2465,74.0,bull
2026-05-03,策略29,2374,78.4000015258789,bull
2026-05-03,策略29,4526,36.75,bull
2026-05-03,策略29,2467,609.0,bull
2026-05-03,策略29,00733,64.4000015258789,bull
2026-05-03,策略31,00936,18.940000534057617,bull
2026-05-03,策略38,6218,41.150001525878906,bull
2026-05-03,策略38,2467,609.0,bull
2026-05-03,策略38,5443,129.5,bull
2026-05-03,策略38,4991,676.0,bull
2026-05-03,策略38,4526,36.75,bull
2026-05-03,策略38,3498,87.69999694824219,bull
2026-05-03,策略38,2328,49.54999923706055,bull
2026-05-03,策略38,6215,111.0,bull
2026-05-03,策略38,3580,85.9000015258789,bull
2026-05-03,策略38,8234,66.9000015258789,bull
2026-05-03,策略38,2449,302.5,bull
2026-05-03,策略39,3680,537.0,bull
2026-05-03,策略39,3498,87.69999694824219,bull
2026-05-03,策略39,4749,1005.0,bull
2026-05-03,策略39,4542,199.0,bull
2026-05-03,策略39,3580,85.9000015258789,bull
2026-05-03,策略39,5269,1365.0,bull
2026-05-03,策略39,4543,38.5,bull
2026-05-03,策略39,1591,64.9000015258789,bull
2026-05-03,策略39,8255,136.0,bull
2026-05-03,策略39,8121,28.5,bull
2026-05-03,策略39,8091,192.0,bull
2026-05-03,策略39,6118,17.850000381469727,bull
2026-05-03,策略40,2034,21.299999237060547,bull
2026-05-03,策略40,3135,141.5,bull
2026-05-04,策略1,00878,25.389999389648438,bull
2026-05-04,策略1,00992A,17.3799991607666,bull
2026-05-04,策略1,1301,51.5,bull
2026-05-04,策略1,6505,56.400001525878906,bull
2026-05-04,策略1,0056,40.900001525878906,bull
2026-05-04,策略1,00993A,12.770000457763672,bull
2026-05-04,策略1,00900,15.399999618530273,bull
2026-05-04,策略1,00988A,17.040000915527344,bull
2026-05-04,策略1,1711,56.5,bull
2026-05-04,策略1,00888,26.709999084472656,bull
2026-05-04,策略1,6706,151.5,bull
2026-05-04,策略1,00981D,10.369999885559082,bull
2026-05-04,策略1,00922,33.81999969482422,bull
2026-05-04,策略1,00984A,14.170000076293945,bull
2026-05-04,策略1,00902,16.940000534057617,bull
2026-05-04,策略1,6016,19.450000762939453,bull
2026-05-04,策略1,8358,388.5,bull
2026-05-04,策略1,00987A,16.459999084472656,bull
2026-05-04,策略1,00719B,30.989999771118164,bull
2026-05-04,策略1,00715L,74.1500015258789,bull
2026-05-04,策略1,2436,72.69999694824219,bull
2026-05-04,策略1,00995A,16.110000610351562,bull
2026-05-04,策略1,00864B,46.5099983215332,bull
2026-05-04,策略1,6015,14.199999809265137,bull
2026-05-04,策略1,3498,87.69999694824219,bull
2026-05-04,策略1,1560,540.0,bull
2026-05-04,策略1,5864,28.5,bull
2026-05-04,策略1,3680,537.0,bull
2026-05-04,策略1,00989A,15.720000267028809,bull
2026-05-04,策略1,6197,208.0,bull
2026-05-04,策略1,6274,1010.0,bull
2026-05-04,策略1,6414,322.0,bull
2026-05-04,策略1,3661,4135.0,bull
2026-05-04,策略1,00904,34.939998626708984,bull
2026-05-04,策略1,00994A,16.81999969482422,bull
2026-05-04,策略1,6442,2110.0,bull
2026-05-04,策略1,00923,35.400001525878906,bull
2026-05-04,策略1,00892,38.189998626708984,bull
2026-05-04,策略1,6446,661.0,bull
2026-05-04,策略1,00770,58.95000076293945,bull
2026-05-04,策略1,2342,33.599998474121094,bull
2026-05-04,策略1,00636,28.31999969482422,bull
2026-05-04,策略1,8271,220.0,bull
2026-05-04,策略1,6125,55.79999923706055,bull
2026-05-04,策略1,4908,214.0,bull
2026-05-04,策略1,00938,20.260000228881836,bull
2026-05-04,策略1,3665,2770.0,bull
2026-05-04,策略1,6217,278.0,bull
2026-05-04,策略1,4979,609.0,bull
2026-05-04,策略1,4543,38.5,bull
2026-05-04,策略1,4949,105.5,bull
2026-05-04,策略1,00952,16.049999237060547,bull
2026-05-04,策略1,1591,64.9000015258789,bull
2026-05-04,策略1,5236,163.5,bull
2026-05-04,策略1,009804,19.489999771118164,bull
2026-05-04,策略1,3228,198.0,bull
2026-05-04,策略1,8091,192.0,bull
2026-05-04,策略1,5302,11.100000381469727,bull
2026-05-04,策略1,8121,28.5,bull
2026-05-04,策略1,7610,640.0,bull
2026-05-04,策略1,3229,40.04999923706055,bull
2026-05-04,策略1,00670L,177.64999389648438,bull
2026-05-04,策略1,00674R,27.18000030517578,bull
2026-05-04,策略1,1568,28.5,bull
2026-05-04,策略1,00920,26.079999923706055,bull
2026-05-04,策略1,00962,12.279999732971191,bull
2026-05-04,策略2,00888,26.709999084472656,bull
2026-05-04,策略2,00981D,10.369999885559082,bull
2026-05-04,策略2,3711,478.0,bull
2026-05-04,策略2,6016,19.450000762939453,bull
2026-05-04,策略2,8358,388.5,bull
2026-05-04,策略2,00719B,30.989999771118164,bull
2026-05-04,策略2,00864B,46.5099983215332,bull
2026-05-04,策略2,6015,14.199999809265137,bull
2026-05-04,策略2,3498,87.69999694824219,bull
2026-05-04,策略2,5864,28.5,bull
2026-05-04,策略2,3680,537.0,bull
2026-05-04,策略2,8046,1005.0,bull
2026-05-04,策略2,6274,1010.0,bull
2026-05-04,策略2,8028,245.0,bull
2026-05-04,策略2,1612,35.650001525878906,bull
2026-05-04,策略2,6189,47.95000076293945,bull
2026-05-04,策略2,6125,55.79999923706055,bull
2026-05-04,策略2,4908,214.0,bull
2026-05-04,策略2,2308,2165.0,bull
2026-05-04,策略2,2204,54.099998474121094,bull
2026-05-04,策略2,6217,278.0,bull
2026-05-04,策略2,4746,54.099998474121094,bull
2026-05-04,策略2,4979,609.0,bull
2026-05-04,策略2,4543,38.5,bull
2026-05-04,策略2,2360,2120.0,bull
2026-05-04,策略2,5534,77.80000305175781,bull
2026-05-04,策略2,9802,77.5,bull
2026-05-04,策略2,1591,64.9000015258789,bull
2026-05-04,策略2,5236,163.5,bull
2026-05-04,策略2,3228,198.0,bull
2026-05-04,策略2,8091,192.0,bull
2026-05-04,策略2,5302,11.100000381469727,bull
2026-05-04,策略2,3533,2615.0,bull
2026-05-04,策略2,8121,28.5,bull
2026-05-04,策略3,3680,537.0,bull
2026-05-04,策略3,2049,312.5,bull
2026-05-04,策略3,5269,1365.0,bull
2026-05-04,策略3,4749,1005.0,bull
2026-05-04,策略3,5236,163.5,bull
2026-05-04,策略3,6679,286.0,bull
2026-05-04,策略4,4951,119.0,bull
2026-05-04,策略4,2328,49.54999923706055,bull
2026-05-04,策略4,6207,64.5,bull
2026-05-04,策略4,2233,300.0,bull
2026-05-04,策略4,3707,66.19999694824219,bull
2026-05-04,策略4,4540,68.5,bull
2026-05-04,策略4,2486,270.5,bull
2026-05-04,策略4,5443,129.5,bull
2026-05-04,策略4,6485,87.5999984741211,bull
2026-05-04,策略4,2465,74.0,bull
2026-05-04,策略4,3680,537.0,bull
2026-05-04,策略5,00955,15.140000343322754,bull
2026-05-04,策略5,00857B,23.200000762939453,bull
2026-05-04,策略5,00687B,27.860000610351562,bull
2026-05-04,策略5,00679B,26.81999969482422,bull
2026-05-04,策略5,00931B,13.4399995803833,bull
2026-05-04,策略5,00764B,27.850000381469727,bull
2026-05-04,策略5,00795B,27.06999969482422,bull
2026-05-04,策略5,1218,18.950000762939453,bull
2026-05-04,策略5,1305,14.850000381469727,bull
2026-05-04,策略5,1304,14.350000381469727,bull
2026-05-04,策略5,00960,17.15999984741211,bull
2026-05-04,策略5,00985B,10.25,bull
2026-05-04,策略5,5484,39.0,bull
2026-05-04,策略5,00945B,14.479999542236328,bull
2026-05-04,策略5,00719B,30.989999771118164,bull
2026-05-04,策略5,1309,20.799999237060547,bull
2026-05-04,策略5,00669R,5.659999847412109,bull
2026-05-04,策略5,4105,74.19999694824219,bull
2026-05-04,策略5,2031,40.650001525878906,bull
2026-05-04,策略5,00865B,48.060001373291016,bull
2026-05-04,策略5,2027,37.70000076293945,bull
2026-05-04,策略6,6485,87.5999984741211,bull
2026-05-04,策略7,1591,64.9000015258789,bull
2026-05-04,策略7,2542,40.150001525878906,bull
2026-05-04,策略7,8937,37.5,bull
2026-05-04,策略7,2408,215.5,bull
2026-05-04,策略7,5386,379.0,bull
2026-05-04,策略7,6265,39.79999923706055,bull
2026-05-04,策略7,5289,1245.0,bull
2026-05-04,策略7,2451,252.5,bull
2026-05-04,策略7,6903,412.5,bull
2026-05-04,策略7,6735,121.5,bull
2026-05-04,策略7,8271,220.0,bull
2026-05-04,策略7,8299,1900.0,bull
2026-05-04,策略7,3006,169.5,bull
2026-05-04,策略7,3167,861.0,bull
2026-05-04,策略7,3135,141.5,bull
2026-05-04,策略7,5302,11.100000381469727,bull
2026-05-04,策略7,4967,281.0,bull
2026-05-04,策略7,6531,840.0,bull
2026-05-04,策略7,3017,2835.0,bull
2026-05-04,策略7,7769,4945.0,bull
2026-05-04,策略7,2337,154.0,bull
2026-05-04,策略7,2374,78.4000015258789,bull
2026-05-04,策略7,3324,1140.0,bull
2026-05-04,策略7,2344,89.80000305175781,bull
2026-05-04,策略7,2465,74.0,bull
2026-05-04,策略7,4577,165.0,bull
2026-05-04,策略7,4540,68.5,bull
2026-05-04,策略7,3229,40.04999923706055,bull
2026-05-04,策略7,6274,1010.0,bull
2026-05-04,策略7,2885,52.20000076293945,bull
2026-05-04,策略7,2388,78.5999984741211,bull
2026-05-04,策略7,2236,132.0,bull
2026-05-04,策略7,5443,129.5,bull
2026-05-04,策略7,6234,52.79999923706055,bull
2026-05-04,策略7,6658,149.5,bull
2026-05-04,策略7,5536,825.0,bull
2026-05-04,策略7,2383,4545.0,bull
2026-05-04,策略7,6823,96.80000305175781,bull
2026-05-04,策略7,8227,153.0,bull
2026-05-04,策略7,6861,328.0,bull
2026-05-04,策略7,4764,258.0,bull
2026-05-04,策略7,4576,222.0,bull
2026-05-04,策略7,4543,38.5,bull
2026-05-04,策略7,6716,82.19999694824219,bull
2026-05-04,策略7,2317,219.5,bull
2026-05-04,策略7,2345,2280.0,bull
2026-05-04,策略7,4949,105.5,bull
2026-05-04,策略7,5236,163.5,bull
2026-05-04,策略7,1570,37.650001525878906,bull
2026-05-04,策略7,5269,1365.0,bull
2026-05-04,策略7,3581,179.5,bull
2026-05-04,策略7,8046,1005.0,bull
2026-05-04,策略7,2059,3910.0,bull
2026-05-04,策略7,1597,143.5,bull
2026-05-04,策略7,2308,2165.0,bull
2026-05-04,策略7,4931,159.0,bull
2026-05-04,策略7,2449,302.5,bull
2026-05-04,策略7,3483,92.80000305175781,bull
2026-05-04,策略7,8131,60.79999923706055,bull
2026-05-04,策略7,3443,4260.0,bull
2026-05-04,策略7,6672,219.0,bull
2026-05-04,策略7,4749,1005.0,bull
2026-05-04,策略7,4542,199.0,bull
2026-05-04,策略7,6117,88.0999984741211,bull
2026-05-04,策略7,3088,108.0,bull
2026-05-04,策略7,2429,52.099998474121094,bull
2026-05-04,策略7,8016,230.0,bull
2026-05-04,策略7,3588,61.20000076293945,bull
2026-05-04,策略7,1711,56.5,bull
2026-05-04,策略7,8064,104.0,bull
2026-05-04,策略7,1568,28.5,bull
2026-05-04,策略7,3264,195.0,bull
2026-05-04,策略7,2436,72.69999694824219,bull
2026-05-04,策略7,8103,125.0,bull
2026-05-04,策略7,8028,245.0,bull
2026-05-04,策略7,4720,26.399999618530273,bull
2026-05-04,策略7,2027,37.70000076293945,bull
2026-05-04,策略7,3189,528.0,bull
2026-05-04,策略7,3044,448.5,bull
2026-05-04,策略7,2301,166.0,bull
2026-05-04,策略7,3533,2615.0,bull
2026-05-04,策略7,3709,82.5,bull
2026-05-04,策略7,3037,883.0,bull
2026-05-04,策略7,3390,25.350000381469727,bull
2026-05-04,策略7,6664,464.5,bull
2026-05-04,策略7,2070,59.0,bull
2026-05-04,策略7,6108,19.100000381469727,bull
2026-05-04,策略7,3707,66.19999694824219,bull
2026-05-04,策略7,3665,2770.0,bull
2026-05-04,策略7,1326,52.29999923706055,bull
2026-05-04,策略7,3016,89.69999694824219,bull
2026-05-04,策略8,00888,26.709999084472656,bull
2026-05-04,策略8,009814,10.5,bull
2026-05-04,策略8,6015,14.199999809265137,bull
2026-05-04,策略8,4908,214.0,bull
2026-05-04,策略8,3498,87.69999694824219,bull
2026-05-04,策略9,8046,1005.0,bull
2026-05-04,策略9,3037,883.0,bull
2026-05-04,策略9,6861,328.0,bull
2026-05-04,策略9,5269,1365.0,bull
2026-05-04,策略9,4958,421.0,bull
2026-05-04,策略9,3680,537.0,bull
2026-05-04,策略9,6658,149.5,bull
2026-05-04,策略9,3526,330.0,bull
2026-05-04,策略9,2233,300.0,bull
2026-05-04,策略9,3581,179.5,bull
2026-05-04,策略9,4764,258.0,bull
2026-05-04,策略9,4951,119.0,bull
2026-05-04,策略9,2464,113.5,bull
2026-05-04,策略9,4908,214.0,bull
2026-05-04,策略9,8027,193.5,bull
2026-05-04,策略9,3016,89.69999694824219,bull
2026-05-04,策略9,6278,168.0,bull
2026-05-04,策略9,8358,388.5,bull
2026-05-04,策略9,2072,185.0,bull
2026-05-04,策略9,1597,143.5,bull
2026-05-04,策略9,3605,87.0999984741211,bull
2026-05-04,策略9,6823,96.80000305175781,bull
2026-05-04,策略9,1595,72.80000305175781,bull
2026-05-04,策略9,2449,302.5,bull
2026-05-04,策略9,6197,208.0,bull
2026-05-04,策略9,4542,199.0,bull
2026-05-04,策略9,6234,52.79999923706055,bull
2026-05-04,策略9,00715L,74.1500015258789,bull
2026-05-04,策略9,8064,104.0,bull
2026-05-04,策略9,4540,68.5,bull
2026-05-04,策略9,6446,661.0,bull
2026-05-04,策略9,6405,50.900001525878906,bull
2026-05-04,策略9,4576,222.0,bull
2026-05-04,策略9,3707,66.19999694824219,bull
2026-05-04,策略9,2388,78.5999984741211,bull
2026-05-04,策略9,6485,87.5999984741211,bull
2026-05-04,策略9,2465,74.0,bull
2026-05-04,策略9,6215,111.0,bull
2026-05-04,策略9,2359,119.0,bull
2026-05-04,策略9,8255,136.0,bull
2026-05-04,策略9,3088,108.0,bull
2026-05-04,策略9,3051,28.350000381469727,bull
2026-05-04,策略9,8374,84.30000305175781,bull
2026-05-04,策略9,2374,78.4000015258789,bull
2026-05-04,策略9,8234,66.9000015258789,bull
2026-05-04,策略9,4949,105.5,bull
2026-05-04,策略9,6873,89.19999694824219,bull
2026-05-04,策略9,3029,102.0,bull
2026-05-04,策略9,6165,53.099998474121094,bull
2026-05-04,策略9,6207,64.5,bull
2026-05-04,策略9,2542,40.150001525878906,bull
2026-05-04,策略9,3149,47.29999923706055,bull
2026-05-04,策略9,6695,46.5,bull
2026-05-04,策略9,6761,218.0,bull
2026-05-04,策略9,2328,49.54999923706055,bull
2026-05-04,策略9,5443,129.5,bull
2026-05-04,策略9,2881,90.0,bull
2026-05-04,策略9,2882,77.19999694824219,bull
2026-05-04,策略9,8074,80.30000305175781,bull
2026-05-04,策略9,5425,62.79999923706055,bull
2026-05-04,策略9,6757,49.650001525878906,bull
2026-05-04,策略9,1536,51.5,bull
2026-05-04,策略9,5864,28.5,bull
2026-05-04,策略9,9802,77.5,bull
2026-05-04,策略9,2342,33.599998474121094,bull
2026-05-04,策略9,4562,35.849998474121094,bull
2026-05-04,策略9,3032,64.0,bull
2026-05-04,策略9,2417,47.150001525878906,bull
2026-05-04,策略9,2440,18.25,bull
2026-05-04,策略9,00642U,33.150001525878906,bull
2026-05-04,策略9,6173,85.69999694824219,bull
2026-05-04,策略9,6125,55.79999923706055,bull
2026-05-04,策略9,4766,358.5,bull
2026-05-04,策略9,8121,28.5,bull
2026-05-04,策略9,6218,41.150001525878906,bull
2026-05-04,策略9,4105,74.19999694824219,bull
2026-05-04,策略9,6505,56.400001525878906,bull
2026-05-04,策略9,4526,36.75,bull
2026-05-04,策略9,5278,23.649999618530273,bull
2026-05-04,策略9,6706,151.5,bull
2026-05-04,策略9,1708,41.79999923706055,bull
2026-05-04,策略9,6015,14.199999809265137,bull
2026-05-04,策略9,00902,16.940000534057617,bull
2026-05-04,策略9,4743,53.20000076293945,bull
2026-05-04,策略9,2603,202.0,bull
2026-05-04,策略9,2034,21.299999237060547,bull
2026-05-04,策略9,2915,44.650001525878906,bull
2026-05-04,策略9,3356,54.0,bull
2026-05-04,策略9,5498,73.9000015258789,bull
2026-05-04,策略9,2027,37.70000076293945,bull
2026-05-04,策略9,1326,52.29999923706055,bull
2026-05-04,策略9,2883,21.5,bull
2026-05-04,策略9,2103,19.649999618530273,bull
2026-05-04,策略9,2204,54.099998474121094,bull
2026-05-04,策略9,3490,30.5,bull
2026-05-04,策略9,1612,35.650001525878906,bull
2026-05-04,策略9,2892,28.850000381469727,bull
2026-05-04,策略9,3550,21.299999237060547,bull
2026-05-04,策略9,00882,15.770000457763672,bull
2026-05-04,策略9,00641R,4.090000152587891,bull
2026-05-04,策略9,00733,64.4000015258789,bull
2026-05-04,策略9,1307,31.700000762939453,bull
2026-05-04,策略9,6499,83.69999694824219,bull
2026-05-04,策略9,00865B,48.060001373291016,bull
2026-05-04,策略10,2101,33.45000076293945,bull
2026-05-04,策略10,2641,17.149999618530273,bull
2026-05-04,策略10,4157,10.0,bull
2026-05-04,策略10,1304,14.350000381469727,bull
2026-05-04,策略10,2528,22.5,bull
2026-05-04,策略10,2442,18.25,bull
2026-05-04,策略10,00632R,11.979999542236328,bull
2026-05-04,策略10,1305,14.850000381469727,bull
2026-05-04,策略10,00676R,6.610000133514404,bull
2026-05-04,策略10,00664R,1.940000057220459,bull
2026-05-04,策略10,2511,7.989999771118164,bull
2026-05-04,策略10,1434,15.899999618530273,bull
2026-05-04,策略10,9103,4.690000057220459,bull
2026-05-04,策略10,00988B,19.899999618530273,bull
2026-05-04,策略10,2646,20.25,bull
2026-05-04,策略10,7821,47.70000076293945,bull
2026-05-04,策略10,00686R,1.190000057220459,bull
2026-05-04,策略10,7721,78.0999984741211,bull
2026-05-04,策略10,6499,83.69999694824219,bull
2026-05-04,策略10,6133,22.0,bull
2026-05-04,策略10,00942B,14.279999732971191,bull
2026-05-04,策略10,2014,17.600000381469727,bull
2026-05-04,策略10,1524,28.149999618530273,bull
2026-05-04,策略10,2605,34.70000076293945,bull
2026-05-04,策略10,6640,1460.0,bull
2026-05-04,策略10,9914,57.900001525878906,bull
2026-05-04,策略10,00960,17.15999984741211,bull
2026-05-04,策略10,2915,44.650001525878906,bull
2026-05-04,策略10,3615,31.850000381469727,bull
2026-05-04,策略10,00648R,4.210000038146973,bull
2026-05-04,策略10,8390,85.4000015258789,bull
2026-05-04,策略10,6442,2110.0,bull
2026-05-04,策略10,8936,50.099998474121094,bull
2026-05-04,策略10,4743,53.20000076293945,bull
2026-05-04,策略10,2614,20.200000762939453,bull
2026-05-04,策略10,8086,144.0,bull
2026-05-04,策略10,5484,39.0,bull
2026-05-04,策略10,5534,77.80000305175781,bull
2026-05-04,策略10,3498,87.69999694824219,bull
2026-05-04,策略10,6547,49.349998474121094,bull
2026-05-04,策略10,1309,20.799999237060547,bull
2026-05-04,策略10,1528,28.799999237060547,bull
2026-05-04,策略10,2072,185.0,bull
2026-05-04,策略10,8234,66.9000015258789,bull
2026-05-04,策略10,2313,244.5,bull
2026-05-04,策略10,6830,850.0,bull
2026-05-04,策略10,2204,54.099998474121094,bull
2026-05-04,策略10,5009,32.20000076293945,bull
2026-05-04,策略10,2302,18.700000762939453,bull
2026-05-04,策略10,8091,192.0,bull
2026-05-04,策略10,00955,15.140000343322754,bull
2026-05-04,策略10,00981D,10.369999885559082,bull
2026-05-04,策略11,1595,72.80000305175781,bull
2026-05-04,策略11,4951,119.0,bull
2026-05-04,策略11,4576,222.0,bull
2026-05-04,策略11,3037,883.0,bull
2026-05-04,策略11,00936,18.940000534057617,bull
2026-05-04,策略11,00639,17.219999313354492,bull
2026-05-04,策略11,5864,28.5,bull
2026-05-04,策略11,009800,11.9399995803833,bull
2026-05-04,策略11,00662,110.44999694824219,bull
2026-05-04,策略11,6197,208.0,bull
2026-05-04,策略11,2233,300.0,bull
2026-05-04,策略11,3526,330.0,bull
2026-05-04,策略11,3088,108.0,bull
2026-05-04,策略11,4540,68.5,bull
2026-05-04,策略11,00938,20.260000228881836,bull
2026-05-04,策略11,5443,129.5,bull
2026-05-04,策略11,3680,537.0,bull
2026-05-04,策略11,009809,14.300000190734863,bull
2026-05-04,策略12,3703,20.75,bull
2026-05-04,策略12,2022,8.119999885559082,bull
2026-05-04,策略12,3717,19.5,bull
2026-05-04,策略12,00676R,6.610000133514404,bull
2026-05-04,策略12,6167,12.199999809265137,bull
2026-05-04,策略12,1316,11.0,bull
2026-05-04,策略12,4147,49.45000076293945,bull
2026-05-04,策略12,1604,22.899999618530273,bull
2026-05-04,策略12,00664R,1.940000057220459,bull
2026-05-04,策略12,8085,12.550000190734863,bull
2026-05-04,策略12,2528,22.5,bull
2026-05-04,策略12,2332,13.850000381469727,bull
2026-05-04,策略12,2442,18.25,bull
2026-05-04,策略12,2913,11.25,bull
2026-05-04,策略12,2836,11.850000381469727,bull
2026-05-04,策略12,9103,4.690000057220459,bull
2026-05-04,策略12,00648R,4.210000038146973,bull
2026-05-04,策略12,9910,70.0999984741211,bull
2026-05-04,策略12,1584,19.600000381469727,bull
2026-05-04,策略12,3036,204.0,bull
2026-05-04,策略12,1337,5.019999980926514,bull
2026-05-04,策略12,00967B,9.130000114440918,bull
2026-05-04,策略12,2461,16.850000381469727,bull
2026-05-04,策略12,2646,20.25,bull
2026-05-04,策略12,8404,16.799999237060547,bull
2026-05-04,策略12,2101,33.45000076293945,bull
2026-05-04,策略12,8415,33.70000076293945,bull
2026-05-04,策略12,00969B,8.289999961853027,bull
2026-05-04,策略12,00679B,26.81999969482422,bull
2026-05-04,策略12,1218,18.950000762939453,bull
2026-05-04,策略12,00942B,14.279999732971191,bull
2026-05-04,策略12,00948B,9.420000076293945,bull
2026-05-04,策略12,00983D,10.140000343322754,bull
2026-05-04,策略12,3481,23.950000762939453,bull
2026-05-04,策略12,00957B,13.430000305175781,bull
2026-05-04,策略12,00986D,14.84000015258789,bull
2026-05-04,策略12,9958,101.0,bull
2026-05-04,策略12,00862B,31.549999237060547,bull
2026-05-04,策略12,8096,89.19999694824219,bull
2026-05-04,策略12,1314,7.420000076293945,bull
2026-05-04,策略12,2014,17.600000381469727,bull
2026-05-04,策略12,6143,87.0999984741211,bull
2026-05-04,策略12,3047,14.649999618530273,bull
2026-05-04,策略12,1789,20.299999237060547,bull
2026-05-04,策略12,1477,211.5,bull
2026-05-04,策略12,6177,45.5,bull
2026-05-04,策略12,1323,20.299999237060547,bull
2026-05-04,策略12,2431,10.800000190734863,bull
2026-05-04,策略12,00907,14.399999618530273,bull
2026-05-04,策略12,1434,15.899999618530273,bull
2026-05-04,策略12,2010,24.75,bull
2026-05-04,策略12,00958B,9.239999771118164,bull
2026-05-04,策略12,6550,17.5,bull
2026-05-04,策略12,00985B,10.25,bull
2026-05-04,策略12,4306,13.199999809265137,bull
2026-05-04,策略12,6116,8.140000343322754,bull
2026-05-04,策略12,6142,8.850000381469727,bull
2026-05-04,策略12,3005,97.5999984741211,bull
2026-05-04,策略12,3294,30.5,bull
2026-05-04,策略12,2406,30.549999237060547,bull
2026-05-04,策略12,1710,13.0,bull
2026-05-04,策略12,00752,23.729999542236328,bull
2026-05-04,策略12,7828,1230.0,bull
2026-05-04,策略12,4123,39.0,bull
2026-05-04,策略12,3663,66.4000015258789,bull
2026-05-04,策略12,1210,53.400001525878906,bull
2026-05-04,策略12,9914,57.900001525878906,bull
2026-05-04,策略12,6994,63.900001525878906,bull
2026-05-04,策略12,7709,69.19999694824219,bull
2026-05-04,策略12,6112,45.70000076293945,bull
2026-05-04,策略12,00650L,17.329999923706055,bull
2026-05-04,策略12,2405,14.949999809265137,bull
2026-05-04,策略12,1524,28.149999618530273,bull
2026-05-04,策略12,2204,54.099998474121094,bull
2026-05-04,策略12,9939,111.5,bull
2026-05-04,策略12,2603,202.0,bull
2026-05-04,策略12,00865B,48.060001373291016,bull
2026-05-04,策略12,6443,35.349998474121094,bull
2026-05-04,策略12,6806,22.649999618530273,bull
2026-05-04,策略12,2027,37.70000076293945,bull
2026-05-04,策略12,2614,20.200000762939453,bull
2026-05-04,策略12,00665L,9.869999885559082,bull
2026-05-04,策略12,1723,78.30000305175781,bull
2026-05-04,策略12,6465,45.20000076293945,bull
2026-05-04,策略12,4416,12.850000381469727,bull
2026-05-04,策略12,7547,69.0,bull
2026-05-04,策略12,4763,42.29999923706055,bull
2026-05-04,策略12,2457,23.950000762939453,bull
2026-05-04,策略12,2481,101.0,bull
2026-05-04,策略12,6271,173.0,bull
2026-05-04,策略12,7712,113.0,bull
2026-05-04,策略12,2314,14.100000381469727,bull
2026-05-04,策略12,6890,156.5,bull
2026-05-04,策略12,3545,50.099998474121094,bull
2026-05-04,策略12,9802,77.5,bull
2026-05-04,策略13,4764,258.0,bull
2026-05-04,策略13,6735,121.5,bull
2026-05-04,策略13,6658,149.5,bull
2026-05-04,策略13,3229,40.04999923706055,bull
2026-05-04,策略13,3443,4260.0,bull
2026-05-04,策略13,6531,840.0,bull
2026-05-04,策略13,6789,576.0,bull
2026-05-04,策略13,6234,52.79999923706055,bull
2026-05-04,策略13,6278,168.0,bull
2026-05-04,策略13,6274,1010.0,bull
2026-05-04,策略13,6672,219.0,bull
2026-05-04,策略13,2454,2610.0,bull
2026-05-04,策略13,2383,4545.0,bull
2026-05-04,策略13,3016,89.69999694824219,bull
2026-05-04,策略13,6205,86.5,bull
2026-05-04,策略13,6217,278.0,bull
2026-05-04,策略13,1591,64.9000015258789,bull
2026-05-04,策略13,8271,220.0,bull
2026-05-04,策略13,6218,41.150001525878906,bull
2026-05-04,策略13,3189,528.0,bull
2026-05-04,策略13,6208,80.0,bull
2026-05-04,策略13,2464,113.5,bull
2026-05-04,策略13,3661,4135.0,bull
2026-05-04,策略13,6405,50.900001525878906,bull
2026-05-04,策略13,3518,32.79999923706055,bull
2026-05-04,策略13,2351,154.0,bull
2026-05-04,策略13,4577,165.0,bull
2026-05-04,策略13,3605,87.0999984741211,bull
2026-05-04,策略13,6823,96.80000305175781,bull
2026-05-04,策略13,3665,2770.0,bull
2026-05-04,策略13,4949,105.5,bull
2026-05-04,策略13,2070,59.0,bull
2026-05-04,策略13,6877,169.0,bull
2026-05-04,策略13,1711,56.5,bull
2026-05-04,策略13,6415,427.0,bull
2026-05-04,策略13,2345,2280.0,bull
2026-05-04,策略13,2388,78.5999984741211,bull
2026-05-04,策略13,4720,26.399999618530273,bull
2026-05-04,策略13,3228,198.0,bull
2026-05-04,策略13,6290,285.5,bull
2026-05-04,策略13,00663L,82.0,bull
2026-05-04,策略13,00675L,248.1999969482422,bull
2026-05-04,策略13,6903,412.5,bull
2026-05-04,策略13,5289,1245.0,bull
2026-05-04,策略13,5386,379.0,bull
2026-05-04,策略13,3051,28.350000381469727,bull
2026-05-04,策略13,00994A,16.81999969482422,bull
2026-05-04,策略13,00987A,16.459999084472656,bull
2026-05-04,策略13,3680,537.0,bull
2026-05-04,策略13,3017,2835.0,bull
2026-05-04,策略13,2465,74.0,bull
2026-05-04,策略13,00947,31.09000015258789,bull
2026-05-04,策略13,3653,5380.0,bull
2026-05-04,策略13,6669,4675.0,bull
2026-05-04,策略13,4967,281.0,bull
2026-05-04,策略13,2399,42.45000076293945,bull
2026-05-04,策略13,7769,4945.0,bull
2026-05-04,策略13,1721,24.200000762939453,bull
2026-05-04,策略13,00990A,15.880000114440918,bull
2026-05-04,策略13,00911,48.29999923706055,bull
2026-05-04,策略13,00830,72.1500015258789,bull
2026-05-04,策略13,6761,218.0,bull
2026-05-04,策略13,00992A,17.3799991607666,bull
2026-05-04,策略13,3135,141.5,bull
2026-05-04,策略13,2233,300.0,bull
2026-05-04,策略13,6488,580.0,bull
2026-05-04,策略13,2049,312.5,bull
2026-05-04,策略13,3122,32.70000076293945,bull
2026-05-04,策略13,00670L,177.64999389648438,bull
2026-05-04,策略13,3707,66.19999694824219,bull
2026-05-04,策略13,8028,245.0,bull
2026-05-04,策略14,3189,528.0,bull
2026-05-04,策略14,6278,168.0,bull
2026-05-04,策略14,4949,105.5,bull
2026-05-04,策略14,6531,840.0,bull
2026-05-04,策略15,2355,51.20000076293945,bull
2026-05-04,策略16,2374,78.4000015258789,bull
2026-05-04,策略16,4526,36.75,bull
2026-05-04,策略16,3707,66.19999694824219,bull
2026-05-04,策略16,3615,31.850000381469727,bull
2026-05-04,策略16,6215,111.0,bull
2026-05-04,策略16,2449,302.5,bull
2026-05-04,策略16,6706,151.5,bull
2026-05-04,策略16,3059,40.29999923706055,bull
2026-05-04,策略17,00936,18.940000534057617,bull
2026-05-04,策略17,00733,64.4000015258789,bull
2026-05-04,策略17,00636,28.31999969482422,bull
2026-05-04,策略17,5864,28.5,bull
2026-05-04,策略17,00639,17.219999313354492,bull
2026-05-04,策略17,00938,20.260000228881836,bull
2026-05-04,策略17,009800,11.9399995803833,bull
2026-05-04,策略19,6218,41.150001525878906,bull
2026-05-04,策略19,2467,609.0,bull
2026-05-04,策略19,2417,47.150001525878906,bull
2026-05-04,策略19,4949,105.5,bull
2026-05-04,策略19,4766,358.5,bull
2026-05-04,策略19,3550,21.299999237060547,bull
2026-05-04,策略19,6207,64.5,bull
2026-05-04,策略19,3583,792.0,bull
2026-05-04,策略19,6830,850.0,bull
2026-05-04,策略19,4526,36.75,bull
2026-05-04,策略19,1591,64.9000015258789,bull
2026-05-04,策略19,5443,129.5,bull
2026-05-04,策略19,3709,82.5,bull
2026-05-04,策略19,2855,35.599998474121094,bull
2026-05-04,策略19,6706,151.5,bull
2026-05-04,策略19,3498,87.69999694824219,bull
2026-05-04,策略19,6197,208.0,bull
2026-05-04,策略19,2455,347.5,bull
2026-05-04,策略19,6903,412.5,bull
2026-05-04,策略19,4543,38.5,bull
2026-05-04,策略19,00733,64.4000015258789,bull
2026-05-04,策略19,8091,192.0,bull
2026-05-04,策略19,00642U,33.150001525878906,bull
2026-05-04,策略19,00945B,14.479999542236328,bull
2026-05-04,策略19,2303,77.30000305175781,bull
2026-05-04,策略19,8027,193.5,bull
2026-05-04,策略20,1591,64.9000015258789,bull
2026-05-04,策略20,2542,40.150001525878906,bull
2026-05-04,策略20,5386,379.0,bull
2026-05-04,策略20,6903,412.5,bull
2026-05-04,策略20,8996,1250.0,bull
2026-05-04,策略20,4743,53.20000076293945,bull
2026-05-04,策略20,2072,185.0,bull
2026-05-04,策略20,6446,661.0,bull
2026-05-04,策略20,8091,192.0,bull
2026-05-04,策略20,6125,55.79999923706055,bull
2026-05-04,策略20,6215,111.0,bull
2026-05-04,策略20,8374,84.30000305175781,bull
2026-05-04,策略20,3689,134.0,bull
2026-05-04,策略20,4991,676.0,bull
2026-05-04,策略20,4510,47.0,bull
2026-05-04,策略20,2449,302.5,bull
2026-05-04,策略20,6117,88.0999984741211,bull
2026-05-04,策略20,1560,540.0,bull
2026-05-04,策略25,00712,9.0600004196167,bull
2026-05-04,策略25,00733,64.4000015258789,bull
2026-05-04,策略25,00919,23.649999618530273,bull
2026-05-04,策略25,00944,17.149999618530273,bull
2026-05-04,策略25,2855,35.599998474121094,bull
2026-05-04,策略25,2356,45.900001525878906,bull
2026-05-04,策略25,3033,35.75,bull
2026-05-04,策略25,00882,15.770000457763672,bull
2026-05-04,策略25,2301,166.0,bull
2026-05-04,策略25,2317,219.5,bull
2026-05-04,策略25,00941,23.65999984741211,bull
2026-05-04,策略25,3023,283.5,bull
2026-05-04,策略25,2455,347.5,bull
2026-05-04,策略25,4749,1005.0,bull
2026-05-04,策略25,6525,92.4000015258789,bull
2026-05-04,策略25,8255,136.0,bull
2026-05-04,策略25,4720,26.399999618530273,bull
2026-05-04,策略25,3356,54.0,bull
2026-05-04,策略25,009805,16.420000076293945,bull
2026-05-04,策略25,6189,47.95000076293945,bull
2026-05-04,策略25,6488,580.0,bull
2026-05-04,策略25,7769,4945.0,bull
2026-05-04,策略25,1536,51.5,bull
2026-05-04,策略25,8028,245.0,bull
2026-05-04,策略25,00731,72.55000305175781,bull
2026-05-04,策略25,00701,30.09000015258789,bull
2026-05-04,策略25,00915,24.81999969482422,bull
2026-05-04,策略25,2395,359.5,bull
2026-05-04,策略25,00940,10.34000015258789,bull
2026-05-04,策略25,00946,11.65999984741211,bull
2026-05-04,策略25,00936,18.940000534057617,bull
2026-05-04,策略25,00885,18.770000457763672,bull
2026-05-04,策略25,00932,15.8100004196167,bull
2026-05-04,策略25,6217,278.0,bull
2026-05-04,策略25,00965,25.639999389648438,bull
2026-05-04,策略25,00961,10.239999771118164,bull
2026-05-04,策略25,00938,20.260000228881836,bull
2026-05-04,策略25,00939,16.84000015258789,bull
2026-05-04,策略25,00918,23.34000015258789,bull
2026-05-04,策略25,8937,37.5,bull
2026-05-04,策略25,8016,230.0,bull
2026-05-04,策略25,3324,1140.0,bull
2026-05-04,策略25,4931,159.0,bull
2026-05-04,策略25,00981T,11.600000381469727,bull
2026-05-04,策略25,8064,104.0,bull
2026-05-04,策略25,2243,27.25,bull
2026-05-04,策略25,3169,103.0,bull
2026-05-04,策略25,3709,82.5,bull
2026-05-04,策略25,00934,23.40999984741211,bull
2026-05-04,策略25,00943,17.40999984741211,bull
2026-05-04,策略25,00909,41.43000030517578,bull
2026-05-04,策略25,3653,5380.0,bull
2026-05-04,策略25,3529,3895.0,bull
2026-05-04,策略25,5536,825.0,bull
2026-05-04,策略25,7610,640.0,bull
2026-05-04,策略25,3339,54.79999923706055,bull
2026-05-04,策略25,3227,207.5,bull
2026-05-04,策略25,8227,153.0,bull
2026-05-04,策略25,6233,28.25,bull
2026-05-04,策略25,6215,111.0,bull
2026-05-04,策略25,3152,171.0,bull
2026-05-04,策略25,6182,40.099998474121094,bull
2026-05-04,策略25,6435,193.0,bull
2026-05-04,策略25,4542,199.0,bull
2026-05-04,策略25,5443,129.5,bull
2026-05-04,策略25,6190,69.80000305175781,bull
2026-05-04,策略25,6446,661.0,bull
2026-05-04,策略25,3044,448.5,bull
2026-05-04,策略25,2883,21.5,bull
2026-05-04,策略25,3029,102.0,bull
2026-05-04,策略25,2221,36.650001525878906,bull
2026-05-04,策略25,6117,88.0999984741211,bull
2026-05-04,策略25,6108,19.100000381469727,bull
2026-05-04,策略25,00642U,33.150001525878906,bull
2026-05-04,策略25,3048,38.150001525878906,bull
2026-05-04,策略25,1514,110.0,bull
2026-05-04,策略25,1301,51.5,bull
2026-05-04,策略25,7795,403.0,bull
2026-05-04,策略25,8271,220.0,bull
2026-05-04,策略25,6245,80.0999984741211,bull
2026-05-04,策略25,6129,16.850000381469727,bull
2026-05-04,策略25,5234,444.5,bull
2026-05-04,策略25,00981D,10.369999885559082,bull
2026-05-04,策略25,3042,153.0,bull
2026-05-04,策略25,2467,609.0,bull
2026-05-04,策略25,00945B,14.479999542236328,bull
2026-05-04,策略25,1570,37.650001525878906,bull
2026-05-04,策略25,3231,137.0,bull
2026-05-04,策略25,5871,115.5,bull
2026-05-04,策略25,5425,62.79999923706055,bull
2026-05-04,策略25,3675,217.0,bull
2026-05-04,策略25,2337,154.0,bull
2026-05-04,策略25,1612,35.650001525878906,bull
2026-05-04,策略25,1342,92.0,bull
2026-05-04,策略25,2449,302.5,bull
2026-05-04,策略25,6187,1210.0,bull
2026-05-04,策略25,00852L,30.329999923706055,bull
2026-05-04,策略25,00917,21.6200008392334,bull
2026-05-04,策略25,1326,52.29999923706055,bull
2026-05-04,策略25,00954,16.459999084472656,bull
2026-05-04,策略25,00951,15.460000038146973,bull
2026-05-04,策略25,2379,537.0,bull
2026-05-04,策略25,00986A,13.520000457763672,bull
2026-05-04,策略25,1560,540.0,bull
2026-05-04,策略25,1711,56.5,bull
2026-05-04,策略25,1721,24.200000762939453,bull
2026-05-04,策略25,1773,167.0,bull
2026-05-04,策略25,3035,168.0,bull
2026-05-04,策略25,2637,71.69999694824219,bull
2026-05-04,策略25,2476,117.0,bull
2026-05-04,策略25,2497,55.099998474121094,bull
2026-05-04,策略25,2401,24.100000381469727,bull
2026-05-04,策略25,2393,71.0999984741211,bull
2026-05-04,策略25,2444,13.350000381469727,bull
2026-05-04,策略25,2417,47.150001525878906,bull
2026-05-04,策略25,2376,273.0,bull
2026-05-04,策略25,2359,119.0,bull
2026-05-04,策略25,3312,40.79999923706055,bull
2026-05-04,策略25,3406,509.0,bull
2026-05-04,策略25,3490,30.5,bull
2026-05-04,策略25,3533,2615.0,bull
2026-05-04,策略25,3707,66.19999694824219,bull
2026-05-04,策略25,4541,46.349998474121094,bull
2026-05-04,策略25,6146,221.0,bull
2026-05-04,策略25,6138,235.5,bull
2026-05-04,策略25,5483,134.0,bull
2026-05-04,策略25,5236,163.5,bull
2026-05-04,策略25,5272,24.450000762939453,bull
2026-05-04,策略25,4991,676.0,bull
2026-05-04,策略25,6173,85.69999694824219,bull
2026-05-04,策略25,6197,208.0,bull
2026-05-04,策略25,6423,109.5,bull
2026-05-04,策略25,6166,75.0,bull
2026-05-04,策略25,6151,35.650001525878906,bull
2026-05-04,策略25,6526,551.0,bull
2026-05-04,策略25,8021,402.5,bull
2026-05-04,策略25,6903,412.5,bull
2026-05-04,策略25,8091,192.0,bull
2026-05-04,策略25,8289,45.349998474121094,bull
2026-05-04,策略29,4576,222.0,bull
2026-05-04,策略29,2417,47.150001525878906,bull
2026-05-04,策略29,5443,129.5,bull
2026-05-04,策略29,4949,105.5,bull
2026-05-04,策略29,6207,64.5,bull
2026-05-04,策略29,6218,41.150001525878906,bull
2026-05-04,策略29,6695,46.5,bull
2026-05-04,策略29,3680,537.0,bull
2026-05-04,策略29,6197,208.0,bull
2026-05-04,策略29,3707,66.19999694824219,bull
2026-05-04,策略29,3088,108.0,bull
2026-05-04,策略29,2328,49.54999923706055,bull
2026-05-04,策略29,2465,74.0,bull
2026-05-04,策略29,2374,78.4000015258789,bull
2026-05-04,策略29,4526,36.75,bull
2026-05-04,策略29,2467,609.0,bull
2026-05-04,策略29,00733,64.4000015258789,bull
2026-05-04,策略31,00936,18.940000534057617,bull
2026-05-04,策略38,6218,41.150001525878906,bull
2026-05-04,策略38,2467,609.0,bull
2026-05-04,策略38,5443,129.5,bull
2026-05-04,策略38,4991,676.0,bull
2026-05-04,策略38,3550,21.299999237060547,bull
2026-05-04,策略38,4526,36.75,bull
2026-05-04,策略38,3498,87.69999694824219,bull
2026-05-04,策略38,2328,49.54999923706055,bull
2026-05-04,策略38,6215,111.0,bull
2026-05-04,策略38,3580,85.9000015258789,bull
2026-05-04,策略38,8234,66.9000015258789,bull
2026-05-04,策略38,2449,302.5,bull
2026-05-04,策略39,2455,347.5,bull
2026-05-04,策略39,3680,537.0,bull
2026-05-04,策略39,3498,87.69999694824219,bull
2026-05-04,策略39,1560,540.0,bull
2026-05-04,策略39,4749,1005.0,bull
2026-05-04,策略39,4542,199.0,bull
2026-05-04,策略39,3580,85.9000015258789,bull
2026-05-04,策略39,5269,1365.0,bull
2026-05-04,策略39,4543,38.5,bull
2026-05-04,策略39,1591,64.9000015258789,bull
2026-05-04,策略39,8255,136.0,bull
2026-05-04,策略39,8121,28.5,bull
2026-05-04,策略39,8091,192.0,bull
2026-05-04,策略39,6118,17.850000381469727,bull
2026-05-04,策略40,2034,21.299999237060547,bull
2026-05-04,策略40,3135,141.5,bull
2026-05-04,策略1,2883,21.399999618530273,bull
2026-05-04,策略1,0056,41.91999816894531,bull
2026-05-04,策略1,2317,227.5,bull
2026-05-04,策略1,2881,91.0,bull
2026-05-04,策略1,0052,55.400001525878906,bull
2026-05-04,策略1,00997A,11.800000190734863,bull
2026-05-04,策略1,00922,35.439998626708984,bull
2026-05-04,策略1,00900,15.699999809265137,bull
2026-05-04,策略1,00940,10.529999732971191,bull
2026-05-04,策略1,00888,27.81999969482422,bull
2026-05-04,策略1,2327,342.5,bull
2026-05-04,策略1,00939,17.239999771118164,bull
2026-05-04,策略1,2603,206.0,bull
2026-05-04,策略1,00993A,13.140000343322754,bull
2026-05-04,策略1,3702,104.5,bull
2026-05-04,策略1,2353,28.049999237060547,bull
2026-05-04,策略1,00830,75.0999984741211,bull
2026-05-04,策略1,00981D,10.399999618530273,bull
2026-05-04,策略1,00980A,22.739999771118164,bull
2026-05-04,策略1,00989A,16.3700008392334,bull
2026-05-04,策略1,2406,32.650001525878906,bull
2026-05-04,策略1,6016,20.100000381469727,bull
2026-05-04,策略1,00902,17.209999084472656,bull
2026-05-04,策略1,2385,127.5,bull
2026-05-04,策略1,00923,37.0099983215332,bull
2026-05-04,策略1,2395,395.0,bull
2026-05-04,策略1,8358,402.5,bull
2026-05-04,策略1,3264,214.5,bull
2026-05-04,策略1,00885,18.850000381469727,bull
2026-05-04,策略1,00984A,14.510000228881836,bull
2026-05-04,策略1,6015,14.649999618530273,bull
2026-05-04,策略1,006208,219.1999969482422,bull
2026-05-04,策略1,3033,37.900001525878906,bull
2026-05-04,策略1,00934,23.940000534057617,bull
2026-05-04,策略1,00904,36.84000015258789,bull
2026-05-04,策略1,00930,19.81999969482422,bull
2026-05-04,策略1,6213,290.0,bull
2026-05-04,策略1,2421,150.0,bull
2026-05-04,策略1,2342,36.099998474121094,bull
2026-05-04,策略1,00757,122.6500015258789,bull
2026-05-04,策略1,6274,1110.0,bull
2026-05-04,策略1,6197,228.5,bull
2026-05-04,策略1,00893,42.09000015258789,bull
2026-05-04,策略1,009813,10.979999542236328,bull
2026-05-04,策略1,6414,334.0,bull
2026-05-04,策略1,00887,14.9399995803833,bull
2026-05-04,策略1,2354,53.20000076293945,bull
2026-05-04,策略1,00882,15.789999961853027,bull
2026-05-04,策略1,2637,73.0999984741211,bull
2026-05-04,策略1,1519,917.0,bull
2026-05-04,策略1,00905,24.030000686645508,bull
2026-05-04,策略1,6412,89.0999984741211,bull
2026-05-04,策略1,3023,288.5,bull
2026-05-04,策略1,3406,540.0,bull
2026-05-04,策略1,009804,20.239999771118164,bull
2026-05-04,策略1,9921,68.9000015258789,bull
2026-05-04,策略1,00896,25.68000030517578,bull
2026-05-04,策略1,2457,24.75,bull
2026-05-04,策略1,3665,2940.0,bull
2026-05-04,策略1,7769,5380.0,bull
2026-05-04,策略1,00924,30.959999084472656,bull
2026-05-04,策略1,00639,17.3700008392334,bull
2026-05-04,策略1,00858,34.61000061035156,bull
2026-05-04,策略1,6757,50.900001525878906,bull
2026-05-04,策略1,00962,12.729999542236328,bull
2026-05-04,策略1,00952,16.549999237060547,bull
2026-05-04,策略1,00663L,89.19999694824219,bull
2026-05-04,策略1,2302,19.549999237060547,bull
2026-05-04,策略1,009805,17.219999313354492,bull
2026-05-04,策略1,9933,37.0,bull
2026-05-04,策略1,009803,20.049999237060547,bull
2026-05-04,策略1,4543,42.349998474121094,bull
2026-05-04,策略1,3010,135.5,bull
2026-05-04,策略1,5464,35.900001525878906,bull
2026-05-04,策略1,6129,17.200000762939453,bull
2026-05-04,策略1,8255,142.5,bull
2026-05-04,策略1,00894,46.380001068115234,bull
2026-05-04,策略1,6805,2215.0,bull
2026-05-04,策略1,5471,43.45000076293945,bull
2026-05-04,策略1,1568,30.200000762939453,bull
2026-05-04,策略1,6409,791.0,bull
2026-05-04,策略1,3533,2610.0,bull
2026-05-04,策略1,00877,35.41999816894531,bull
2026-05-04,策略1,00912,29.860000610351562,bull
2026-05-04,策略1,00859B,41.04999923706055,bull
2026-05-04,策略1,5340,122.0,bull
2026-05-04,策略1,00944,17.579999923706055,bull
2026-05-04,策略1,00921,20.84000015258789,bull
2026-05-04,策略1,3034,415.5,bull
2026-05-04,策略1,2236,139.5,bull
2026-05-04,策略1,00895,46.81999969482422,bull
2026-05-04,策略1,5490,27.450000762939453,bull
2026-05-04,策略1,8121,31.350000381469727,bull
2026-05-04,策略1,6156,20.600000381469727,bull
2026-05-04,策略1,6873,91.0999984741211,bull
2026-05-04,策略1,2417,51.79999923706055,bull
2026-05-04,策略1,6552,32.650001525878906,bull
2026-05-04,策略1,6109,12.0,bull
2026-05-04,策略1,7610,663.0,bull
2026-05-04,策略1,3354,28.049999237060547,bull
2026-05-04,策略1,3518,34.29999923706055,bull
2026-05-04,策略1,6679,290.0,bull
2026-05-04,策略2,00888,27.81999969482422,bull
2026-05-04,策略2,00981D,10.399999618530273,bull
2026-05-04,策略2,6016,20.100000381469727,bull
2026-05-04,策略2,8358,402.5,bull
2026-05-04,策略2,3264,214.5,bull
2026-05-04,策略2,6015,14.649999618530273,bull
2026-05-04,策略2,2455,355.0,bull
2026-05-04,策略2,2330,2275.0,bull
2026-05-04,策略2,6274,1110.0,bull
2026-05-04,策略2,00887,14.9399995803833,bull
2026-05-04,策略2,9938,44.900001525878906,bull
2026-05-04,策略2,3189,531.0,bull
2026-05-04,策略2,2031,40.70000076293945,bull
2026-05-04,策略2,00858,34.61000061035156,bull
2026-05-04,策略2,2204,54.5,bull
2026-05-04,策略2,6189,49.25,bull
2026-05-04,策略2,1612,36.45000076293945,bull
2026-05-04,策略2,6768,79.80000305175781,bull
2026-05-04,策略2,4543,42.349998474121094,bull
2026-05-04,策略2,2360,2310.0,bull
2026-05-04,策略2,9802,80.30000305175781,bull
2026-05-04,策略2,5534,77.80000305175781,bull
2026-05-04,策略2,5464,35.900001525878906,bull
2026-05-04,策略2,6129,17.200000762939453,bull
2026-05-04,策略2,4746,54.79999923706055,bull
2026-05-04,策略2,8255,142.5,bull
2026-05-04,策略2,1560,557.0,bull
2026-05-04,策略2,00877,35.41999816894531,bull
2026-05-04,策略2,2731,161.5,bull
2026-05-04,策略2,00859B,41.04999923706055,bull
2026-05-04,策略2,5340,122.0,bull
2026-05-04,策略2,6669,4860.0,bull
2026-05-04,策略2,3017,2885.0,bull
2026-05-04,策略2,5490,27.450000762939453,bull
2026-05-04,策略2,8121,31.350000381469727,bull
2026-05-04,策略2,6156,20.600000381469727,bull
2026-05-04,策略2,6109,12.0,bull
2026-05-04,策略2,3354,28.049999237060547,bull
2026-05-04,策略2,6679,290.0,bull
2026-05-04,策略3,2313,268.5,bull
2026-05-04,策略3,6488,606.0,bull
2026-05-04,策略3,3680,564.0,bull
2026-05-04,策略3,2637,73.0999984741211,bull
2026-05-04,策略3,2383,4755.0,bull
2026-05-04,策略3,6129,17.200000762939453,bull
2026-05-04,策略3,5490,27.450000762939453,bull
2026-05-04,策略3,8383,66.5,bull
2026-05-04,策略3,4541,47.849998474121094,bull
2026-05-04,策略4,4951,130.5,bull
2026-05-04,策略4,5464,35.900001525878906,bull
2026-05-04,策略4,00706L,19.899999618530273,bull
2026-05-04,策略4,4571,194.0,bull
2026-05-04,策略4,2328,54.400001525878906,bull
2026-05-04,策略4,3033,37.900001525878906,bull
2026-05-04,策略4,6412,89.0999984741211,bull
2026-05-04,策略4,3051,29.399999618530273,bull
2026-05-04,策略4,2342,36.099998474121094,bull
2026-05-04,策略4,6695,50.29999923706055,bull
2026-05-04,策略4,1536,55.0,bull
2026-05-04,策略4,2374,82.0,bull
2026-05-04,策略4,2233,318.5,bull
2026-05-04,策略4,5392,42.849998474121094,bull
2026-05-04,策略4,2417,51.79999923706055,bull
2026-05-04,策略4,8121,31.350000381469727,bull
2026-05-04,策略4,2359,125.5,bull
2026-05-04,策略4,1612,36.45000076293945,bull
2026-05-04,策略4,8131,66.80000305175781,bull
2026-05-04,策略4,4510,51.70000076293945,bull
2026-05-04,策略4,8255,142.5,bull
2026-05-04,策略4,3149,50.900001525878906,bull
2026-05-04,策略4,1504,68.5999984741211,bull
2026-05-04,策略5,5388,77.69999694824219,bull
2026-05-04,策略5,6547,49.900001525878906,bull
2026-05-04,策略5,1309,19.200000762939453,bull
2026-05-04,策略5,7717,756.0,bull
2026-05-04,策略5,3596,164.5,bull
2026-05-04,策略5,00635U,48.27000045776367,bull
2026-05-04,策略5,5522,69.4000015258789,bull
2026-05-04,策略5,00931B,13.449999809265137,bull
2026-05-04,策略5,00988B,19.950000762939453,bull
2026-05-04,策略5,00687B,27.920000076293945,bull
2026-05-04,策略5,00967B,9.149999618530273,bull
2026-05-04,策略5,00764B,27.920000076293945,bull
2026-05-04,策略5,00795B,27.110000610351562,bull
2026-05-04,策略5,00679B,26.8700008392334,bull
2026-05-04,策略5,00719B,30.950000762939453,bull
2026-05-04,策略5,00857B,23.270000457763672,bull
2026-05-04,策略5,4105,73.80000305175781,bull
2026-05-04,策略5,00985B,10.25,bull
2026-05-04,策略5,00722B,35.84000015258789,bull
2026-05-04,策略5,00865B,48.0099983215332,bull
2026-05-04,策略5,3491,1705.0,bull
2026-05-04,策略5,00956,12.109999656677246,bull
2026-05-04,策略5,00984B,16.309999465942383,bull
2026-05-04,策略5,2031,40.70000076293945,bull
2026-05-04,策略5,009817,9.350000381469727,bull
2026-05-04,策略5,2615,75.5999984741211,bull
2026-05-04,策略5,2891,52.900001525878906,bull
2026-05-04,策略5,8096,93.30000305175781,bull
2026-05-04,策略5,00955,15.720000267028809,bull
2026-05-04,策略5,00960,17.389999389648438,bull
2026-05-04,策略5,5484,38.900001525878906,bull
2026-05-04,策略5,00945B,14.510000228881836,bull
2026-05-04,策略6,6005,29.0,bull
2026-05-04,策略6,8936,52.29999923706055,bull
2026-05-04,策略7,1591,65.30000305175781,bull
2026-05-04,策略7,2542,39.95000076293945,bull
2026-05-04,策略7,8937,37.400001525878906,bull
2026-05-04,策略7,2408,237.0,bull
2026-05-04,策略7,5386,398.0,bull
2026-05-04,策略7,6265,42.29999923706055,bull
2026-05-04,策略7,5289,1295.0,bull
2026-05-04,策略7,2451,265.5,bull
2026-05-04,策略7,6903,408.0,bull
2026-05-04,策略7,6735,120.5,bull
2026-05-04,策略7,8271,223.0,bull
2026-05-04,策略7,8299,2010.0,bull
2026-05-04,策略7,3006,173.0,bull
2026-05-04,策略7,3691,129.5,bull
2026-05-04,策略7,3498,96.4000015258789,bull
2026-05-04,策略7,3135,155.5,bull
2026-05-04,策略7,4743,54.20000076293945,bull
2026-05-04,策略7,3028,69.4000015258789,bull
2026-05-04,策略7,4967,284.5,bull
2026-05-04,策略7,6531,924.0,bull
2026-05-04,策略7,3017,2885.0,bull
2026-05-04,策略7,7769,5380.0,bull
2026-05-04,策略7,6829,270.0,bull
2026-05-04,策略7,3057,20.149999618530273,bull
2026-05-04,策略7,4973,85.4000015258789,bull
2026-05-04,策略7,2337,154.5,bull
2026-05-04,策略7,6805,2215.0,bull
2026-05-04,策略7,2374,82.0,bull
2026-05-04,策略7,3324,1190.0,bull
2026-05-04,策略7,2344,95.4000015258789,bull
2026-05-04,策略7,2465,81.4000015258789,bull
2026-05-04,策略7,4577,162.0,bull
2026-05-04,策略7,4540,68.4000015258789,bull
2026-05-04,策略7,3229,43.54999923706055,bull
2026-05-04,策略7,6274,1110.0,bull
2026-05-04,策略7,2388,83.0999984741211,bull
2026-05-04,策略7,2236,139.5,bull
2026-05-04,策略7,6227,94.5,bull
2026-05-04,策略7,5443,137.5,bull
2026-05-04,策略7,6234,58.0,bull
2026-05-04,策略7,2360,2310.0,bull
2026-05-04,策略7,2368,1440.0,bull
2026-05-04,策略7,8091,197.0,bull
2026-05-04,策略7,6658,143.5,bull
2026-05-04,策略7,2383,4755.0,bull
2026-05-04,策略7,3515,235.5,bull
2026-05-04,策略7,6823,104.0,bull
2026-05-04,策略7,8227,158.0,bull
2026-05-04,策略7,1727,81.5,bull
2026-05-04,策略7,6861,360.5,bull
2026-05-04,策略7,5464,35.900001525878906,bull
2026-05-04,策略7,4764,283.5,bull
2026-05-04,策略7,4576,233.0,bull
2026-05-04,策略7,4543,42.349998474121094,bull
2026-05-04,策略7,6215,115.0,bull
2026-05-04,策略7,6716,84.0999984741211,bull
2026-05-04,策略7,8040,74.4000015258789,bull
2026-05-04,策略7,2317,227.5,bull
2026-05-04,策略7,6683,2335.0,bull
2026-05-04,策略7,2330,2275.0,bull
2026-05-04,策略7,2345,2505.0,bull
2026-05-04,策略7,8374,86.0999984741211,bull
2026-05-04,策略7,4949,105.0,bull
2026-05-04,策略7,5269,1390.0,bull
2026-05-04,策略7,3581,197.0,bull
2026-05-04,策略7,8046,986.0,bull
2026-05-04,策略7,2059,4055.0,bull
2026-05-04,策略7,6223,5165.0,bull
2026-05-04,策略7,1597,157.5,bull
2026-05-04,策略7,4510,51.70000076293945,bull
2026-05-04,策略7,4931,154.0,bull
2026-05-04,策略7,2449,332.5,bull
2026-05-04,策略7,8390,86.69999694824219,bull
2026-05-04,策略7,8131,66.80000305175781,bull
2026-05-04,策略7,3443,4685.0,bull
2026-05-04,策略7,2417,51.79999923706055,bull
2026-05-04,策略7,6672,223.0,bull
2026-05-04,策略7,4749,1030.0,bull
2026-05-04,策略7,6834,39.349998474121094,bull
2026-05-04,策略7,4542,218.5,bull
2026-05-04,策略7,6117,86.9000015258789,bull
2026-05-04,策略7,1560,557.0,bull
2026-05-04,策略7,3088,112.0,bull
2026-05-04,策略7,2429,51.900001525878906,bull
2026-05-04,策略7,3550,21.399999618530273,bull
2026-05-04,策略7,8016,233.5,bull
2026-05-04,策略7,3702,104.5,bull
2026-05-04,策略7,1711,58.099998474121094,bull
2026-05-04,策略7,8064,114.0,bull
2026-05-04,策略7,1568,30.200000762939453,bull
2026-05-04,策略7,6757,50.900001525878906,bull
2026-05-04,策略7,3029,101.5,bull
2026-05-04,策略7,6781,1135.0,bull
2026-05-04,策略7,8028,244.5,bull
2026-05-04,策略7,4720,25.399999618530273,bull
2026-05-04,策略7,2027,37.70000076293945,bull
2026-05-04,策略7,3189,531.0,bull
2026-05-04,策略7,8936,52.29999923706055,bull
2026-05-04,策略7,3044,465.5,bull
2026-05-04,策略7,2301,171.5,bull
2026-05-04,策略7,3533,2610.0,bull
2026-05-04,策略7,3709,85.19999694824219,bull
2026-05-04,策略7,3037,911.0,bull
2026-05-04,策略7,2070,63.0,bull
2026-05-04,策略7,2327,342.5,bull
2026-05-04,策略7,3031,31.549999237060547,bull
2026-05-04,策略7,2421,150.0,bull
2026-05-04,策略7,6108,19.0,bull
2026-05-04,策略7,3707,68.69999694824219,bull
2026-05-04,策略7,3665,2940.0,bull
2026-05-04,策略7,2395,395.0,bull
2026-05-04,策略7,1326,50.79999923706055,bull
2026-05-04,策略7,3162,75.5,bull
2026-05-04,策略7,8438,94.5999984741211,bull
2026-05-04,策略7,3016,98.5999984741211,bull
2026-05-04,策略8,00888,27.81999969482422,bull
2026-05-04,策略8,3339,60.0,bull
2026-05-04,策略8,009814,10.65999984741211,bull
2026-05-04,策略8,6015,14.649999618530273,bull
2026-05-04,策略8,3498,96.4000015258789,bull
2026-05-04,策略9,3443,4685.0,bull
2026-05-04,策略9,2454,2870.0,bull
2026-05-04,策略9,7769,5380.0,bull
2026-05-04,策略9,2383,4755.0,bull
2026-05-04,策略9,8299,2010.0,bull
2026-05-04,策略9,2345,2505.0,bull
2026-05-04,策略9,3665,2940.0,bull
2026-05-04,策略9,6805,2215.0,bull
2026-05-04,策略9,3037,911.0,bull
2026-05-04,策略9,5269,1390.0,bull
2026-05-04,策略9,5289,1295.0,bull
2026-05-04,策略9,6683,2335.0,bull
2026-05-04,策略9,2330,2275.0,bull
2026-05-04,策略9,6789,611.0,bull
2026-05-04,策略9,4958,432.5,bull
2026-05-04,策略9,3680,564.0,bull
2026-05-04,策略9,3526,363.0,bull
2026-05-04,策略9,4749,1030.0,bull
2026-05-04,策略9,2233,318.5,bull
2026-05-04,策略9,4764,283.5,bull
2026-05-04,策略9,2360,2310.0,bull
2026-05-04,策略9,1519,917.0,bull
2026-05-04,策略9,4951,130.5,bull
2026-05-04,策略9,6409,791.0,bull
2026-05-04,策略9,6829,270.0,bull
2026-05-04,策略9,4908,235.0,bull
2026-05-04,策略9,2449,332.5,bull
2026-05-04,策略9,6526,589.0,bull
2026-05-04,策略9,3455,267.0,bull
2026-05-04,策略9,6274,1110.0,bull
2026-05-04,策略9,6147,179.0,bull
2026-05-04,策略9,6488,606.0,bull
2026-05-04,策略9,6197,228.5,bull
2026-05-04,策略9,2408,237.0,bull
2026-05-04,策略9,3711,525.0,bull
2026-05-04,策略9,1597,157.5,bull
2026-05-04,策略9,4571,194.0,bull
2026-05-04,策略9,4542,218.5,bull
2026-05-04,策略9,3016,98.5999984741211,bull
2026-05-04,策略9,00675L,270.0,bull
2026-05-04,策略9,6643,602.0,bull
2026-05-04,策略9,3135,155.5,bull
2026-05-04,策略9,00685L,243.39999389648438,bull
2026-05-04,策略9,8358,402.5,bull
2026-05-04,策略9,6823,104.0,bull
2026-05-04,策略9,6414,334.0,bull
2026-05-04,策略9,2049,318.5,bull
2026-05-04,策略9,1595,77.0,bull
2026-05-04,策略9,2072,181.0,bull
2026-05-04,策略9,6234,58.0,bull
2026-05-04,策略9,2395,395.0,bull
2026-05-04,策略9,4919,162.0,bull
2026-05-04,策略9,3030,376.5,bull
2026-05-04,策略9,00670L,186.9499969482422,bull
2026-05-04,策略9,6405,55.900001525878906,bull
2026-05-04,策略9,2327,342.5,bull
2026-05-04,策略9,8081,259.0,bull
2026-05-04,策略9,1476,338.5,bull
2026-05-04,策略9,006208,219.1999969482422,bull
2026-05-04,策略9,6706,166.5,bull
2026-05-04,策略9,6446,645.0,bull
2026-05-04,策略9,2070,63.0,bull
2026-05-04,策略9,6205,94.5,bull
2026-05-04,策略9,4540,68.4000015258789,bull
2026-05-04,策略9,4766,374.5,bull
2026-05-04,策略9,1795,226.5,bull
2026-05-04,策略9,5347,151.0,bull
2026-05-04,策略9,2465,81.4000015258789,bull
2026-05-04,策略9,2359,125.5,bull
2026-05-04,策略9,5443,137.5,bull
2026-05-04,策略9,8996,1245.0,bull
2026-05-04,策略9,3707,68.69999694824219,bull
2026-05-04,策略9,6719,179.5,bull
2026-05-04,策略9,6215,115.0,bull
2026-05-04,策略9,8016,233.5,bull
2026-05-04,策略9,8255,142.5,bull
2026-05-04,策略9,6485,86.69999694824219,bull
2026-05-04,策略9,3535,141.0,bull
2026-05-04,策略9,2388,83.0999984741211,bull
2026-05-04,策略9,3088,112.0,bull
2026-05-04,策略9,00663L,89.19999694824219,bull
2026-05-04,策略9,2374,82.0,bull
2026-05-04,策略9,2344,95.4000015258789,bull
2026-05-04,策略9,6412,89.0999984741211,bull
2026-05-04,策略9,4979,669.0,bull
2026-05-04,策略9,3709,85.19999694824219,bull
2026-05-04,策略9,8074,88.30000305175781,bull
2026-05-04,策略9,6146,238.5,bull
2026-05-04,策略9,3229,43.54999923706055,bull
2026-05-04,策略9,1514,121.0,bull
2026-05-04,策略9,8040,74.4000015258789,bull
2026-05-04,策略9,1504,68.5999984741211,bull
2026-05-04,策略9,1503,201.5,bull
2026-05-04,策略9,6261,100.5,bull
2026-05-04,策略9,8234,69.0,bull
2026-05-04,策略9,3029,101.5,bull
2026-05-04,策略9,3149,50.900001525878906,bull
2026-05-04,策略9,2303,81.19999694824219,bull
2026-05-04,策略9,6695,50.29999923706055,bull
2026-05-04,策略9,2328,54.400001525878906,bull
2026-05-04,策略9,8374,86.0999984741211,bull
2026-05-04,策略9,2451,265.5,bull
2026-05-04,策略9,4949,105.0,bull
2026-05-04,策略9,4772,314.5,bull
2026-05-04,策略9,00735,89.75,bull
2026-05-04,策略9,6873,91.0999984741211,bull
2026-05-04,策略9,2417,51.79999923706055,bull
2026-05-04,策略9,3051,29.399999618530273,bull
2026-05-04,策略9,2421,150.0,bull
2026-05-04,策略9,6207,63.400001525878906,bull
2026-05-04,策略9,0050,94.5999984741211,bull
2026-05-04,策略9,6937,335.0,bull
2026-05-04,策略9,3691,129.5,bull
2026-05-04,策略9,1569,63.5,bull
2026-05-04,策略9,00830,75.0999984741211,bull
2026-05-04,策略9,5386,398.0,bull
2026-05-04,策略9,3580,94.4000015258789,bull
2026-05-04,策略9,8131,66.80000305175781,bull
2026-05-04,策略9,3518,34.29999923706055,bull
2026-05-04,策略9,00850,79.3499984741211,bull
2026-05-04,策略9,2236,139.5,bull
2026-05-04,策略9,5392,42.849998474121094,bull
2026-05-04,策略9,9802,80.30000305175781,bull
2026-05-04,策略9,00692,82.5,bull
2026-05-04,策略9,1536,55.0,bull
2026-05-04,策略9,3264,214.5,bull
2026-05-04,策略9,3402,138.0,bull
2026-05-04,策略9,00911,50.150001525878906,bull
2026-05-04,策略9,2342,36.099998474121094,bull
2026-05-04,策略9,4510,51.70000076293945,bull
2026-05-04,策略9,6757,50.900001525878906,bull
2026-05-04,策略9,6173,90.0,bull
2026-05-04,策略9,3059,41.04999923706055,bull
2026-05-04,策略9,0052,55.400001525878906,bull
2026-05-04,策略9,2881,91.0,bull
2026-05-04,策略9,00947,32.849998474121094,bull
2026-05-04,策略9,2375,87.5999984741211,bull
2026-05-04,策略9,6166,82.30000305175781,bull
2026-05-04,策略9,6679,290.0,bull
2026-05-04,策略9,00881,49.06999969482422,bull
2026-05-04,策略9,3141,49.75,bull
2026-05-04,策略9,6265,42.29999923706055,bull
2026-05-04,策略9,8033,153.0,bull
2026-05-04,策略9,2603,206.0,bull
2026-05-04,策略9,6174,34.150001525878906,bull
2026-05-04,策略9,8121,31.350000381469727,bull
2026-05-04,策略9,1560,557.0,bull
2026-05-04,策略9,3042,166.0,bull
2026-05-04,策略9,2340,40.04999923706055,bull
2026-05-04,策略9,2731,161.5,bull
2026-05-04,策略9,1513,155.5,bull
2026-05-04,策略9,00770,60.599998474121094,bull
2026-05-04,策略9,3594,54.79999923706055,bull
2026-05-04,策略9,00893,42.09000015258789,bull
2026-05-04,策略9,00631L,31.0,bull
2026-05-04,策略9,00913,41.310001373291016,bull
2026-05-04,策略9,00904,36.84000015258789,bull
2026-05-04,策略9,00927,31.639999389648438,bull
2026-05-04,策略9,5464,35.900001525878906,bull
2026-05-04,策略9,00894,46.380001068115234,bull
2026-05-04,策略9,4746,54.79999923706055,bull
2026-05-04,策略9,2855,37.54999923706055,bull
2026-05-04,策略9,6182,44.099998474121094,bull
2026-05-04,策略9,00923,37.0099983215332,bull
2026-05-04,策略9,4526,37.5,bull
2026-05-04,策略9,00891,32.75,bull
2026-05-04,策略9,6525,95.9000015258789,bull
2026-05-04,策略9,00922,35.439998626708984,bull
2026-05-04,策略9,8150,76.5,bull
2026-05-04,策略9,1568,30.200000762939453,bull
2026-05-04,策略9,4543,42.349998474121094,bull
2026-05-04,策略9,9921,68.9000015258789,bull
2026-05-04,策略9,8249,50.5,bull
2026-05-04,策略9,6016,20.100000381469727,bull
2026-05-04,策略9,3014,127.0,bull
2026-05-04,策略9,3094,28.0,bull
2026-05-04,策略9,00981A,29.6299991607666,bull
2026-05-04,策略9,009808,27.68000030517578,bull
2026-05-04,策略9,2354,53.20000076293945,bull
2026-05-04,策略9,4743,54.20000076293945,bull
2026-05-04,策略9,3033,37.900001525878906,bull
2026-05-04,策略9,8936,52.29999923706055,bull
2026-05-04,策略9,3498,96.4000015258789,bull
2026-05-04,策略9,00912,29.860000610351562,bull
2026-05-04,策略9,4105,73.80000305175781,bull
2026-05-04,策略9,00903,19.299999237060547,bull
2026-05-04,策略9,00888,27.81999969482422,bull
2026-05-04,策略9,5009,33.400001525878906,bull
2026-05-04,策略9,6233,28.799999237060547,bull
2026-05-04,策略9,009804,20.239999771118164,bull
2026-05-04,策略9,00920,26.68000030517578,bull
2026-05-04,策略9,00905,24.030000686645508,bull
2026-05-04,策略9,00878,26.149999618530273,bull
2026-05-04,策略9,6505,54.0,bull
2026-05-04,策略9,009803,20.049999237060547,bull
2026-05-04,策略9,00985A,20.739999771118164,bull
2026-05-04,策略9,6189,49.25,bull
2026-05-04,策略9,00980A,22.739999771118164,bull
2026-05-04,策略9,00995A,16.920000076293945,bull
2026-05-04,策略9,6015,14.649999618530273,bull
2026-05-04,策略9,00633L,52.5,bull
2026-05-04,策略9,00733,65.69999694824219,bull
2026-05-04,策略9,5278,23.700000762939453,bull
2026-05-04,策略9,00909,43.939998626708984,bull
2026-05-04,策略9,6141,35.0,bull
2026-05-04,策略9,00896,25.68000030517578,bull
2026-05-04,策略9,6126,33.650001525878906,bull
2026-05-04,策略9,3406,540.0,bull
2026-05-04,策略9,00982A,22.049999237060547,bull
2026-05-04,策略9,00994A,17.690000534057617,bull
2026-05-04,策略9,00400A,13.569999694824219,bull
2026-05-04,策略9,6188,84.80000305175781,bull
2026-05-04,策略9,00924,30.959999084472656,bull
2026-05-04,策略9,009816,13.600000381469727,bull
2026-05-04,策略9,00929,23.030000686645508,bull
2026-05-04,策略9,00902,17.209999084472656,bull
2026-05-04,策略9,00930,19.81999969482422,bull
2026-05-04,策略9,8068,24.200000762939453,bull
2026-05-04,策略9,00982T,13.630000114440918,bull
2026-05-04,策略9,00858,34.61000061035156,bull
2026-05-04,策略9,2401,25.299999237060547,bull
2026-05-04,策略9,0056,41.91999816894531,bull
2026-05-04,策略9,2498,41.099998474121094,bull
2026-05-04,策略9,00990A,16.770000457763672,bull
2026-05-04,策略9,00653L,47.4900016784668,bull
2026-05-04,策略9,3356,54.20000076293945,bull
2026-05-04,策略9,00987A,17.34000015258789,bull
2026-05-04,策略9,00997A,11.800000190734863,bull
2026-05-04,策略9,2439,88.5999984741211,bull
2026-05-04,策略9,2609,49.95000076293945,bull
2026-05-04,策略9,00989A,16.3700008392334,bull
2026-05-04,策略9,5381,23.850000381469727,bull
2026-05-04,策略9,2457,24.75,bull
2026-05-04,策略9,00887,14.9399995803833,bull
2026-05-04,策略9,00655L,36.59000015258789,bull
2026-05-04,策略9,9938,44.900001525878906,bull
2026-05-04,策略9,1612,36.45000076293945,bull
2026-05-04,策略9,5490,27.450000762939453,bull
2026-05-04,策略9,2204,54.5,bull
2026-05-04,策略9,00926,24.739999771118164,bull
2026-05-04,策略9,4915,74.19999694824219,bull
2026-05-04,策略9,00643,19.979999542236328,bull
2026-05-04,策略9,00992A,18.049999237060547,bull
2026-05-04,策略9,3550,21.399999618530273,bull
2026-05-04,策略9,6834,39.349998474121094,bull
2026-05-04,策略9,2302,19.549999237060547,bull
2026-05-04,策略9,6005,29.0,bull
2026-05-04,策略9,00852L,31.3799991607666,bull
2026-05-04,策略9,6026,15.699999809265137,bull
2026-05-04,策略9,009809,14.869999885559082,bull
2026-05-04,策略9,6768,79.80000305175781,bull
2026-05-04,策略9,6206,111.0,bull
2026-05-04,策略9,009800,12.239999771118164,bull
2026-05-04,策略9,2385,127.5,bull
2026-05-04,策略9,2634,48.95000076293945,bull
2026-05-04,策略9,00900,15.699999809265137,bull
2026-05-04,策略9,00993A,13.140000343322754,bull
2026-05-04,策略9,00952,16.549999237060547,bull
2026-05-04,策略9,00938,20.690000534057617,bull
2026-05-04,策略9,00637L,21.68000030517578,bull
2026-05-04,策略9,8926,45.900001525878906,bull
2026-05-04,策略9,8086,150.5,bull
2026-05-04,策略9,5471,43.45000076293945,bull
2026-05-04,策略9,009811,12.399999618530273,bull
2026-05-04,策略9,2027,37.70000076293945,bull
2026-05-04,策略9,009805,17.219999313354492,bull
2026-05-04,策略9,00986A,14.020000457763672,bull
2026-05-04,策略9,3694,61.400001525878906,bull
2026-05-04,策略9,00971,16.350000381469727,bull
2026-05-04,策略9,1609,33.20000076293945,bull
2026-05-04,策略9,00919,23.959999084472656,bull
2026-05-04,策略9,2883,21.399999618530273,bull
2026-05-04,策略9,1608,33.599998474121094,bull
2026-05-04,策略9,009813,10.979999542236328,bull
2026-05-04,策略9,00962,12.729999542236328,bull
2026-05-04,策略9,00939,17.239999771118164,bull
2026-05-04,策略9,00928,32.75,bull
2026-05-04,策略9,00921,20.84000015258789,bull
2026-05-04,策略9,00954,16.979999542236328,bull
2026-05-04,策略9,00706L,19.899999618530273,bull
2026-05-04,策略9,00946,11.899999618530273,bull
2026-05-04,策略9,00915,25.079999923706055,bull
2026-05-04,策略9,2615,75.5999984741211,bull
2026-05-04,策略9,009814,10.65999984741211,bull
2026-05-04,策略9,00639,17.3700008392334,bull
2026-05-04,策略9,4744,32.900001525878906,bull
2026-05-04,策略9,00943,17.959999084472656,bull
2026-05-04,策略9,4533,31.100000381469727,bull
2026-05-04,策略9,3003,55.5,bull
2026-05-04,策略9,00981T,11.739999771118164,bull
2026-05-04,策略9,00636,28.56999969482422,bull
2026-05-04,策略9,5328,25.899999618530273,bull
2026-05-04,策略9,00650L,17.899999618530273,bull
2026-05-04,策略9,6129,17.200000762939453,bull
2026-05-04,策略9,6113,23.450000762939453,bull
2026-05-04,策略9,00984A,14.510000228881836,bull
2026-05-04,策略9,00665L,10.1899995803833,bull
2026-05-04,策略9,00918,23.59000015258789,bull
2026-05-04,策略9,1605,31.700000762939453,bull
2026-05-04,策略9,00944,17.579999923706055,bull
2026-05-04,策略9,00964,14.130000114440918,bull
2026-05-04,策略9,6109,12.0,bull
2026-05-04,策略9,00983A,11.699999809265137,bull
2026-05-04,策略9,6156,20.600000381469727,bull
2026-05-04,策略9,00940,10.529999732971191,bull
2026-05-04,策略9,5508,50.0,bull
2026-05-04,策略9,00882,15.789999961853027,bull
2026-05-04,策略9,00865B,48.0099983215332,bull
2026-05-04,策略9,00932,16.06999969482422,bull
2026-05-04,策略9,00641R,4.070000171661377,bull
2026-05-04,策略9,2031,40.70000076293945,bull
2026-05-04,策略9,3022,71.0,bull
2026-05-04,策略9,00987B,16.0,bull
2026-05-04,策略9,00961,10.369999885559082,bull
2026-05-04,策略9,009817,9.350000381469727,bull
2026-05-04,策略9,00981D,10.399999618530273,bull
2026-05-04,策略9,00985B,10.25,bull
2026-05-04,策略10,4128,15.449999809265137,bull
2026-05-04,策略10,2609,49.95000076293945,bull
2026-05-04,策略10,2505,18.200000762939453,bull
2026-05-04,策略10,5314,75.0,bull
2026-05-04,策略10,2485,64.5,bull
2026-05-04,策略10,5608,15.300000190734863,bull
2026-05-04,策略10,2371,30.5,bull
2026-05-04,策略10,00967B,9.149999618530273,bull
2026-05-04,策略10,00853B,27.719999313354492,bull
2026-05-04,策略10,2442,18.299999237060547,bull
2026-05-04,策略10,1582,94.0,bull
2026-05-04,策略10,00696B,29.020000457763672,bull
2026-05-04,策略10,2323,10.399999618530273,bull
2026-05-04,策略10,5508,50.0,bull
2026-05-04,策略10,2528,22.399999618530273,bull
2026-05-04,策略10,00687B,27.920000076293945,bull
2026-05-04,策略10,7717,756.0,bull
2026-05-04,策略10,00722B,35.84000015258789,bull
2026-05-04,策略10,3131,3065.0,bull
2026-05-04,策略10,2646,20.25,bull
2026-05-04,策略10,00679B,26.8700008392334,bull
2026-05-04,策略10,2891,52.900001525878906,bull
2026-05-04,策略10,00764B,27.920000076293945,bull
2026-05-04,策略10,00725B,34.88999938964844,bull
2026-05-04,策略10,00948B,9.4399995803833,bull
2026-05-04,策略10,7709,76.0999984741211,bull
2026-05-04,策略10,009817,9.350000381469727,bull
2026-05-04,策略10,3372,18.799999237060547,bull
2026-05-04,策略10,1605,31.700000762939453,bull
2026-05-04,策略10,00795B,27.110000610351562,bull
2026-05-04,策略10,00857B,23.270000457763672,bull
2026-05-04,策略10,8436,120.0,bull
2026-05-04,策略10,2606,62.400001525878906,bull
2026-05-04,策略10,6285,226.5,bull
2026-05-04,策略10,00740B,38.58000183105469,bull
2026-05-04,策略10,1434,16.0,bull
2026-05-04,策略10,4770,238.0,bull
2026-05-04,策略10,3236,30.649999618530273,bull
2026-05-04,策略10,6715,426.0,bull
2026-05-04,策略10,2441,92.4000015258789,bull
2026-05-04,策略10,1609,33.20000076293945,bull
2026-05-04,策略10,00963,12.720000267028809,bull
2026-05-04,策略10,7822,1390.0,bull
2026-05-04,策略10,1307,31.549999237060547,bull
2026-05-04,策略10,2466,56.70000076293945,bull
2026-05-04,策略10,00862B,31.649999618530273,bull
2026-05-04,策略10,6589,45.70000076293945,bull
2026-05-04,策略10,3036,210.5,bull
2026-05-04,策略10,2353,28.049999237060547,bull
2026-05-04,策略10,5381,23.850000381469727,bull
2026-05-04,策略10,3481,24.799999237060547,bull
2026-05-04,策略10,3060,27.850000381469727,bull
2026-05-04,策略10,6133,22.200000762939453,bull
2026-05-04,策略10,2498,41.099998474121094,bull
2026-05-04,策略10,5522,69.4000015258789,bull
2026-05-04,策略10,6768,79.80000305175781,bull
2026-05-04,策略10,00933B,16.010000228881836,bull
2026-05-04,策略10,00968B,9.260000228881836,bull
2026-05-04,策略10,00706L,19.899999618530273,bull
2026-05-04,策略10,3663,73.0,bull
2026-05-04,策略10,00958B,9.270000457763672,bull
2026-05-04,策略10,7821,47.29999923706055,bull
2026-05-04,策略10,4533,31.100000381469727,bull
2026-05-04,策略10,00949,19.520000457763672,bull
2026-05-04,策略10,00984B,16.309999465942383,bull
2026-05-04,策略10,00724B,33.630001068115234,bull
2026-05-04,策略10,00942B,14.3100004196167,bull
2026-05-04,策略10,7721,77.69999694824219,bull
2026-05-04,策略10,1795,226.5,bull
2026-05-04,策略10,5905,8.0600004196167,bull
2026-05-04,策略10,6282,48.95000076293945,bull
2026-05-04,策略10,3049,13.399999618530273,bull
2026-05-04,策略10,6869,84.69999694824219,bull
2026-05-04,策略10,1301,50.79999923706055,bull
2026-05-04,策略10,1513,155.5,bull
2026-05-04,策略10,00989B,10.020000457763672,bull
2026-05-04,策略10,00950B,14.069999694824219,bull
2026-05-04,策略10,6188,84.80000305175781,bull
2026-05-04,策略10,6244,27.700000762939453,bull
2026-05-04,策略10,00970B,9.34000015258789,bull
2026-05-04,策略10,9921,68.9000015258789,bull
2026-05-04,策略10,3090,105.5,bull
2026-05-04,策略10,3413,324.5,bull
2026-05-04,策略10,6449,166.0,bull
2026-05-04,策略10,2615,75.5999984741211,bull
2026-05-04,策略10,3491,1705.0,bull
2026-05-04,策略10,00988B,19.950000762939453,bull
2026-05-04,策略10,6438,177.0,bull
2026-05-04,策略10,2406,32.650001525878906,bull
2026-05-04,策略10,2610,18.0,bull
2026-05-04,策略10,3615,32.900001525878906,bull
2026-05-04,策略10,6112,46.75,bull
2026-05-04,策略10,2354,53.20000076293945,bull
2026-05-04,策略10,6442,2085.0,bull
2026-05-04,策略10,4551,136.5,bull
2026-05-04,策略10,00773B,35.880001068115234,bull
2026-05-04,策略10,1503,201.5,bull
2026-05-04,策略10,8942,42.849998474121094,bull
2026-05-04,策略10,2393,71.69999694824219,bull
2026-05-04,策略10,8096,93.30000305175781,bull
2026-05-04,策略10,00956,12.109999656677246,bull
2026-05-04,策略10,6126,33.650001525878906,bull
2026-05-04,策略10,2478,71.4000015258789,bull
2026-05-04,策略10,00650L,17.899999618530273,bull
2026-05-04,策略10,4915,74.19999694824219,bull
2026-05-04,策略10,2329,60.29999923706055,bull
2026-05-04,策略10,3437,27.649999618530273,bull
2026-05-04,策略10,6937,335.0,bull
2026-05-04,策略10,8390,86.69999694824219,bull
2026-05-04,策略10,6451,474.0,bull
2026-05-04,策略10,9933,37.0,bull
2026-05-04,策略10,3406,540.0,bull
2026-05-04,策略10,6761,212.0,bull
2026-05-04,策略10,2385,127.5,bull
2026-05-04,策略10,5291,68.69999694824219,bull
2026-05-04,策略10,1809,28.25,bull
2026-05-04,策略10,8070,48.5,bull
2026-05-04,策略10,5484,38.900001525878906,bull
2026-05-04,策略10,8068,24.200000762939453,bull
2026-05-04,策略10,8150,76.5,bull
2026-05-04,策略10,4766,374.5,bull
2026-05-04,策略10,5534,77.80000305175781,bull
2026-05-04,策略10,2605,35.0,bull
2026-05-04,策略10,9938,44.900001525878906,bull
2026-05-04,策略10,2439,88.5999984741211,bull
2026-05-04,策略10,2072,181.0,bull
2026-05-04,策略10,3022,71.0,bull
2026-05-04,策略11,006208,219.1999969482422,bull
2026-05-04,策略11,00913,41.310001373291016,bull
2026-05-04,策略11,2395,395.0,bull
2026-05-04,策略11,009803,20.049999237060547,bull
2026-05-04,策略11,3498,96.4000015258789,bull
2026-05-04,策略11,3526,363.0,bull
2026-05-04,策略11,2465,81.4000015258789,bull
2026-05-04,策略11,2417,51.79999923706055,bull
2026-05-04,策略11,3580,94.4000015258789,bull
2026-05-04,策略11,4951,130.5,bull
2026-05-04,策略11,00858,34.61000061035156,bull
2026-05-04,策略11,00888,27.81999969482422,bull
2026-05-04,策略11,00903,19.299999237060547,bull
2026-05-04,策略11,2855,37.54999923706055,bull
2026-05-04,策略11,6414,334.0,bull
2026-05-04,策略11,00986A,14.020000457763672,bull
2026-05-04,策略11,00939,17.239999771118164,bull
2026-05-04,策略11,00936,19.0,bull
2026-05-04,策略11,00891,32.75,bull
2026-05-04,策略11,6146,238.5,bull
2026-05-04,策略11,00962,12.729999542236328,bull
2026-05-04,策略11,00987B,16.0,bull
2026-05-04,策略11,6823,104.0,bull
2026-05-04,策略11,3135,155.5,bull
2026-05-04,策略11,3037,911.0,bull
2026-05-04,策略11,5464,35.900001525878906,bull
2026-05-04,策略11,6026,15.699999809265137,bull
2026-05-04,策略11,2388,83.0999984741211,bull
2026-05-04,策略11,6015,14.649999618530273,bull
2026-05-04,策略11,2233,318.5,bull
2026-05-04,策略11,3088,112.0,bull
2026-05-04,策略11,3033,37.900001525878906,bull
2026-05-04,策略11,1568,30.200000762939453,bull
2026-05-04,策略11,2883,21.399999618530273,bull
2026-05-04,策略12,2611,13.350000381469727,bull
2026-05-04,策略12,1304,13.550000190734863,bull
2026-05-04,策略12,2913,11.100000381469727,bull
2026-05-04,策略12,1604,22.799999237060547,bull
2026-05-04,策略12,2836,11.800000190734863,bull
2026-05-04,策略12,2427,21.100000381469727,bull
2026-05-04,策略12,5534,77.80000305175781,bull
2026-05-04,策略12,2442,18.299999237060547,bull
2026-05-04,策略12,1310,9.0,bull
2026-05-04,策略12,5608,15.300000190734863,bull
2026-05-04,策略12,1309,19.200000762939453,bull
2026-05-04,策略12,5521,11.300000190734863,bull
2026-05-04,策略12,2618,33.79999923706055,bull
2026-05-04,策略12,9914,57.900001525878906,bull
2026-05-04,策略12,00635U,48.27000045776367,bull
2026-05-04,策略12,2014,17.399999618530273,bull
2026-05-04,策略12,4164,28.950000762939453,bull
2026-05-04,策略12,3508,22.299999237060547,bull
2026-05-04,策略12,00969B,8.300000190734863,bull
2026-05-04,策略12,5522,69.4000015258789,bull
2026-05-04,策略12,1524,28.0,bull
2026-05-04,策略12,00988B,19.950000762939453,bull
2026-05-04,策略12,2431,10.75,bull
2026-05-04,策略12,8422,27.950000762939453,bull
2026-05-04,策略12,3060,27.850000381469727,bull
2026-05-04,策略12,1712,42.150001525878906,bull
2026-05-04,策略12,00967B,9.149999618530273,bull
2026-05-04,策略12,00764B,27.920000076293945,bull
2026-05-04,策略12,6177,45.150001525878906,bull
2026-05-04,策略12,00696B,29.020000457763672,bull
2026-05-04,策略12,2331,20.700000762939453,bull
2026-05-04,策略12,2030,15.800000190734863,bull
2026-05-04,策略12,3066,18.600000381469727,bull
2026-05-04,策略12,6442,2085.0,bull
2026-05-04,策略12,2027,37.70000076293945,bull
2026-05-04,策略12,9958,102.0,bull
2026-05-04,策略12,6499,83.0,bull
2026-05-04,策略12,2610,18.0,bull
2026-05-04,策略12,00968B,9.260000228881836,bull
2026-05-04,策略12,8431,62.900001525878906,bull
2026-05-04,策略12,00862B,31.649999618530273,bull
2026-05-04,策略12,6550,17.549999237060547,bull
2026-05-04,策略12,2355,51.400001525878906,bull
2026-05-04,策略12,00950B,14.069999694824219,bull
2026-05-04,策略12,6133,22.200000762939453,bull
2026-05-04,策略12,6919,103.5,bull
2026-05-04,策略12,6994,64.5,bull
2026-05-04,策略12,3005,98.4000015258789,bull
2026-05-04,策略12,5484,38.900001525878906,bull
2026-05-04,策略12,00958B,9.270000457763672,bull
2026-05-04,策略12,3552,54.099998474121094,bull
2026-05-04,策略12,6806,21.200000762939453,bull
2026-05-04,策略12,9939,112.5,bull
2026-05-04,策略12,4934,16.049999237060547,bull
2026-05-04,策略12,6153,18.0,bull
2026-05-04,策略12,5302,11.100000381469727,bull
2026-05-04,策略13,6829,270.0,bull
2026-05-04,策略13,6735,120.5,bull
2026-05-04,策略13,6234,58.0,bull
2026-05-04,策略13,4958,432.5,bull
2026-05-04,策略13,6658,143.5,bull
2026-05-04,策略13,6789,611.0,bull
2026-05-04,策略13,4951,130.5,bull
2026-05-04,策略13,3016,98.5999984741211,bull
2026-05-04,策略13,1595,77.0,bull
2026-05-04,策略13,1597,157.5,bull
2026-05-04,策略13,6274,1110.0,bull
2026-05-04,策略13,6205,94.5,bull
2026-05-04,策略13,6672,223.0,bull
2026-05-04,策略13,8046,986.0,bull
2026-05-04,策略13,2464,116.0,bull
2026-05-04,策略13,2070,63.0,bull
2026-05-04,策略13,3518,34.29999923706055,bull
2026-05-04,策略13,2383,4755.0,bull
2026-05-04,策略13,6405,55.900001525878906,bull
2026-05-04,策略13,4540,68.4000015258789,bull
2026-05-04,策略13,1591,65.30000305175781,bull
2026-05-04,策略13,3189,531.0,bull
2026-05-04,策略13,8271,223.0,bull
2026-05-04,策略13,3661,4250.0,bull
2026-05-04,策略13,6683,2335.0,bull
2026-05-04,策略13,4949,105.0,bull
2026-05-04,策略13,3665,2940.0,bull
2026-05-04,策略13,6415,435.0,bull
2026-05-04,策略13,8040,74.4000015258789,bull
2026-05-04,策略13,2368,1440.0,bull
2026-05-04,策略13,3605,85.80000305175781,bull
2026-05-04,策略13,2345,2505.0,bull
2026-05-04,策略13,2417,51.79999923706055,bull
2026-05-04,策略13,3680,564.0,bull
2026-05-04,策略13,1711,58.099998474121094,bull
2026-05-04,策略13,00663L,89.19999694824219,bull
2026-05-04,策略13,3228,200.0,bull
2026-05-04,策略13,00675L,270.0,bull
2026-05-04,策略13,6488,606.0,bull
2026-05-04,策略13,3051,29.399999618530273,bull
2026-05-04,策略13,6706,166.5,bull
2026-05-04,策略13,4720,25.399999618530273,bull
2026-05-04,策略13,6441,28.299999237060547,bull
2026-05-04,策略13,00947,32.849998474121094,bull
2026-05-04,策略13,6903,408.0,bull
2026-05-04,策略13,6669,4860.0,bull
2026-05-04,策略13,2303,81.19999694824219,bull
2026-05-04,策略13,2233,318.5,bull
2026-05-04,策略13,6197,228.5,bull
2026-05-04,策略13,00911,50.150001525878906,bull
2026-05-04,策略13,5289,1295.0,bull
2026-05-04,策略13,00830,75.0999984741211,bull
2026-05-04,策略13,5386,398.0,bull
2026-05-04,策略13,3031,31.549999237060547,bull
2026-05-04,策略13,3707,68.69999694824219,bull
2026-05-04,策略13,8028,244.5,bull
2026-05-04,策略13,3028,69.4000015258789,bull
2026-05-04,策略13,8438,94.5999984741211,bull
2026-05-04,策略13,3088,112.0,bull
2026-05-04,策略13,3017,2885.0,bull
2026-05-04,策略13,3526,363.0,bull
2026-05-04,策略13,00992A,18.049999237060547,bull
2026-05-04,策略13,2049,318.5,bull
2026-05-04,策略13,00894,46.380001068115234,bull
2026-05-04,策略13,5443,137.5,bull
2026-05-04,策略13,2327,342.5,bull
2026-05-04,策略13,00927,31.639999389648438,bull
2026-05-04,策略13,8227,158.0,bull
2026-05-04,策略15,6227,94.5,bull
2026-05-04,策略15,00981D,10.399999618530273,bull
2026-05-04,策略15,00987B,16.0,bull
2026-05-04,策略16,4571,194.0,bull
2026-05-04,策略16,2328,54.400001525878906,bull
2026-05-04,策略16,6412,89.0999984741211,bull
2026-05-04,策略16,3707,68.69999694824219,bull
2026-05-04,策略16,2374,82.0,bull
2026-05-04,策略16,4526,37.5,bull
2026-05-04,策略16,2302,19.549999237060547,bull
2026-05-04,策略16,2359,125.5,bull
2026-05-04,策略16,8926,45.900001525878906,bull
2026-05-04,策略16,1612,36.45000076293945,bull
2026-05-04,策略16,4510,51.70000076293945,bull
2026-05-04,策略16,4770,238.0,bull
2026-05-04,策略16,00955,15.720000267028809,bull
2026-05-04,策略16,2881,91.0,bull
2026-05-04,策略16,3691,129.5,bull
2026-05-04,策略16,6215,115.0,bull
2026-05-04,策略16,6005,29.0,bull
2026-05-04,策略16,8936,52.29999923706055,bull
2026-05-04,策略16,009812,11.720000267028809,bull
2026-05-04,策略16,3535,141.0,bull
2026-05-04,策略17,00903,19.299999237060547,bull
2026-05-04,策略17,00858,34.61000061035156,bull
2026-05-04,策略17,00936,19.0,bull
2026-05-04,策略17,00888,27.81999969482422,bull
2026-05-04,策略17,00919,23.959999084472656,bull
2026-05-04,策略17,00915,25.079999923706055,bull
2026-05-04,策略17,1612,36.45000076293945,bull
2026-05-04,策略17,00939,17.239999771118164,bull
2026-05-04,策略17,6015,14.649999618530273,bull
2026-05-04,策略17,2883,21.399999618530273,bull
2026-05-04,策略17,00989A,16.3700008392334,bull
2026-05-04,策略17,2395,395.0,bull
2026-05-04,策略17,3033,37.900001525878906,bull
2026-05-04,策略17,6414,334.0,bull
2026-05-04,策略17,5464,35.900001525878906,bull
2026-05-04,策略17,00962,12.729999542236328,bull
2026-05-04,策略17,1568,30.200000762939453,bull
2026-05-04,策略17,2855,37.54999923706055,bull
2026-05-04,策略17,8121,31.350000381469727,bull
2026-05-04,策略19,6830,925.0,bull
2026-05-04,策略19,4766,374.5,bull
2026-05-04,策略19,4526,37.5,bull
2026-05-04,策略19,5443,137.5,bull
2026-05-04,策略19,3498,96.4000015258789,bull
2026-05-04,策略19,2455,355.0,bull
2026-05-04,策略19,3535,141.0,bull
2026-05-04,策略19,3709,85.19999694824219,bull
2026-05-04,策略19,6166,82.30000305175781,bull
2026-05-04,策略19,1591,65.30000305175781,bull
2026-05-04,策略19,6834,39.349998474121094,bull
2026-05-04,策略19,8121,31.350000381469727,bull
2026-05-04,策略19,8255,142.5,bull
2026-05-04,策略19,6937,335.0,bull
2026-05-04,策略19,5291,68.69999694824219,bull
2026-05-04,策略19,2236,139.5,bull
2026-05-04,策略19,00960,17.389999389648438,bull
2026-05-04,策略19,00915,25.079999923706055,bull
2026-05-04,策略19,3550,21.399999618530273,bull
2026-05-04,策略19,00987B,16.0,bull
2026-05-04,策略19,4510,51.70000076293945,bull
2026-05-04,策略19,3094,28.0,bull
2026-05-04,策略19,6174,34.150001525878906,bull
2026-05-04,策略19,00955,15.720000267028809,bull
2026-05-04,策略19,8091,197.0,bull
2026-05-04,策略19,3437,27.649999618530273,bull
2026-05-04,策略19,3356,54.20000076293945,bull
2026-05-04,策略19,6189,49.25,bull
2026-05-04,策略19,3090,105.5,bull
2026-05-04,策略19,6147,179.0,bull
2026-05-04,策略19,6261,100.5,bull
2026-05-04,策略19,2401,25.299999237060547,bull
2026-05-04,策略19,00919,23.959999084472656,bull
2026-05-04,策略19,00964,14.130000114440918,bull
2026-05-04,策略20,1591,65.30000305175781,bull
2026-05-04,策略20,8926,45.900001525878906,bull
2026-05-04,策略20,2451,265.5,bull
2026-05-04,策略20,8996,1245.0,bull
2026-05-04,策略20,4743,54.20000076293945,bull
2026-05-04,策略20,3057,20.149999618530273,bull
2026-05-04,策略20,6869,84.69999694824219,bull
2026-05-04,策略20,2344,95.4000015258789,bull
2026-05-04,策略20,3081,2745.0,bull
2026-05-04,策略20,8068,24.200000762939453,bull
2026-05-04,策略20,6426,223.0,bull
2026-05-04,策略20,6446,645.0,bull
2026-05-04,策略20,8091,197.0,bull
2026-05-04,策略20,3594,54.79999923706055,bull
2026-05-04,策略20,6716,84.0999984741211,bull
2026-05-04,策略20,6126,33.650001525878906,bull
2026-05-04,策略20,5236,160.5,bull
2026-05-04,策略20,6223,5165.0,bull
2026-05-04,策略20,1503,201.5,bull
2026-05-04,策略20,3105,524.0,bull
2026-05-04,策略20,3090,105.5,bull
2026-05-04,策略20,1560,557.0,bull
2026-05-04,策略25,00713,53.04999923706055,bull
2026-05-04,策略25,00712,9.170000076293945,bull
2026-05-04,策略25,00882,15.789999961853027,bull
2026-05-04,策略25,00733,65.69999694824219,bull
2026-05-04,策略25,00731,72.55000305175781,bull
2026-05-04,策略25,00965,25.989999771118164,bull
2026-05-04,策略25,00919,23.959999084472656,bull
2026-05-04,策略25,00983A,11.699999809265137,bull
2026-05-04,策略25,8121,31.350000381469727,bull
2026-05-04,策略25,00963,12.720000267028809,bull
2026-05-04,策略25,2301,171.5,bull
2026-05-04,策略25,3023,288.5,bull
2026-05-04,策略25,009812,11.720000267028809,bull
2026-05-04,策略25,6488,606.0,bull
2026-05-04,策略25,2344,95.4000015258789,bull
2026-05-04,策略25,1609,33.20000076293945,bull
2026-05-04,策略25,2393,71.69999694824219,bull
2026-05-04,策略25,1503,201.5,bull
2026-05-04,策略25,6138,244.0,bull
2026-05-04,策略25,2408,237.0,bull
2026-05-04,策略25,6526,589.0,bull
2026-05-04,策略25,8249,50.5,bull
2026-05-04,策略25,8255,142.5,bull
2026-05-04,策略25,6525,95.9000015258789,bull
2026-05-04,策略25,6189,49.25,bull
2026-05-04,策略25,8028,244.5,bull
2026-05-04,策略25,2302,19.549999237060547,bull
2026-05-04,策略25,00701,30.209999084472656,bull
2026-05-04,策略25,00915,25.079999923706055,bull
2026-05-04,策略25,00961,10.369999885559082,bull
2026-05-04,策略25,00918,23.59000015258789,bull
2026-05-04,策略25,00932,16.06999969482422,bull
2026-05-04,策略25,00940,10.529999732971191,bull
2026-05-04,策略25,6217,279.5,bull
2026-05-04,策略25,00885,18.850000381469727,bull
2026-05-04,策略25,5289,1295.0,bull
2026-05-04,策略25,6937,335.0,bull
2026-05-04,策略25,2883,21.399999618530273,bull
2026-05-04,策略25,6182,44.099998474121094,bull
2026-05-04,策略25,8299,2010.0,bull
2026-05-04,策略25,8937,37.400001525878906,bull
2026-05-04,策略25,2031,40.70000076293945,bull
2026-05-04,策略25,2881,91.0,bull
2026-05-04,策略25,1569,63.5,bull
2026-05-04,策略25,00943,17.959999084472656,bull
2026-05-04,策略25,3653,5300.0,bull
2026-05-04,策略25,00941,24.299999237060547,bull
2026-05-04,策略25,00945B,14.510000228881836,bull
2026-05-04,策略25,00763U,32.09000015258789,bull
2026-05-04,策略25,2356,46.5,bull
2026-05-04,策略25,00987B,16.0,bull
2026-05-04,策略25,00981D,10.399999618530273,bull
2026-05-04,策略25,4551,136.5,bull
2026-05-04,策略25,3339,60.0,bull
2026-05-04,策略25,7610,663.0,bull
2026-05-04,策略25,9933,37.0,bull
2026-05-04,策略25,6109,12.0,bull
2026-05-04,策略25,1612,36.45000076293945,bull
2026-05-04,策略25,3029,101.5,bull
2026-05-04,策略25,6233,28.799999237060547,bull
2026-05-04,策略25,2449,332.5,bull
2026-05-04,策略25,6446,645.0,bull
2026-05-04,策略25,6510,3780.0,bull
2026-05-04,策略25,4542,218.5,bull
2026-05-04,策略25,5443,137.5,bull
2026-05-04,策略25,6435,197.0,bull
2026-05-04,策略25,9105,5.829999923706055,bull
2026-05-04,策略25,3169,107.5,bull
2026-05-04,策略25,3152,170.0,bull
2026-05-04,策略25,3209,51.79999923706055,bull
2026-05-04,策略25,3580,94.4000015258789,bull
2026-05-04,策略25,8926,45.900001525878906,bull
2026-05-04,策略25,8162,50.79999923706055,bull
2026-05-04,策略25,3048,38.70000076293945,bull
2026-05-04,策略25,3231,140.5,bull
2026-05-04,策略25,4749,1030.0,bull
2026-05-04,策略25,3406,540.0,bull
2026-05-04,策略25,8131,66.80000305175781,bull
2026-05-04,策略25,2444,13.449999809265137,bull
2026-05-04,策略25,00954,16.979999542236328,bull
2026-05-04,策略25,00642U,30.56999969482422,bull
2026-05-04,策略25,3042,166.0,bull
2026-05-04,策略25,1570,38.0,bull
2026-05-04,策略25,6165,51.599998474121094,bull
2026-05-04,策略25,8068,24.200000762939453,bull
2026-05-04,策略25,5536,854.0,bull
2026-05-04,策略25,8271,223.0,bull
2026-05-04,策略25,6108,19.0,bull
2026-05-04,策略25,5498,74.0,bull
2026-05-04,策略25,6117,86.9000015258789,bull
2026-05-04,策略25,6129,17.200000762939453,bull
2026-05-04,策略25,2337,154.5,bull
2026-05-04,策略25,4743,54.20000076293945,bull
2026-05-04,策略25,3003,55.5,bull
2026-05-04,策略25,2637,73.0999984741211,bull
2026-05-04,策略25,2645,159.0,bull
2026-05-04,策略25,2455,355.0,bull
2026-05-04,策略25,2376,279.0,bull
2026-05-04,策略25,1773,173.0,bull
2026-05-04,策略25,2236,139.5,bull
2026-05-04,策略25,2327,342.5,bull
2026-05-04,策略25,1560,557.0,bull
2026-05-04,策略25,1301,50.79999923706055,bull
2026-05-04,策略25,1326,50.79999923706055,bull
2026-05-04,策略25,1536,55.0,bull
2026-05-04,策略25,00852L,31.3799991607666,bull
2026-05-04,策略25,00715L,66.5999984741211,bull
2026-05-04,策略25,00653L,47.4900016784668,bull
2026-05-04,策略25,00917,21.739999771118164,bull
2026-05-04,策略25,5871,115.0,bull
2026-05-04,策略25,5234,433.5,bull
2026-05-04,策略25,4541,47.849998474121094,bull
2026-05-04,策略25,3265,184.5,bull
2026-05-04,策略25,3354,28.049999237060547,bull
2026-05-04,策略25,3324,1190.0,bull
2026-05-04,策略25,3533,2610.0,bull
2026-05-04,策略25,3498,96.4000015258789,bull
2026-05-04,策略25,3057,20.149999618530273,bull
2026-05-04,策略25,3312,41.400001525878906,bull
2026-05-04,策略25,6147,179.0,bull
2026-05-04,策略25,6151,35.599998474121094,bull
2026-05-04,策略25,6245,80.5,bull
2026-05-04,策略25,6156,20.600000381469727,bull
2026-05-04,策略25,7795,385.5,bull
2026-05-04,策略25,8021,425.0,bull
2026-05-04,策略28,8255,142.5,bull
2026-05-04,策略28,6189,49.25,bull
2026-05-04,策略28,00960,17.389999389648438,bull
2026-05-04,策略29,6261,100.5,bull
2026-05-04,策略29,5443,137.5,bull
2026-05-04,策略29,6146,238.5,bull
2026-05-04,策略29,6695,50.29999923706055,bull
2026-05-04,策略29,3498,96.4000015258789,bull
2026-05-04,策略29,3580,94.4000015258789,bull
2026-05-04,策略29,3707,68.69999694824219,bull
2026-05-04,策略29,2374,82.0,bull
2026-05-04,策略29,4510,51.70000076293945,bull
2026-05-04,策略29,8121,31.350000381469727,bull
2026-05-04,策略29,3033,37.900001525878906,bull
2026-05-04,策略29,8255,142.5,bull
2026-05-04,策略29,4526,37.5,bull
2026-05-04,策略29,2388,83.0999984741211,bull
2026-05-04,策略29,4766,374.5,bull
2026-05-04,策略29,2302,19.549999237060547,bull
2026-05-04,策略29,00939,17.239999771118164,bull
2026-05-04,策略29,3059,41.04999923706055,bull
2026-05-04,策略29,3094,28.0,bull
2026-05-04,策略31,00919,23.959999084472656,bull
2026-05-04,策略31,00918,23.59000015258789,bull
2026-05-04,策略31,2327,342.5,bull
2026-05-04,策略31,2385,127.5,bull
2026-05-04,策略31,2421,150.0,bull
2026-05-04,策略31,2637,73.0999984741211,bull
2026-05-04,策略38,5443,137.5,bull
2026-05-04,策略38,3498,96.4000015258789,bull
2026-05-04,策略38,3535,141.0,bull
2026-05-04,策略38,6187,1330.0,bull
2026-05-04,策略38,3691,129.5,bull
2026-05-04,策略38,3437,27.649999618530273,bull
2026-05-04,策略38,5392,42.849998474121094,bull
2026-05-04,策略38,3580,94.4000015258789,bull
2026-05-04,策略38,6265,42.29999923706055,bull
2026-05-04,策略38,6412,89.0999984741211,bull
2026-05-04,策略38,4526,37.5,bull
2026-05-04,策略38,8131,66.80000305175781,bull
2026-05-04,策略38,8374,86.0999984741211,bull
2026-05-04,策略38,6834,39.349998474121094,bull
2026-05-04,策略38,6215,115.0,bull
2026-05-04,策略38,8234,69.0,bull
2026-05-04,策略38,1536,55.0,bull
2026-05-04,策略38,4766,374.5,bull
2026-05-04,策略38,2302,19.549999237060547,bull
2026-05-04,策略38,5009,33.400001525878906,bull
2026-05-04,策略38,4770,238.0,bull
2026-05-04,策略38,6269,67.9000015258789,bull
2026-05-04,策略38,1612,36.45000076293945,bull
2026-05-04,策略38,00960,17.389999389648438,bull
2026-05-04,策略39,6182,44.099998474121094,bull
2026-05-04,策略39,6488,606.0,bull
2026-05-04,策略39,4510,51.70000076293945,bull
2026-05-04,策略39,8074,88.30000305175781,bull
2026-05-04,策略39,3033,37.900001525878906,bull
2026-05-04,策略39,4743,54.20000076293945,bull
2026-05-04,策略39,5269,1390.0,bull
2026-05-04,策略39,8255,142.5,bull
2026-05-04,策略39,5386,398.0,bull
2026-05-04,策略39,8121,31.350000381469727,bull
2026-05-04,策略39,6510,3780.0,bull
2026-05-04,策略39,6206,111.0,bull
2026-05-04,策略39,6679,290.0,bull
2026-05-04,策略39,6716,84.0999984741211,bull
2026-05-04,策略40,3169,107.5,bull
2026-05-04,策略40,8255,142.5,bull
2026-05-04,策略40,3511,23.0,bull
2026-05-04,策略40,3094,28.0,bull
2026-05-04,策略40,2440,17.950000762939453,bull
2026-05-04,策略40,1569,63.5,bull
2026-05-04,策略40,2401,25.299999237060547,bull
2026-05-05,策略1,3481,27.25,bull
2026-05-05,策略1,0056,42.619998931884766,bull
2026-05-05,策略1,2317,239.5,bull
2026-05-05,策略1,2883,21.799999237060547,bull
2026-05-05,策略1,2887,23.700000762939453,bull
2026-05-05,策略1,00900,15.9399995803833,bull
2026-05-05,策略1,00918,23.780000686645508,bull
2026-05-05,策略1,2882,77.19999694824219,bull
2026-05-05,策略1,2603,208.0,bull
2026-05-05,策略1,2356,46.95000076293945,bull
2026-05-05,策略1,6197,243.5,bull
2026-05-05,策略1,00930,20.299999237060547,bull
2026-05-05,策略1,00934,24.309999465942383,bull
2026-05-05,策略1,2354,58.5,bull
2026-05-05,策略1,2363,55.79999923706055,bull
2026-05-05,策略1,2027,37.75,bull
2026-05-05,策略1,6269,68.5,bull
2026-05-05,策略1,4967,289.0,bull
2026-05-05,策略1,2606,62.79999923706055,bull
2026-05-05,策略1,6202,57.20000076293945,bull
2026-05-05,策略1,00864B,46.36000061035156,bull
2026-05-05,策略1,2458,140.5,bull
2026-05-05,策略1,3023,289.0,bull
2026-05-05,策略1,3022,75.0,bull
2026-05-05,策略1,3048,39.70000076293945,bull
2026-05-05,策略1,7769,5600.0,bull
2026-05-05,策略1,1597,173.0,bull
2026-05-05,策略1,5521,11.699999809265137,bull
2026-05-05,策略1,3533,2490.0,bull
2026-05-05,策略1,2305,16.75,bull
2026-05-05,策略1,2014,17.5,bull
2026-05-05,策略1,3041,24.549999237060547,bull
2026-05-05,策略1,8163,27.399999618530273,bull
2026-05-05,策略1,2417,56.900001525878906,bull
2026-05-05,策略1,5471,44.45000076293945,bull
2026-05-05,策略1,4541,51.70000076293945,bull
2026-05-05,策略1,5464,39.45000076293945,bull
2026-05-05,策略1,8255,148.5,bull
2026-05-05,策略1,6133,22.700000762939453,bull
2026-05-05,策略1,1810,18.600000381469727,bull
2026-05-05,策略1,6129,18.100000381469727,bull
2026-05-05,策略1,6449,172.0,bull
2026-05-05,策略1,3372,19.600000381469727,bull
2026-05-05,策略1,3078,57.0,bull
2026-05-05,策略1,2444,13.699999809265137,bull
2026-05-05,策略1,8121,32.95000076293945,bull
2026-05-05,策略1,6156,21.149999618530273,bull
2026-05-05,策略1,6179,24.149999618530273,bull
2026-05-05,策略1,4551,142.5,bull
2026-05-05,策略1,6217,297.5,bull
2026-05-05,策略1,6227,95.9000015258789,bull
2026-05-05,策略1,8076,22.75,bull
2026-05-05,策略1,5484,39.5,bull
2026-05-05,策略1,3071,31.25,bull
2026-05-05,策略1,6727,407.0,bull
2026-05-05,策略1,6143,91.19999694824219,bull
2026-05-05,策略1,00701,30.5,bull
2026-05-05,策略1,2365,36.95000076293945,bull
2026-05-05,策略1,8942,43.900001525878906,bull
2026-05-05,策略1,6206,110.5,bull
2026-05-05,策略1,3025,62.900001525878906,bull
2026-05-05,策略1,6109,12.100000381469727,bull
2026-05-05,策略1,6716,86.80000305175781,bull
2026-05-05,策略1,6243,34.75,bull
2026-05-05,策略1,3518,36.54999923706055,bull
2026-05-05,策略1,00731,72.8499984741211,bull
2026-05-05,策略1,4764,311.0,bull
2026-05-05,策略2,2330,2250.0,bull
2026-05-05,策略2,9938,45.349998474121094,bull
2026-05-05,策略2,3026,248.5,bull
2026-05-05,策略2,2855,39.099998474121094,bull
2026-05-05,策略2,00864B,46.36000061035156,bull
2026-05-05,策略2,2031,40.75,bull
2026-05-05,策略2,2204,53.70000076293945,bull
2026-05-05,策略2,9802,80.9000015258789,bull
2026-05-05,策略2,1612,36.599998474121094,bull
2026-05-05,策略2,6189,49.349998474121094,bull
2026-05-05,策略2,6768,79.69999694824219,bull
2026-05-05,策略2,4541,51.70000076293945,bull
2026-05-05,策略2,5464,39.45000076293945,bull
2026-05-05,策略2,8255,148.5,bull
2026-05-05,策略2,2368,1480.0,bull
2026-05-05,策略2,6129,18.100000381469727,bull
2026-05-05,策略2,3592,241.0,bull
2026-05-05,策略2,4746,56.099998474121094,bull
2026-05-05,策略2,3372,19.600000381469727,bull
2026-05-05,策略2,6525,102.5,bull
2026-05-05,策略2,3078,57.0,bull
2026-05-05,策略2,8121,32.95000076293945,bull
2026-05-05,策略2,6156,21.149999618530273,bull
2026-05-05,策略2,6179,24.149999618530273,bull
2026-05-05,策略2,6217,297.5,bull
2026-05-05,策略2,6227,95.9000015258789,bull
2026-05-05,策略2,8076,22.75,bull
2026-05-05,策略2,3071,31.25,bull
2026-05-05,策略2,6727,407.0,bull
2026-05-05,策略2,6143,91.19999694824219,bull
2026-05-05,策略2,3443,4835.0,bull
2026-05-05,策略2,8942,43.900001525878906,bull
2026-05-05,策略2,6669,4755.0,bull
2026-05-05,策略2,2345,2495.0,bull
2026-05-05,策略2,6109,12.100000381469727,bull
2026-05-05,策略2,6716,86.80000305175781,bull
2026-05-05,策略2,2059,4140.0,bull
2026-05-05,策略3,2317,239.5,bull
2026-05-05,策略3,2408,256.5,bull
2026-05-05,策略3,2344,98.80000305175781,bull
2026-05-05,策略3,2327,348.5,bull
2026-05-05,策略3,6488,666.0,bull
2026-05-05,策略3,5009,34.79999923706055,bull
2026-05-05,策略3,5371,74.30000305175781,bull
2026-05-05,策略3,8299,2115.0,bull
2026-05-05,策略3,8086,154.0,bull
2026-05-05,策略3,3044,484.5,bull
2026-05-05,策略3,3014,131.0,bull
2026-05-05,策略3,8255,148.5,bull
2026-05-05,策略3,4541,51.70000076293945,bull
2026-05-05,策略3,6138,251.5,bull
2026-05-05,策略3,6129,18.100000381469727,bull
2026-05-05,策略3,5464,39.45000076293945,bull
2026-05-05,策略3,2383,4730.0,bull
2026-05-05,策略3,6291,449.5,bull
2026-05-05,策略3,6727,407.0,bull
2026-05-05,策略3,6643,640.0,bull
2026-05-05,策略4,5464,39.45000076293945,bull
2026-05-05,策略4,2328,55.099998474121094,bull
2026-05-05,策略4,6405,61.400001525878906,bull
2026-05-05,策略4,5474,176.5,bull
2026-05-05,策略4,2354,58.5,bull
2026-05-05,策略4,8234,75.4000015258789,bull
2026-05-05,策略4,4571,199.5,bull
2026-05-05,策略4,2417,56.900001525878906,bull
2026-05-05,策略4,1809,31.049999237060547,bull
2026-05-05,策略4,6207,68.0999984741211,bull
2026-05-05,策略4,3004,125.5,bull
2026-05-05,策略4,8255,148.5,bull
2026-05-05,策略4,4526,40.29999923706055,bull
2026-05-05,策略4,00891,33.27000045776367,bull
2026-05-05,策略4,7777,30.049999237060547,bull
2026-05-05,策略4,3535,145.5,bull
2026-05-05,策略4,4562,40.349998474121094,bull
2026-05-05,策略4,2465,89.5,bull
2026-05-05,策略4,8131,69.0,bull
2026-05-05,策略4,5392,44.0,bull
2026-05-05,策略4,4951,140.0,bull
2026-05-05,策略4,3022,75.0,bull
2026-05-05,策略4,2342,39.70000076293945,bull
2026-05-05,策略4,5009,34.79999923706055,bull
2026-05-05,策略4,2317,239.5,bull
2026-05-05,策略4,3014,131.0,bull
2026-05-05,策略4,2369,33.20000076293945,bull
2026-05-05,策略4,3691,135.0,bull
2026-05-05,策略4,6830,975.0,bull
2026-05-05,策略5,6640,1495.0,bull
2026-05-05,策略5,5534,77.5999984741211,bull
2026-05-05,策略5,2903,22.450000762939453,bull
2026-05-05,策略5,1449,13.300000190734863,bull
2026-05-05,策略5,3305,111.0,bull
2026-05-05,策略5,2838,20.450000762939453,bull
2026-05-05,策略5,00988B,19.899999618530273,bull
2026-05-05,策略5,2485,68.69999694824219,bull
2026-05-05,策略5,5522,69.0999984741211,bull
2026-05-05,策略5,3596,165.0,bull
2026-05-05,策略5,2605,34.900001525878906,bull
2026-05-05,策略5,2461,17.25,bull
2026-05-05,策略5,00956,11.989999771118164,bull
2026-05-05,策略5,6547,49.54999923706055,bull
2026-05-05,策略5,5388,79.19999694824219,bull
2026-05-05,策略5,6134,31.600000381469727,bull
2026-05-05,策略5,00955,15.579999923706055,bull
2026-05-05,策略5,3491,1695.0,bull
2026-05-05,策略5,5484,39.5,bull
2026-05-05,策略5,3717,22.0,bull
2026-05-05,策略5,2891,53.5,bull
2026-05-05,策略6,3032,66.0,bull
2026-05-05,策略7,1591,67.69999694824219,bull
2026-05-05,策略7,7610,729.0,bull
2026-05-05,策略7,2408,256.5,bull
2026-05-05,策略7,5386,437.5,bull
2026-05-05,策略7,5905,8.039999961853027,bull
2026-05-05,策略7,6265,43.45000076293945,bull
2026-05-05,策略7,5289,1420.0,bull
2026-05-05,策略7,5351,74.0999984741211,bull
2026-05-05,策略7,2451,283.0,bull
2026-05-05,策略7,6903,410.0,bull
2026-05-05,策略7,6735,132.5,bull
2026-05-05,策略7,8271,232.0,bull
2026-05-05,策略7,8299,2115.0,bull
2026-05-05,策略7,7711,419.5,bull
2026-05-05,策略7,8996,1190.0,bull
2026-05-05,策略7,3006,182.0,bull
2026-05-05,策略7,3691,135.0,bull
2026-05-05,策略7,2406,32.70000076293945,bull
2026-05-05,策略7,3498,101.0,bull
2026-05-05,策略7,6588,159.5,bull
2026-05-05,策略7,3135,163.0,bull
2026-05-05,策略7,3028,69.5999984741211,bull
2026-05-05,策略7,4967,289.0,bull
2026-05-05,策略7,6531,935.0,bull
2026-05-05,策略7,3017,2705.0,bull
2026-05-05,策略7,7769,5600.0,bull
2026-05-05,策略7,6829,273.0,bull
2026-05-05,策略7,3057,20.200000762939453,bull
2026-05-05,策略7,4973,87.69999694824219,bull
2026-05-05,策略7,2337,160.5,bull
2026-05-05,策略7,6805,1995.0,bull
2026-05-05,策略7,2374,81.0,bull
2026-05-05,策略7,3324,1170.0,bull
2026-05-05,策略7,2344,98.80000305175781,bull
2026-05-05,策略7,2465,89.5,bull
2026-05-05,策略7,2467,571.0,bull
2026-05-05,策略7,4540,69.30000305175781,bull
2026-05-05,策略7,3229,42.95000076293945,bull
2026-05-05,策略7,6274,1220.0,bull
2026-05-05,策略7,2388,79.9000015258789,bull
2026-05-05,策略7,2236,139.5,bull
2026-05-05,策略7,6227,95.9000015258789,bull
2026-05-05,策略7,2072,178.5,bull
2026-05-05,策略7,6446,647.0,bull
2026-05-05,策略7,5443,135.0,bull
2026-05-05,策略7,6234,62.0,bull
2026-05-05,策略7,2360,2235.0,bull
2026-05-05,策略7,2368,1480.0,bull
2026-05-05,策略7,8091,191.0,bull
2026-05-05,策略7,2425,32.25,bull
2026-05-05,策略7,6658,157.0,bull
2026-05-05,策略7,3594,53.79999923706055,bull
2026-05-05,策略7,2383,4730.0,bull
2026-05-05,策略7,3515,237.5,bull
2026-05-05,策略7,1727,80.0,bull
2026-05-05,策略7,5464,39.45000076293945,bull
2026-05-05,策略7,4764,311.0,bull
2026-05-05,策略7,4543,41.5,bull
2026-05-05,策略7,6215,116.0,bull
2026-05-05,策略7,8086,154.0,bull
2026-05-05,策略7,6716,86.80000305175781,bull
2026-05-05,策略7,2317,239.5,bull
2026-05-05,策略7,6683,2565.0,bull
2026-05-05,策略7,2330,2250.0,bull
2026-05-05,策略7,8210,1265.0,bull
2026-05-05,策略7,2345,2495.0,bull
2026-05-05,策略7,8374,90.0,bull
2026-05-05,策略7,8358,433.0,bull
2026-05-05,策略7,4949,101.5,bull
2026-05-05,策略7,3689,139.0,bull
2026-05-05,策略7,5291,69.0,bull
2026-05-05,策略7,6126,33.70000076293945,bull
2026-05-05,策略7,4991,744.0,bull
2026-05-05,策略7,5269,1350.0,bull
2026-05-05,策略7,8046,997.0,bull
2026-05-05,策略7,2059,4140.0,bull
2026-05-05,策略7,6223,5000.0,bull
2026-05-05,策略7,1597,173.0,bull
2026-05-05,策略7,6259,21.100000381469727,bull
2026-05-05,策略7,4510,48.400001525878906,bull
2026-05-05,策略7,2449,354.0,bull
2026-05-05,策略7,6239,227.5,bull
2026-05-05,策略7,2605,34.900001525878906,bull
2026-05-05,策略7,8131,69.0,bull
2026-05-05,策略7,3443,4835.0,bull
2026-05-05,策略7,2369,33.20000076293945,bull
2026-05-05,策略7,3481,27.25,bull
2026-05-05,策略7,2417,56.900001525878906,bull
2026-05-05,策略7,8155,456.5,bull
2026-05-05,策略7,6672,220.5,bull
2026-05-05,策略7,4749,981.0,bull
2026-05-05,策略7,6834,38.650001525878906,bull
2026-05-05,策略7,4542,240.0,bull
2026-05-05,策略7,8070,49.099998474121094,bull
2026-05-05,策略7,8074,92.69999694824219,bull
2026-05-05,策略7,3004,125.5,bull
2026-05-05,策略7,1560,572.0,bull
2026-05-05,策略7,6174,37.54999923706055,bull
2026-05-05,策略7,1528,29.200000762939453,bull
2026-05-05,策略7,3088,116.0,bull
2026-05-05,策略7,3550,23.5,bull
2026-05-05,策略7,8016,234.5,bull
2026-05-05,策略7,6166,78.5999984741211,bull
2026-05-05,策略7,3702,102.5,bull
2026-05-05,策略7,1711,60.900001525878906,bull
2026-05-05,策略7,3694,62.0,bull
2026-05-05,策略7,3264,235.5,bull
2026-05-05,策略7,6757,50.29999923706055,bull
2026-05-05,策略7,3048,39.70000076293945,bull
2026-05-05,策略7,6937,337.0,bull
2026-05-05,策略7,3029,102.0,bull
2026-05-05,策略7,6781,1120.0,bull
2026-05-05,策略7,3003,55.5,bull
2026-05-05,策略7,8028,241.0,bull
2026-05-05,策略7,3265,190.0,bull
2026-05-05,策略7,4720,26.049999237060547,bull
2026-05-05,策略7,2027,37.75,bull
2026-05-05,策略7,3189,527.0,bull
2026-05-05,策略7,8936,52.099998474121094,bull
2026-05-05,策略7,2439,89.5,bull
2026-05-05,策略7,2108,26.899999618530273,bull
2026-05-05,策略7,3533,2490.0,bull
2026-05-05,策略7,3709,85.0,bull
2026-05-05,策略7,3037,903.0,bull
2026-05-05,策略7,8150,84.0999984741211,bull
2026-05-05,策略7,6830,975.0,bull
2026-05-05,策略7,2070,63.5,bull
2026-05-05,策略7,2327,348.5,bull
2026-05-05,策略7,3031,31.399999618530273,bull
2026-05-05,策略7,2421,149.5,bull
2026-05-05,策略7,6108,20.0,bull
2026-05-05,策略7,3707,75.5,bull
2026-05-05,策略7,3665,2875.0,bull
2026-05-05,策略7,2395,396.5,bull
2026-05-05,策略7,1326,51.79999923706055,bull
2026-05-05,策略7,8438,94.0999984741211,bull
2026-05-05,策略7,8042,70.80000305175781,bull
2026-05-05,策略7,3016,108.0,bull
2026-05-05,策略7,4979,718.0,bull
2026-05-05,策略7,4551,142.5,bull
2026-05-05,策略8,00888,28.0,bull
2026-05-05,策略8,3372,19.600000381469727,bull
2026-05-05,策略8,009815,10.720000267028809,bull
2026-05-05,策略8,3217,174.0,bull
2026-05-05,策略8,7547,73.9000015258789,bull
2026-05-05,策略8,6716,86.80000305175781,bull
2026-05-05,策略8,6015,14.75,bull
2026-05-05,策略8,6156,21.149999618530273,bull
2026-05-05,策略8,8932,92.80000305175781,bull
2026-05-05,策略8,8942,43.900001525878906,bull
2026-05-05,策略8,3339,59.79999923706055,bull
2026-05-05,策略9,2454,3155.0,bull
2026-05-05,策略9,7769,5600.0,bull
2026-05-05,策略9,8299,2115.0,bull
2026-05-05,策略9,2059,4140.0,bull
2026-05-05,策略9,6683,2565.0,bull
2026-05-05,策略9,2345,2495.0,bull
2026-05-05,策略9,5289,1420.0,bull
2026-05-05,策略9,6531,935.0,bull
2026-05-05,策略9,8210,1265.0,bull
2026-05-05,策略9,2368,1480.0,bull
2026-05-05,策略9,3680,582.0,bull
2026-05-05,策略9,6274,1220.0,bull
2026-05-05,策略9,3526,353.0,bull
2026-05-05,策略9,2233,314.5,bull
2026-05-05,策略9,4764,311.0,bull
2026-05-05,策略9,2360,2235.0,bull
2026-05-05,策略9,6488,666.0,bull
2026-05-05,策略9,2449,354.0,bull
2026-05-05,策略9,6643,640.0,bull
2026-05-05,策略9,4951,140.0,bull
2026-05-05,策略9,6658,157.0,bull
2026-05-05,策略9,3455,293.5,bull
2026-05-05,策略9,4908,250.0,bull
2026-05-05,策略9,4542,240.0,bull
2026-05-05,策略9,6197,243.5,bull
2026-05-05,策略9,3030,414.0,bull
2026-05-05,策略9,1597,173.0,bull
2026-05-05,策略9,2408,256.5,bull
2026-05-05,策略9,8358,433.0,bull
2026-05-05,策略9,6526,596.0,bull
2026-05-05,策略9,3016,108.0,bull
2026-05-05,策略9,4571,199.5,bull
2026-05-05,策略9,3228,220.0,bull
2026-05-05,策略9,6147,177.5,bull
2026-05-05,策略9,3135,163.0,bull
2026-05-05,策略9,5386,437.5,bull
2026-05-05,策略9,6706,183.0,bull
2026-05-05,策略9,5474,176.5,bull
2026-05-05,策略9,3044,484.5,bull
2026-05-05,策略9,00675L,270.0,bull
2026-05-05,策略9,8155,456.5,bull
2026-05-05,策略9,2395,396.5,bull
2026-05-05,策略9,6414,345.0,bull
2026-05-05,策略9,00685L,243.64999389648438,bull
2026-05-05,策略9,6435,215.0,bull
2026-05-05,策略9,2327,348.5,bull
2026-05-05,策略9,2317,239.5,bull
2026-05-05,策略9,1595,84.69999694824219,bull
2026-05-05,策略9,6234,62.0,bull
2026-05-05,策略9,3006,182.0,bull
2026-05-05,策略9,6405,61.400001525878906,bull
2026-05-05,策略9,2455,386.5,bull
2026-05-05,策略9,3264,235.5,bull
2026-05-05,策略9,8227,173.5,bull
2026-05-05,策略9,2465,89.5,bull
2026-05-05,策略9,4919,165.0,bull
2026-05-05,策略9,2451,283.0,bull
2026-05-05,策略9,3535,145.5,bull
2026-05-05,策略9,6719,190.0,bull
2026-05-05,策略9,6224,80.30000305175781,bull
2026-05-05,策略9,00715L,73.80000305175781,bull
2026-05-05,策略9,1560,572.0,bull
2026-05-05,策略9,3707,75.5,bull
2026-05-05,策略9,6205,98.19999694824219,bull
2026-05-05,策略9,8255,148.5,bull
2026-05-05,策略9,5443,135.0,bull
2026-05-05,策略9,3691,135.0,bull
2026-05-05,策略9,6239,227.5,bull
2026-05-05,策略9,6261,110.5,bull
2026-05-05,策略9,8074,92.69999694824219,bull
2026-05-05,策略9,5347,154.0,bull
2026-05-05,策略9,6485,90.69999694824219,bull
2026-05-05,策略9,6138,251.5,bull
2026-05-05,策略9,3088,116.0,bull
2026-05-05,策略9,2337,160.5,bull
2026-05-05,策略9,6412,90.4000015258789,bull
2026-05-05,策略9,6215,116.0,bull
2026-05-05,策略9,2344,98.80000305175781,bull
2026-05-05,策略9,6937,337.0,bull
2026-05-05,策略9,2417,56.900001525878906,bull
2026-05-05,策略9,8234,75.4000015258789,bull
2026-05-05,策略9,1514,120.0,bull
2026-05-05,策略9,1504,68.5,bull
2026-05-05,策略9,5483,144.5,bull
2026-05-05,策略9,3402,145.5,bull
2026-05-05,策略9,8374,90.0,bull
2026-05-05,策略9,2328,55.099998474121094,bull
2026-05-05,策略9,1503,198.0,bull
2026-05-05,策略9,1773,179.0,bull
2026-05-05,策略9,6830,975.0,bull
2026-05-05,策略9,6207,68.0999984741211,bull
2026-05-05,策略9,3029,102.0,bull
2026-05-05,策略9,6695,50.599998474121094,bull
2026-05-05,策略9,2303,83.0999984741211,bull
2026-05-05,策略9,3498,101.0,bull
2026-05-05,策略9,8150,84.0999984741211,bull
2026-05-05,策略9,8131,69.0,bull
2026-05-05,策略9,2426,69.30000305175781,bull
2026-05-05,策略9,6873,90.5999984741211,bull
2026-05-05,策略9,2342,39.70000076293945,bull
2026-05-05,策略9,2421,149.5,bull
2026-05-05,策略9,1536,56.5,bull
2026-05-05,策略9,6525,102.5,bull
2026-05-05,策略9,9802,80.9000015258789,bull
2026-05-05,策略9,5392,44.0,bull
2026-05-05,策略9,2603,208.0,bull
2026-05-05,策略9,3518,36.54999923706055,bull
2026-05-05,策略9,2236,139.5,bull
2026-05-05,策略9,6716,86.80000305175781,bull
2026-05-05,策略9,1569,63.099998474121094,bull
2026-05-05,策略9,6182,48.5,bull
2026-05-05,策略9,4562,40.349998474121094,bull
2026-05-05,策略9,6174,37.54999923706055,bull
2026-05-05,策略9,3265,190.0,bull
2026-05-05,策略9,5464,39.45000076293945,bull
2026-05-05,策略9,3317,62.20000076293945,bull
2026-05-05,策略9,00850,79.69999694824219,bull
2026-05-05,策略9,2375,90.0,bull
2026-05-05,策略9,2354,58.5,bull
2026-05-05,策略9,8033,154.0,bull
2026-05-05,策略9,8121,32.95000076293945,bull
2026-05-05,策略9,4526,40.29999923706055,bull
2026-05-05,策略9,8086,154.0,bull
2026-05-05,策略9,2881,92.19999694824219,bull
2026-05-05,策略9,3035,177.0,bull
2026-05-05,策略9,1711,60.900001525878906,bull
2026-05-05,策略9,3014,131.0,bull
2026-05-05,策略9,00947,34.099998474121094,bull
2026-05-05,策略9,6265,43.45000076293945,bull
2026-05-05,策略9,1513,154.0,bull
2026-05-05,策略9,5864,30.399999618530273,bull
2026-05-05,策略9,8147,171.5,bull
2026-05-05,策略9,4556,39.349998474121094,bull
2026-05-05,策略9,6757,50.29999923706055,bull
2026-05-05,策略9,6188,88.5,bull
2026-05-05,策略9,8042,70.80000305175781,bull
2026-05-05,策略9,3032,66.0,bull
2026-05-05,策略9,2340,41.70000076293945,bull
2026-05-05,策略9,5309,64.5,bull
2026-05-05,策略9,5351,74.0999984741211,bull
2026-05-05,策略9,2855,39.099998474121094,bull
2026-05-05,策略9,1591,67.69999694824219,bull
2026-05-05,策略9,7777,30.049999237060547,bull
2026-05-05,策略9,2478,77.0999984741211,bull
2026-05-05,策略9,2061,19.899999618530273,bull
2026-05-05,策略9,00881,49.2400016784668,bull
2026-05-05,策略9,3042,165.5,bull
2026-05-05,策略9,6770,55.400001525878906,bull
2026-05-05,策略9,6462,130.0,bull
2026-05-05,策略9,8110,49.45000076293945,bull
2026-05-05,策略9,3162,83.0,bull
2026-05-05,策略9,4746,56.099998474121094,bull
2026-05-05,策略9,00927,32.540000915527344,bull
2026-05-05,策略9,5340,126.5,bull
2026-05-05,策略9,3004,125.5,bull
2026-05-05,策略9,9921,69.30000305175781,bull
2026-05-05,策略9,00913,41.540000915527344,bull
2026-05-05,策略9,00631L,31.079999923706055,bull
2026-05-05,策略9,2385,130.0,bull
2026-05-05,策略9,00904,37.349998474121094,bull
2026-05-05,策略9,6753,144.5,bull
2026-05-05,策略9,8249,50.79999923706055,bull
2026-05-05,策略9,2428,185.5,bull
2026-05-05,策略9,00891,33.27000045776367,bull
2026-05-05,策略9,2492,148.5,bull
2026-05-05,策略9,4543,41.5,bull
2026-05-05,策略9,3511,23.5,bull
2026-05-05,策略9,3356,57.20000076293945,bull
2026-05-05,策略9,5009,34.79999923706055,bull
2026-05-05,策略9,1303,94.0,bull
2026-05-05,策略9,6209,68.69999694824219,bull
2026-05-05,策略9,5498,79.0,bull
2026-05-05,策略9,2440,18.75,bull
2026-05-05,策略9,3022,75.0,bull
2026-05-05,策略9,8936,52.099998474121094,bull
2026-05-05,策略9,6141,36.70000076293945,bull
2026-05-05,策略9,4927,58.70000076293945,bull
2026-05-05,策略9,6505,55.400001525878906,bull
2026-05-05,策略9,1809,31.049999237060547,bull
2026-05-05,策略9,3550,23.5,bull
2026-05-05,策略9,1522,31.700000762939453,bull
2026-05-05,策略9,6768,79.69999694824219,bull
2026-05-05,策略9,00642U,31.549999237060547,bull
2026-05-05,策略9,4105,74.19999694824219,bull
2026-05-05,策略9,009808,27.809999465942383,bull
2026-05-05,策略9,6126,33.70000076293945,bull
2026-05-05,策略9,00909,45.11000061035156,bull
2026-05-05,策略9,3323,35.04999923706055,bull
2026-05-05,策略9,6233,29.350000381469727,bull
2026-05-05,策略9,6202,57.20000076293945,bull
2026-05-05,策略9,3152,173.5,bull
2026-05-05,策略9,6189,49.349998474121094,bull
2026-05-05,策略9,00878,26.579999923706055,bull
2026-05-05,策略9,00888,28.0,bull
2026-05-05,策略9,5521,11.699999809265137,bull
2026-05-05,策略9,2457,25.649999618530273,bull
2026-05-05,策略9,3217,174.0,bull
2026-05-05,策略9,2439,89.5,bull
2026-05-05,策略9,9938,45.349998474121094,bull
2026-05-05,策略9,6477,35.150001525878906,bull
2026-05-05,策略9,2634,50.0,bull
2026-05-05,策略9,00733,65.30000305175781,bull
2026-05-05,策略9,2615,77.0,bull
2026-05-05,策略9,3209,54.099998474121094,bull
2026-05-05,策略9,2425,32.25,bull
2026-05-05,策略9,00905,24.170000076293945,bull
2026-05-05,策略9,009804,20.40999984741211,bull
2026-05-05,策略9,4533,32.75,bull
2026-05-05,策略9,3086,43.400001525878906,bull
2026-05-05,策略9,3041,24.549999237060547,bull
2026-05-05,策略9,2302,20.299999237060547,bull
2026-05-05,策略9,6015,14.75,bull
2026-05-05,策略9,2609,50.099998474121094,bull
2026-05-05,策略9,00980A,22.850000381469727,bull
2026-05-05,策略9,0056,42.619998931884766,bull
2026-05-05,策略9,6005,29.700000762939453,bull
2026-05-05,策略9,6206,110.5,bull
2026-05-05,策略9,00929,23.559999465942383,bull
2026-05-05,策略9,00896,25.799999237060547,bull
2026-05-05,策略9,2498,41.0,bull
2026-05-05,策略9,4722,187.5,bull
2026-05-05,策略9,00930,20.299999237060547,bull
2026-05-05,策略9,4541,51.70000076293945,bull
2026-05-05,策略9,00982A,22.15999984741211,bull
2026-05-05,策略9,2329,62.099998474121094,bull
2026-05-05,策略9,2392,38.349998474121094,bull
2026-05-05,策略9,1612,36.599998474121094,bull
2026-05-05,策略9,5471,44.45000076293945,bull
2026-05-05,策略9,5328,26.75,bull
2026-05-05,策略9,2363,55.79999923706055,bull
2026-05-05,策略9,1605,32.400001525878906,bull
2026-05-05,策略9,3078,57.0,bull
2026-05-05,策略9,009816,13.680000305175781,bull
2026-05-05,策略9,00982T,13.890000343322754,bull
2026-05-05,策略9,2401,25.149999618530273,bull
2026-05-05,策略9,4915,74.30000305175781,bull
2026-05-05,策略9,4770,232.5,bull
2026-05-05,策略9,8088,52.599998474121094,bull
2026-05-05,策略9,00997A,11.760000228881836,bull
2026-05-05,策略9,00928,33.709999084472656,bull
2026-05-05,策略9,2241,31.200000762939453,bull
2026-05-05,策略9,6108,20.0,bull
2026-05-05,策略9,5490,27.549999237060547,bull
2026-05-05,策略9,00934,24.309999465942383,bull
2026-05-05,策略9,6269,68.5,bull
2026-05-05,策略9,3708,126.0,bull
2026-05-05,策略9,3231,142.0,bull
2026-05-05,策略9,6026,15.699999809265137,bull
2026-05-05,策略9,6834,38.650001525878906,bull
2026-05-05,策略9,00939,17.579999923706055,bull
2026-05-05,策略9,6129,18.100000381469727,bull
2026-05-05,策略9,2331,21.399999618530273,bull
2026-05-05,策略9,3694,62.0,bull
2026-05-05,策略9,00900,15.9399995803833,bull
2026-05-05,策略9,2883,21.799999237060547,bull
2026-05-05,策略9,6456,80.69999694824219,bull
2026-05-05,策略9,00952,16.780000686645508,bull
2026-05-05,策略9,00919,24.200000762939453,bull
2026-05-05,策略9,00693U,22.75,bull
2026-05-05,策略9,2406,32.70000076293945,bull
2026-05-05,策略9,2338,50.5,bull
2026-05-05,策略9,00962,12.970000267028809,bull
2026-05-05,策略9,00706L,19.799999237060547,bull
2026-05-05,策略9,00993A,13.180000305175781,bull
2026-05-05,策略9,3624,54.70000076293945,bull
2026-05-05,策略9,2441,94.0,bull
2026-05-05,策略9,2027,37.75,bull
2026-05-05,策略9,6156,21.149999618530273,bull
2026-05-05,策略9,00943,18.280000686645508,bull
2026-05-05,策略9,00921,20.959999084472656,bull
2026-05-05,策略9,2610,18.049999237060547,bull
2026-05-05,策略9,3048,39.70000076293945,bull
2026-05-05,策略9,00986A,14.0,bull
2026-05-05,策略9,00946,12.09000015258789,bull
2026-05-05,策略9,2369,33.20000076293945,bull
2026-05-05,策略9,6282,49.79999923706055,bull
2026-05-05,策略9,00936,19.1200008392334,bull
2026-05-05,策略9,2031,40.75,bull
2026-05-05,策略9,00701,30.5,bull
2026-05-05,策略9,4744,32.25,bull
2026-05-05,策略9,006201,45.2400016784668,bull
2026-05-05,策略9,00944,17.799999237060547,bull
2026-05-05,策略9,2606,62.79999923706055,bull
2026-05-05,策略9,6244,27.899999618530273,bull
2026-05-05,策略9,3481,27.25,bull
2026-05-05,策略9,1810,18.600000381469727,bull
2026-05-05,策略9,2444,13.699999809265137,bull
2026-05-05,策略9,6443,37.5,bull
2026-05-05,策略9,00983A,11.779999732971191,bull
2026-05-05,策略9,6179,24.149999618530273,bull
2026-05-05,策略9,2362,39.20000076293945,bull
2026-05-05,策略9,2103,19.649999618530273,bull
2026-05-05,策略9,00984A,14.579999923706055,bull
2026-05-05,策略9,8070,49.099998474121094,bull
2026-05-05,策略9,00918,23.780000686645508,bull
2026-05-05,策略9,00964,14.210000038146973,bull
2026-05-05,策略9,3706,84.0999984741211,bull
2026-05-05,策略9,5484,39.5,bull
2026-05-05,策略9,00940,10.680000305175781,bull
2026-05-05,策略9,6109,12.100000381469727,bull
2026-05-05,策略9,00932,16.190000534057617,bull
2026-05-05,策略9,3049,13.149999618530273,bull
2026-05-05,策略9,3372,19.600000381469727,bull
2026-05-05,策略9,3545,53.0,bull
2026-05-05,策略9,2646,20.600000381469727,bull
2026-05-05,策略9,00955,15.579999923706055,bull
2026-05-05,策略9,00961,10.520000457763672,bull
2026-05-05,策略9,3354,28.850000381469727,bull
2026-05-05,策略9,2427,21.649999618530273,bull
2026-05-05,策略9,6112,47.54999923706055,bull
2026-05-05,策略9,00641R,4.110000133514404,bull
2026-05-05,策略9,6177,45.400001525878906,bull
2026-05-05,策略9,6133,22.700000762939453,bull
2026-05-05,策略9,8932,92.80000305175781,bull
2026-05-05,策略9,1460,7.010000228881836,bull
2026-05-05,策略9,00907,14.539999961853027,bull
2026-05-05,策略9,2614,20.299999237060547,bull
2026-05-05,策略9,2208,20.350000381469727,bull
2026-05-05,策略9,2641,17.399999618530273,bull
2026-05-05,策略9,00981D,10.380000114440918,bull
2026-05-05,策略9,8438,94.0999984741211,bull
2026-05-05,策略10,1907,23.75,bull
2026-05-05,策略10,1229,41.599998474121094,bull
2026-05-05,策略10,1449,13.300000190734863,bull
2026-05-05,策略10,2009,37.900001525878906,bull
2026-05-05,策略10,6152,14.0,bull
2026-05-05,策略10,7780,18.899999618530273,bull
2026-05-05,策略10,4157,10.0,bull
2026-05-05,策略10,2101,33.5,bull
2026-05-05,策略10,3062,26.600000381469727,bull
2026-05-05,策略10,1304,13.800000190734863,bull
2026-05-05,策略10,6284,78.5,bull
2026-05-05,策略10,2505,18.049999237060547,bull
2026-05-05,策略10,1305,14.0,bull
2026-05-05,策略10,5388,79.19999694824219,bull
2026-05-05,策略10,2427,21.649999618530273,bull
2026-05-05,策略10,5314,73.9000015258789,bull
2026-05-05,策略10,1584,20.049999237060547,bull
2026-05-05,策略10,2419,31.399999618530273,bull
2026-05-05,策略10,7547,73.9000015258789,bull
2026-05-05,策略10,4906,35.400001525878906,bull
2026-05-05,策略10,6116,8.510000228881836,bull
2026-05-05,策略10,2612,55.70000076293945,bull
2026-05-05,策略10,6167,12.449999809265137,bull
2026-05-05,策略10,2617,29.299999237060547,bull
2026-05-05,策略10,3596,165.0,bull
2026-05-05,策略10,4763,43.400001525878906,bull
2026-05-05,策略10,2609,50.099998474121094,bull
2026-05-05,策略10,2332,14.149999618530273,bull
2026-05-05,策略10,2006,66.80000305175781,bull
2026-05-05,策略10,1316,11.25,bull
2026-05-05,策略10,5608,15.300000190734863,bull
2026-05-05,策略10,8076,22.75,bull
2026-05-05,策略10,2208,20.350000381469727,bull
2026-05-05,策略10,2367,61.20000076293945,bull
2026-05-05,策略10,1522,31.700000762939453,bull
2026-05-05,策略10,6469,78.9000015258789,bull
2026-05-05,策略10,6862,174.5,bull
2026-05-05,策略10,2413,45.29999923706055,bull
2026-05-05,策略10,00907,14.539999961853027,bull
2026-05-05,策略10,2618,34.0,bull
2026-05-05,策略10,2371,30.700000762939453,bull
2026-05-05,策略10,00648R,4.150000095367432,bull
2026-05-05,策略10,1582,93.5,bull
2026-05-05,策略10,5508,49.45000076293945,bull
2026-05-05,策略10,6668,36.349998474121094,bull
2026-05-05,策略10,4174,34.849998474121094,bull
2026-05-05,策略10,5521,11.699999809265137,bull
2026-05-05,策略10,4128,15.949999809265137,bull
2026-05-05,策略10,2838,20.450000762939453,bull
2026-05-05,策略10,6472,407.5,bull
2026-05-05,策略10,5371,74.30000305175781,bull
2026-05-05,策略10,6142,9.050000190734863,bull
2026-05-05,策略10,6143,91.19999694824219,bull
2026-05-05,策略10,2305,16.75,bull
2026-05-05,策略10,5243,109.0,bull
2026-05-05,策略10,2405,15.600000381469727,bull
2026-05-05,策略10,2442,18.5,bull
2026-05-05,策略10,3066,18.700000762939453,bull
2026-05-05,策略10,3576,15.5,bull
2026-05-05,策略10,6550,17.75,bull
2026-05-05,策略10,7712,121.0,bull
2026-05-05,策略10,4142,18.100000381469727,bull
2026-05-05,策略10,2323,10.449999809265137,bull
2026-05-05,策略10,8436,120.0,bull
2026-05-05,策略10,2461,17.25,bull
2026-05-05,策略10,2641,17.399999618530273,bull
2026-05-05,策略10,4770,232.5,bull
2026-05-05,策略10,7402,125.5,bull
2026-05-05,策略10,2338,50.5,bull
2026-05-05,策略10,1434,15.949999809265137,bull
2026-05-05,策略10,6770,55.400001525878906,bull
2026-05-05,策略10,2353,27.75,bull
2026-05-05,策略10,3050,12.350000381469727,bull
2026-05-05,策略10,3354,28.850000381469727,bull
2026-05-05,策略10,009817,9.300000190734863,bull
2026-05-05,策略10,5522,69.0999984741211,bull
2026-05-05,策略10,4904,95.80000305175781,bull
2026-05-05,策略10,3005,98.19999694824219,bull
2026-05-05,策略10,5244,42.5,bull
2026-05-05,策略10,1810,18.600000381469727,bull
2026-05-05,策略10,8105,13.5,bull
2026-05-05,策略10,2014,17.5,bull
2026-05-05,策略10,3717,22.0,bull
2026-05-05,策略10,00963,12.65999984741211,bull
2026-05-05,策略10,8289,49.349998474121094,bull
2026-05-05,策略10,2891,53.5,bull
2026-05-05,策略10,2485,68.69999694824219,bull
2026-05-05,策略10,5452,33.5,bull
2026-05-05,策略10,6869,83.80000305175781,bull
2026-05-05,策略10,4147,49.79999923706055,bull
2026-05-05,策略10,3708,126.0,bull
2026-05-05,策略10,3305,111.0,bull
2026-05-05,策略10,6753,144.5,bull
2026-05-05,策略10,3093,63.900001525878906,bull
2026-05-05,策略10,3060,28.549999237060547,bull
2026-05-05,策略10,2211,98.69999694824219,bull
2026-05-05,策略10,6443,37.5,bull
2026-05-05,策略10,2498,41.0,bull
2026-05-05,策略10,3372,19.600000381469727,bull
2026-05-05,策略10,3236,32.0,bull
2026-05-05,策略10,00669R,5.599999904632568,bull
2026-05-05,策略10,1409,17.100000381469727,bull
2026-05-05,策略10,6133,22.700000762939453,bull
2026-05-05,策略10,4977,232.0,bull
2026-05-05,策略10,2316,118.0,bull
2026-05-05,策略10,7822,1410.0,bull
2026-05-05,策略10,1815,116.0,bull
2026-05-05,策略10,2458,140.5,bull
2026-05-05,策略10,2903,22.450000762939453,bull
2026-05-05,策略10,7721,77.19999694824219,bull
2026-05-05,策略10,6285,233.0,bull
2026-05-05,策略10,6134,31.600000381469727,bull
2026-05-05,策略10,5439,403.0,bull
2026-05-05,策略10,2634,50.0,bull
2026-05-05,策略10,1795,224.5,bull
2026-05-05,策略10,6768,79.69999694824219,bull
2026-05-05,策略10,2441,94.0,bull
2026-05-05,策略10,2331,21.399999618530273,bull
2026-05-05,策略10,00949,19.350000381469727,bull
2026-05-05,策略10,2606,62.79999923706055,bull
2026-05-05,策略10,00988B,19.899999618530273,bull
2026-05-05,策略10,2646,20.600000381469727,bull
2026-05-05,策略10,6269,68.5,bull
2026-05-05,策略10,6259,21.100000381469727,bull
2026-05-05,策略10,3706,84.0999984741211,bull
2026-05-05,策略10,6282,49.79999923706055,bull
2026-05-05,策略10,6409,784.0,bull
2026-05-05,策略10,7821,47.25,bull
2026-05-05,策略10,3450,365.0,bull
2026-05-05,策略10,1524,28.200000762939453,bull
2026-05-05,策略10,8110,49.45000076293945,bull
2026-05-05,策略10,3339,59.79999923706055,bull
2026-05-05,策略10,00989B,10.020000457763672,bull
2026-05-05,策略10,6432,42.650001525878906,bull
2026-05-05,策略10,6156,21.149999618530273,bull
2026-05-05,策略10,2614,20.299999237060547,bull
2026-05-05,策略10,6426,245.0,bull
2026-05-05,策略10,8261,124.5,bull
2026-05-05,策略10,1513,154.0,bull
2026-05-05,策略10,4533,32.75,bull
2026-05-05,策略10,6244,27.899999618530273,bull
2026-05-05,策略10,3049,13.149999618530273,bull
2026-05-05,策略10,00706L,19.799999237060547,bull
2026-05-05,策略10,1301,51.29999923706055,bull
2026-05-05,策略10,2457,25.649999618530273,bull
2026-05-05,策略10,2637,74.0,bull
2026-05-05,策略10,1503,198.0,bull
2026-05-05,策略10,6164,13.0,bull
2026-05-05,策略10,3663,74.9000015258789,bull
2026-05-05,策略10,3026,248.5,bull
2026-05-05,策略10,1476,336.5,bull
2026-05-05,策略10,5905,8.039999961853027,bull
2026-05-05,策略10,6177,45.400001525878906,bull
2026-05-05,策略10,3413,324.5,bull
2026-05-05,策略10,3624,54.70000076293945,bull
2026-05-05,策略10,3025,62.900001525878906,bull
2026-05-05,策略10,5498,79.0,bull
2026-05-05,策略10,6530,120.0,bull
2026-05-05,策略10,6640,1495.0,bull
2026-05-05,策略10,9921,69.30000305175781,bull
2026-05-05,策略10,1802,72.80000305175781,bull
2026-05-05,策略10,6715,444.0,bull
2026-05-05,策略10,2610,18.049999237060547,bull
2026-05-05,策略10,3491,1695.0,bull
2026-05-05,策略10,8927,22.799999237060547,bull
2026-05-05,策略10,1605,32.400001525878906,bull
2026-05-05,策略11,2417,56.900001525878906,bull
2026-05-05,策略11,1595,84.69999694824219,bull
2026-05-05,策略11,2465,89.5,bull
2026-05-05,策略11,6525,102.5,bull
2026-05-05,策略11,4991,744.0,bull
2026-05-05,策略11,5464,39.45000076293945,bull
2026-05-05,策略11,3707,75.5,bull
2026-05-05,策略11,7610,729.0,bull
2026-05-05,策略11,6224,80.30000305175781,bull
2026-05-05,策略11,6274,1220.0,bull
2026-05-05,策略11,6405,61.400001525878906,bull
2026-05-05,策略11,3550,23.5,bull
2026-05-05,策略11,00980A,22.850000381469727,bull
2026-05-05,策略11,00919,24.200000762939453,bull
2026-05-05,策略11,6182,48.5,bull
2026-05-05,策略11,00891,33.27000045776367,bull
2026-05-05,策略11,00982A,22.15999984741211,bull
2026-05-05,策略11,2855,39.099998474121094,bull
2026-05-05,策略11,3356,57.20000076293945,bull
2026-05-05,策略11,2455,386.5,bull
2026-05-05,策略11,3265,190.0,bull
2026-05-05,策略11,3088,116.0,bull
2026-05-05,策略11,5386,437.5,bull
2026-05-05,策略11,5483,144.5,bull
2026-05-05,策略11,6451,521.0,bull
2026-05-05,策略11,2395,396.5,bull
2026-05-05,策略11,3317,62.20000076293945,bull
2026-05-05,策略11,2342,39.70000076293945,bull
2026-05-05,策略11,6830,975.0,bull
2026-05-05,策略11,3535,145.5,bull
2026-05-05,策略11,4951,140.0,bull
2026-05-05,策略11,2449,354.0,bull
2026-05-05,策略11,8215,28.399999618530273,bull
2026-05-05,策略12,1337,5.0,bull
2026-05-05,策略12,00671R,2.609999895095825,bull
2026-05-05,策略12,1201,12.350000381469727,bull
2026-05-05,策略12,6152,14.0,bull
2026-05-05,策略12,00632R,11.449999809265137,bull
2026-05-05,策略12,2913,11.149999618530273,bull
2026-05-05,策略12,00664R,1.850000023841858,bull
2026-05-05,策略12,00648R,4.150000095367432,bull
2026-05-05,策略12,4167,18.899999618530273,bull
2026-05-05,策略12,00969B,8.239999771118164,bull
2026-05-05,策略12,9103,4.639999866485596,bull
2026-05-05,策略12,00967B,9.09000015258789,bull
2026-05-05,策略12,5608,15.300000190734863,bull
2026-05-05,策略12,3543,40.150001525878906,bull
2026-05-05,策略12,7717,732.0,bull
2026-05-05,策略12,00679B,26.68000030517578,bull
2026-05-05,策略12,5534,77.5999984741211,bull
2026-05-05,策略12,2323,10.449999809265137,bull
2026-05-05,策略12,2903,22.450000762939453,bull
2026-05-05,策略12,00673R,11.739999771118164,bull
2026-05-05,策略12,00966B,13.789999961853027,bull
2026-05-05,策略12,00970B,9.300000190734863,bull
2026-05-05,策略12,00968B,9.229999542236328,bull
2026-05-05,策略12,00725B,34.75,bull
2026-05-05,策略12,2006,66.80000305175781,bull
2026-05-05,策略12,7721,77.19999694824219,bull
2026-05-05,策略12,2641,17.399999618530273,bull
2026-05-05,策略12,00984B,16.229999542236328,bull
2026-05-05,策略12,4157,10.0,bull
2026-05-05,策略12,2617,29.299999237060547,bull
2026-05-05,策略12,1582,93.5,bull
2026-05-05,策略12,4744,32.25,bull
2026-05-05,策略12,5522,69.0999984741211,bull
2026-05-05,策略12,1584,20.049999237060547,bull
2026-05-05,策略12,3596,165.0,bull
2026-05-05,策略12,00963,12.65999984741211,bull
2026-05-05,策略12,2371,30.700000762939453,bull
2026-05-05,策略12,3563,869.0,bull
2026-05-05,策略12,5457,36.95000076293945,bull
2026-05-05,策略12,00956,11.989999771118164,bull
2026-05-05,策略12,6472,407.5,bull
2026-05-05,策略12,5314,73.9000015258789,bull
2026-05-05,策略12,00897,9.779999732971191,bull
2026-05-05,策略12,2211,98.69999694824219,bull
2026-05-05,策略12,2610,18.049999237060547,bull
2026-05-05,策略12,00985B,10.229999542236328,bull
2026-05-05,策略12,009812,11.569999694824219,bull
2026-05-05,策略12,5508,49.45000076293945,bull
2026-05-05,策略12,3508,21.899999618530273,bull
2026-05-05,策略12,2912,224.0,bull
2026-05-05,策略12,6994,64.30000305175781,bull
2026-05-05,策略12,6163,58.70000076293945,bull
2026-05-05,策略12,3066,18.700000762939453,bull
2026-05-05,策略12,9958,101.5,bull
2026-05-05,策略12,3054,67.0999984741211,bull
2026-05-05,策略12,00898,8.109999656677246,bull
2026-05-05,策略12,6177,45.400001525878906,bull
2026-05-05,策略12,8436,120.0,bull
2026-05-05,策略12,00752,23.809999465942383,bull
2026-05-05,策略12,7828,1275.0,bull
2026-05-05,策略12,6109,12.100000381469727,bull
2026-05-05,策略12,2614,20.299999237060547,bull
2026-05-05,策略12,2382,321.0,bull
2026-05-05,策略12,6442,2060.0,bull
2026-05-05,策略12,3005,98.19999694824219,bull
2026-05-05,策略12,3576,15.5,bull
2026-05-05,策略12,00989B,10.020000457763672,bull
2026-05-05,策略12,00965,25.920000076293945,bull
2026-05-05,策略12,3010,136.5,bull
2026-05-05,策略12,4770,232.5,bull
2026-05-05,策略12,2498,41.0,bull
2026-05-05,策略12,6806,20.799999237060547,bull
2026-05-05,策略12,2072,178.5,bull
2026-05-05,策略12,6890,158.0,bull
2026-05-05,策略13,4764,311.0,bull
2026-05-05,策略13,3229,42.95000076293945,bull
2026-05-05,策略13,6658,157.0,bull
2026-05-05,策略13,6531,935.0,bull
2026-05-05,策略13,6735,132.5,bull
2026-05-05,策略13,3016,108.0,bull
2026-05-05,策略13,6147,177.5,bull
2026-05-05,策略13,3455,293.5,bull
2026-05-05,策略13,4951,140.0,bull
2026-05-05,策略13,1597,173.0,bull
2026-05-05,策略13,6789,604.0,bull
2026-05-05,策略13,6205,98.19999694824219,bull
2026-05-05,策略13,8358,433.0,bull
2026-05-05,策略13,3042,165.5,bull
2026-05-05,策略13,3518,36.54999923706055,bull
2026-05-05,策略13,8046,997.0,bull
2026-05-05,策略13,6141,36.70000076293945,bull
2026-05-05,策略13,8074,92.69999694824219,bull
2026-05-05,策略13,6672,220.5,bull
2026-05-05,策略13,6830,975.0,bull
2026-05-05,策略13,2383,4730.0,bull
2026-05-05,策略13,2070,63.5,bull
2026-05-05,策略13,6174,37.54999923706055,bull
2026-05-05,策略13,3030,414.0,bull
2026-05-05,策略13,3228,220.0,bull
2026-05-05,策略13,1591,67.69999694824219,bull
2026-05-05,策略13,1727,80.0,bull
2026-05-05,策略13,2417,56.900001525878906,bull
2026-05-05,策略13,2368,1480.0,bull
2026-05-05,策略13,1711,60.900001525878906,bull
2026-05-05,策略13,2340,41.70000076293945,bull
2026-05-05,策略13,2351,159.5,bull
2026-05-05,策略13,8271,232.0,bull
2026-05-05,策略13,6415,436.0,bull
2026-05-05,策略13,7711,419.5,bull
2026-05-05,策略13,2345,2495.0,bull
2026-05-05,策略13,3189,527.0,bull
2026-05-05,策略13,3135,163.0,bull
2026-05-05,策略13,3680,582.0,bull
2026-05-05,策略13,2303,83.0999984741211,bull
2026-05-05,策略13,6182,48.5,bull
2026-05-05,策略13,6197,243.5,bull
2026-05-05,策略13,6261,110.5,bull
2026-05-05,策略13,6706,183.0,bull
2026-05-05,策略13,8210,1265.0,bull
2026-05-05,策略13,3665,2875.0,bull
2026-05-05,策略13,4720,26.049999237060547,bull
2026-05-05,策略13,5289,1420.0,bull
2026-05-05,策略13,8150,84.0999984741211,bull
2026-05-05,策略13,6903,410.0,bull
2026-05-05,策略13,4556,39.349998474121094,bull
2026-05-05,策略13,3264,235.5,bull
2026-05-05,策略13,7769,5600.0,bull
2026-05-05,策略13,2360,2235.0,bull
2026-05-05,策略13,6441,28.350000381469727,bull
2026-05-05,策略13,3711,520.0,bull
2026-05-05,策略13,6456,80.69999694824219,bull
2026-05-05,策略13,2233,314.5,bull
2026-05-05,策略13,6218,38.45000076293945,bull
2026-05-05,策略13,4927,58.70000076293945,bull
2026-05-05,策略13,2489,46.20000076293945,bull
2026-05-05,策略13,2472,188.5,bull
2026-05-05,策略13,2342,39.70000076293945,bull
2026-05-05,策略13,2327,348.5,bull
2026-05-05,策略13,8121,32.95000076293945,bull
2026-05-05,策略13,6435,215.0,bull
2026-05-05,策略13,3535,145.5,bull
2026-05-05,策略13,5464,39.45000076293945,bull
2026-05-05,策略13,6937,337.0,bull
2026-05-05,策略13,5347,154.0,bull
2026-05-05,策略13,5474,176.5,bull
2026-05-05,策略13,1802,72.80000305175781,bull
2026-05-05,策略13,6669,4755.0,bull
2026-05-05,策略13,8042,70.80000305175781,bull
2026-05-05,策略13,3498,101.0,bull
2026-05-05,策略13,3028,69.5999984741211,bull
2026-05-05,策略13,6190,73.5999984741211,bull
2026-05-05,策略13,4967,289.0,bull
2026-05-05,策略13,00911,49.65999984741211,bull
2026-05-05,策略13,8374,90.0,bull
2026-05-05,策略14,6531,935.0,bull
2026-05-05,策略15,1301,51.29999923706055,bull
2026-05-05,策略15,6109,12.100000381469727,bull
2026-05-05,策略15,2362,39.20000076293945,bull
2026-05-05,策略15,4915,74.30000305175781,bull
2026-05-05,策略16,2328,55.099998474121094,bull
2026-05-05,策略16,5474,176.5,bull
2026-05-05,策略16,2354,58.5,bull
2026-05-05,策略16,2302,20.299999237060547,bull
2026-05-05,策略16,8234,75.4000015258789,bull
2026-05-05,策略16,4571,199.5,bull
2026-05-05,策略16,6412,90.4000015258789,bull
2026-05-05,策略16,1809,31.049999237060547,bull
2026-05-05,策略16,4526,40.29999923706055,bull
2026-05-05,策略16,7777,30.049999237060547,bull
2026-05-05,策略16,3535,145.5,bull
2026-05-05,策略16,2478,77.0999984741211,bull
2026-05-05,策略16,6719,190.0,bull
2026-05-05,策略16,8374,90.0,bull
2026-05-05,策略16,2342,39.70000076293945,bull
2026-05-05,策略16,3707,75.5,bull
2026-05-05,策略16,5009,34.79999923706055,bull
2026-05-05,策略16,5309,64.5,bull
2026-05-05,策略16,3691,135.0,bull
2026-05-05,策略16,2449,354.0,bull
2026-05-05,策略16,2329,62.099998474121094,bull
2026-05-05,策略16,6215,116.0,bull
2026-05-05,策略16,1612,36.599998474121094,bull
2026-05-05,策略17,00919,24.200000762939453,bull
2026-05-05,策略17,2317,239.5,bull
2026-05-05,策略17,2395,396.5,bull
2026-05-05,策略17,4551,142.5,bull
2026-05-05,策略17,2425,32.25,bull
2026-05-05,策略17,6525,102.5,bull
2026-05-05,策略17,2342,39.70000076293945,bull
2026-05-05,策略17,5464,39.45000076293945,bull
2026-05-05,策略17,6197,243.5,bull
2026-05-05,策略17,6129,18.100000381469727,bull
2026-05-05,策略17,8121,32.95000076293945,bull
2026-05-05,策略19,6451,521.0,bull
2026-05-05,策略19,6830,975.0,bull
2026-05-05,策略19,8374,90.0,bull
2026-05-05,策略19,3535,145.5,bull
2026-05-05,策略19,3004,125.5,bull
2026-05-05,策略19,3402,145.5,bull
2026-05-05,策略19,8043,95.0,bull
2026-05-05,策略19,3550,23.5,bull
2026-05-05,策略19,1809,31.049999237060547,bull
2026-05-05,策略19,4526,40.29999923706055,bull
2026-05-05,策略19,3265,190.0,bull
2026-05-05,策略19,2489,46.20000076293945,bull
2026-05-05,策略19,3498,101.0,bull
2026-05-05,策略19,3707,75.5,bull
2026-05-05,策略19,3691,135.0,bull
2026-05-05,策略19,3317,62.20000076293945,bull
2026-05-05,策略19,1591,67.69999694824219,bull
2026-05-05,策略19,2329,62.099998474121094,bull
2026-05-05,策略19,4541,51.70000076293945,bull
2026-05-05,策略19,6727,407.0,bull
2026-05-05,策略19,2455,386.5,bull
2026-05-05,策略19,2425,32.25,bull
2026-05-05,策略19,7610,729.0,bull
2026-05-05,策略19,2478,77.0999984741211,bull
2026-05-05,策略19,2369,33.20000076293945,bull
2026-05-05,策略19,3356,57.20000076293945,bull
2026-05-05,策略19,3481,27.25,bull
2026-05-05,策略19,2492,148.5,bull
2026-05-05,策略19,2851,30.549999237060547,bull
2026-05-05,策略19,6488,666.0,bull
2026-05-05,策略19,1303,94.0,bull
2026-05-05,策略19,6209,68.69999694824219,bull
2026-05-05,策略19,4551,142.5,bull
2026-05-05,策略19,6207,68.0999984741211,bull
2026-05-05,策略19,00961,10.520000457763672,bull
2026-05-05,策略19,2428,185.5,bull
2026-05-05,策略19,3717,22.0,bull
2026-05-05,策略19,3450,365.0,bull
2026-05-05,策略19,1460,7.010000228881836,bull
2026-05-05,策略19,6138,251.5,bull
2026-05-05,策略19,6588,159.5,bull
2026-05-05,策略19,2891,53.5,bull
2026-05-05,策略19,3694,62.0,bull
2026-05-05,策略19,2393,72.30000305175781,bull
2026-05-05,策略19,00919,24.200000762939453,bull
2026-05-05,策略19,1773,179.0,bull
2026-05-05,策略19,6291,449.5,bull
2026-05-05,策略19,3706,84.0999984741211,bull
2026-05-05,策略19,3014,131.0,bull
2026-05-05,策略19,2385,130.0,bull
2026-05-05,策略20,1591,67.69999694824219,bull
2026-05-05,策略20,6265,43.45000076293945,bull
2026-05-05,策略20,2451,283.0,bull
2026-05-05,策略20,3006,182.0,bull
2026-05-05,策略20,2406,32.70000076293945,bull
2026-05-05,策略20,2344,98.80000305175781,bull
2026-05-05,策略20,4541,51.70000076293945,bull
2026-05-05,策略20,6209,68.69999694824219,bull
2026-05-05,策略20,6568,270.0,bull
2026-05-05,策略20,6477,35.150001525878906,bull
2026-05-05,策略20,2425,32.25,bull
2026-05-05,策略20,6291,449.5,bull
2026-05-05,策略20,3706,84.0999984741211,bull
2026-05-05,策略20,6126,33.70000076293945,bull
2026-05-05,策略20,5269,1350.0,bull
2026-05-05,策略20,6533,243.5,bull
2026-05-05,策略20,3491,1695.0,bull
2026-05-05,策略20,1503,198.0,bull
2026-05-05,策略20,6239,227.5,bull
2026-05-05,策略20,2369,33.20000076293945,bull
2026-05-05,策略20,1815,116.0,bull
2026-05-05,策略20,3004,125.5,bull
2026-05-05,策略25,00713,53.349998474121094,bull
2026-05-05,策略25,00919,24.200000762939453,bull
2026-05-05,策略25,3023,289.0,bull
2026-05-05,策略25,00712,9.079999923706055,bull
2026-05-05,策略25,00983A,11.779999732971191,bull
2026-05-05,策略25,6108,20.0,bull
2026-05-05,策略25,1514,120.0,bull
2026-05-05,策略25,6488,666.0,bull
2026-05-05,策略25,6189,49.349998474121094,bull
2026-05-05,策略25,2344,98.80000305175781,bull
2026-05-05,策略25,2408,256.5,bull
2026-05-05,策略25,2883,21.799999237060547,bull
2026-05-05,策略25,3028,69.5999984741211,bull
2026-05-05,策略25,2393,72.30000305175781,bull
2026-05-05,策略25,3498,101.0,bull
2026-05-05,策略25,2301,171.0,bull
2026-05-05,策略25,1503,198.0,bull
2026-05-05,策略25,6138,251.5,bull
2026-05-05,策略25,00636,28.450000762939453,bull
2026-05-05,策略25,00918,23.780000686645508,bull
2026-05-05,策略25,00965,25.920000076293945,bull
2026-05-05,策略25,00981D,10.380000114440918,bull
2026-05-05,策略25,00932,16.190000534057617,bull
2026-05-05,策略25,00885,18.8700008392334,bull
2026-05-05,策略25,00701,30.5,bull
2026-05-05,策略25,00733,65.30000305175781,bull
2026-05-05,策略25,00731,72.8499984741211,bull
2026-05-05,策略25,6217,297.5,bull
2026-05-05,策略25,2441,94.0,bull
2026-05-05,策略25,2881,92.19999694824219,bull
2026-05-05,策略25,1809,31.049999237060547,bull
2026-05-05,策略25,2449,354.0,bull
2026-05-05,策略25,3014,131.0,bull
2026-05-05,策略25,6937,337.0,bull
2026-05-05,策略25,4741,57.5,bull
2026-05-05,策略25,5289,1420.0,bull
2026-05-05,策略25,5309,64.5,bull
2026-05-05,策略25,3122,33.0,bull
2026-05-05,策略25,6182,48.5,bull
2026-05-05,策略25,6126,33.70000076293945,bull
2026-05-05,策略25,5483,144.5,bull
2026-05-05,策略25,3029,102.0,bull
2026-05-05,策略25,3356,57.20000076293945,bull
2026-05-05,策略25,009805,17.149999618530273,bull
2026-05-05,策略25,8299,2115.0,bull
2026-05-05,策略25,6435,215.0,bull
2026-05-05,策略25,6526,596.0,bull
2026-05-05,策略25,8249,50.79999923706055,bull
2026-05-05,策略25,9105,5.869999885559082,bull
2026-05-05,策略25,2031,40.75,bull
2026-05-05,策略25,2444,13.699999809265137,bull
2026-05-05,策略25,00945B,14.489999771118164,bull
2026-05-05,策略25,2356,46.95000076293945,bull
2026-05-05,策略25,00987B,15.880000114440918,bull
2026-05-05,策略25,00642U,31.549999237060547,bull
2026-05-05,策略25,00941,24.020000457763672,bull
2026-05-05,策略25,00961,10.520000457763672,bull
2026-05-05,策略25,3339,59.79999923706055,bull
2026-05-05,策略25,4551,142.5,bull
2026-05-05,策略25,6109,12.100000381469727,bull
2026-05-05,策略25,1569,63.099998474121094,bull
2026-05-05,策略25,2103,19.649999618530273,bull
2026-05-05,策略25,2375,90.0,bull
2026-05-05,策略25,2337,160.5,bull
2026-05-05,策略25,2388,79.9000015258789,bull
2026-05-05,策略25,5328,26.75,bull
2026-05-05,策略25,3176,33.29999923706055,bull
2026-05-05,策略25,4746,56.099998474121094,bull
2026-05-05,策略25,3535,145.5,bull
2026-05-05,策略25,3152,173.5,bull
2026-05-05,策略25,3032,66.0,bull
2026-05-05,策略25,3231,142.0,bull
2026-05-05,策略25,00715L,73.80000305175781,bull
2026-05-05,策略25,8271,232.0,bull
2026-05-05,策略25,6129,18.100000381469727,bull
2026-05-05,策略25,5340,126.5,bull
2026-05-05,策略25,7610,729.0,bull
2026-05-05,策略25,3042,165.5,bull
2026-05-05,策略25,3653,4780.0,bull
2026-05-05,策略25,3533,2490.0,bull
2026-05-05,策略25,3048,39.70000076293945,bull
2026-05-05,策略25,1301,51.29999923706055,bull
2026-05-05,策略25,2637,74.0,bull
2026-05-05,策略25,2425,32.25,bull
2026-05-05,策略25,1570,37.650001525878906,bull
2026-05-05,策略25,3691,135.0,bull
2026-05-05,策略25,6719,190.0,bull
2026-05-05,策略25,1303,94.0,bull
2026-05-05,策略25,1326,51.79999923706055,bull
2026-05-05,策略25,1536,56.5,bull
2026-05-05,策略25,2327,348.5,bull
2026-05-05,策略25,2236,139.5,bull
2026-05-05,策略25,2243,26.0,bull
2026-05-05,策略25,2376,279.5,bull
2026-05-05,策略25,1560,572.0,bull
2026-05-05,策略25,1773,179.0,bull
2026-05-05,策略25,1736,125.5,bull
2026-05-05,策略25,3013,108.5,bull
2026-05-05,策略25,3003,55.5,bull
2026-05-05,策略25,2645,160.0,bull
2026-05-05,策略25,2603,208.0,bull
2026-05-05,策略25,2455,386.5,bull
2026-05-05,策略25,2362,39.20000076293945,bull
2026-05-05,策略25,2385,130.0,bull
2026-05-05,策略25,2401,25.149999618530273,bull
2026-05-05,策略25,2302,20.299999237060547,bull
2026-05-05,策略25,3324,1170.0,bull
2026-05-05,策略25,3490,29.299999237060547,bull
2026-05-05,策略25,3406,520.0,bull
2026-05-05,策略25,3057,20.200000762939453,bull
2026-05-05,策略25,4541,51.70000076293945,bull
2026-05-05,策略25,4543,41.5,bull
2026-05-05,策略25,4562,40.349998474121094,bull
2026-05-05,策略25,5302,11.399999618530273,bull
2026-05-05,策略25,5258,48.75,bull
2026-05-05,策略25,4931,156.0,bull
2026-05-05,策略25,5236,164.0,bull
2026-05-05,策略25,4749,981.0,bull
2026-05-05,策略25,5536,860.0,bull
2026-05-05,策略25,6156,21.149999618530273,bull
2026-05-05,策略25,6174,37.54999923706055,bull
2026-05-05,策略25,6202,57.20000076293945,bull
2026-05-05,策略25,6151,35.650001525878906,bull
2026-05-05,策略25,6456,80.69999694824219,bull
2026-05-05,策略25,6245,82.30000305175781,bull
2026-05-05,策略25,6291,449.5,bull
2026-05-05,策略25,8131,69.0,bull
2026-05-05,策略25,8016,234.5,bull
2026-05-05,策略25,8086,154.0,bull
2026-05-05,策略27,3675,225.5,bull
2026-05-05,策略28,3481,27.25,bull
2026-05-05,策略28,3004,125.5,bull
2026-05-05,策略28,6138,251.5,bull
2026-05-05,策略28,3706,84.0999984741211,bull
2026-05-05,策略29,6488,666.0,bull
2026-05-05,策略29,3317,62.20000076293945,bull
2026-05-05,策略29,3707,75.5,bull
2026-05-05,策略29,6695,50.599998474121094,bull
2026-05-05,策略29,5474,176.5,bull
2026-05-05,策略29,3498,101.0,bull
2026-05-05,策略29,6207,68.0999984741211,bull
2026-05-05,策略29,8121,32.95000076293945,bull
2026-05-05,策略29,5483,144.5,bull
2026-05-05,策略29,4526,40.29999923706055,bull
2026-05-05,策略29,3356,57.20000076293945,bull
2026-05-05,策略29,3550,23.5,bull
2026-05-05,策略29,6205,98.19999694824219,bull
2026-05-05,策略29,6830,975.0,bull
2026-05-05,策略29,8255,148.5,bull
2026-05-05,策略29,2449,354.0,bull
2026-05-05,策略29,6182,48.5,bull
2026-05-05,策略29,3265,190.0,bull
2026-05-05,策略29,6525,102.5,bull
2026-05-05,策略29,4562,40.349998474121094,bull
2026-05-05,策略29,2455,386.5,bull
2026-05-05,策略29,2302,20.299999237060547,bull
2026-05-05,策略29,3004,125.5,bull
2026-05-05,策略29,8234,75.4000015258789,bull
2026-05-05,策略29,4541,51.70000076293945,bull
2026-05-05,策略29,3402,145.5,bull
2026-05-05,策略29,3135,163.0,bull
2026-05-05,策略29,2425,32.25,bull
2026-05-05,策略29,4991,744.0,bull
2026-05-05,策略29,8374,90.0,bull
2026-05-05,策略29,6129,18.100000381469727,bull
2026-05-05,策略29,3014,131.0,bull
2026-05-05,策略31,00919,24.200000762939453,bull
2026-05-05,策略31,00918,23.780000686645508,bull
2026-05-05,策略31,6488,666.0,bull
2026-05-05,策略31,8358,433.0,bull
2026-05-05,策略31,2385,130.0,bull
2026-05-05,策略31,2637,74.0,bull
2026-05-05,策略31,3048,39.70000076293945,bull
2026-05-05,策略31,3025,62.900001525878906,bull
2026-05-05,策略31,3071,31.25,bull
2026-05-05,策略38,6830,975.0,bull
2026-05-05,策略38,3498,101.0,bull
2026-05-05,策略38,2489,46.20000076293945,bull
2026-05-05,策略38,4562,40.349998474121094,bull
2026-05-05,策略38,4991,744.0,bull
2026-05-05,策略38,3550,23.5,bull
2026-05-05,策略38,7610,729.0,bull
2026-05-05,策略38,2449,354.0,bull
2026-05-05,策略38,3535,145.5,bull
2026-05-05,策略38,4526,40.29999923706055,bull
2026-05-05,策略38,6488,666.0,bull
2026-05-05,策略38,3691,135.0,bull
2026-05-05,策略38,1809,31.049999237060547,bull
2026-05-05,策略38,8374,90.0,bull
2026-05-05,策略38,2408,256.5,bull
2026-05-05,策略38,2478,77.0999984741211,bull
2026-05-05,策略38,3265,190.0,bull
2026-05-05,策略38,6215,116.0,bull
2026-05-05,策略38,4741,57.5,bull
2026-05-05,策略38,6485,90.69999694824219,bull
2026-05-05,策略38,6432,42.650001525878906,bull
2026-05-05,策略38,8215,28.399999618530273,bull
2026-05-05,策略38,1536,56.5,bull
2026-05-05,策略38,3481,27.25,bull
2026-05-05,策略38,8131,69.0,bull
2026-05-05,策略38,2329,62.099998474121094,bull
2026-05-05,策略38,5009,34.79999923706055,bull
2026-05-05,策略38,3663,74.9000015258789,bull
2026-05-05,策略38,2302,20.299999237060547,bull
2026-05-05,策略38,2369,33.20000076293945,bull
2026-05-05,策略38,6239,227.5,bull
2026-05-05,策略38,4541,51.70000076293945,bull
2026-05-05,策略38,4551,142.5,bull
2026-05-05,策略38,6727,407.0,bull
2026-05-05,策略38,1810,18.600000381469727,bull
2026-05-05,策略38,3706,84.0999984741211,bull
2026-05-05,策略39,2317,239.5,bull
2026-05-05,策略39,2408,256.5,bull
2026-05-05,策略39,2344,98.80000305175781,bull
2026-05-05,策略39,6182,48.5,bull
2026-05-05,策略39,5351,74.0999984741211,bull
2026-05-05,策略39,5009,34.79999923706055,bull
2026-05-05,策略39,8932,92.80000305175781,bull
2026-05-05,策略39,6488,666.0,bull
2026-05-05,策略39,5309,64.5,bull
2026-05-05,策略39,5328,26.75,bull
2026-05-05,策略39,3317,62.20000076293945,bull
2026-05-05,策略39,8299,2115.0,bull
2026-05-05,策略39,4510,48.400001525878906,bull
2026-05-05,策略39,6265,43.45000076293945,bull
2026-05-05,策略39,3691,135.0,bull
2026-05-05,策略39,4541,51.70000076293945,bull
2026-05-05,策略39,8255,148.5,bull
2026-05-05,策略39,6138,251.5,bull
2026-05-05,策略39,3014,131.0,bull
2026-05-05,策略39,6129,18.100000381469727,bull
2026-05-05,策略39,8227,173.5,bull
2026-05-05,策略39,2031,40.75,bull
2026-05-05,策略39,6156,21.149999618530273,bull
2026-05-05,策略39,8121,32.95000076293945,bull
2026-05-05,策略39,6727,407.0,bull
2026-05-05,策略39,6525,102.5,bull
2026-05-05,策略39,4556,39.349998474121094,bull
2026-05-05,策略39,6291,449.5,bull
2026-05-05,策略39,6588,159.5,bull
2026-05-05,策略40,6138,251.5,bull
2026-05-05,策略40,3169,109.5,bull
2026-05-05,策略40,3511,23.5,bull
2026-05-06,策略1,3481,28.100000381469727,bull
2026-05-06,策略1,2317,252.0,bull
2026-05-06,策略1,00919,24.90999984741211,bull
2026-05-06,策略1,2883,22.200000762939453,bull
2026-05-06,策略1,2887,23.950000762939453,bull
2026-05-06,策略1,2344,108.5,bull
2026-05-06,策略1,00937B,14.8100004196167,bull
2026-05-06,策略1,3231,146.5,bull
2026-05-06,策略1,00918,24.34000015258789,bull
2026-05-06,策略1,2881,92.80000305175781,bull
2026-05-06,策略1,8150,89.19999694824219,bull
2026-05-06,策略1,2882,78.69999694824219,bull
2026-05-06,策略1,6182,50.599998474121094,bull
2026-05-06,策略1,2356,49.20000076293945,bull
2026-05-06,策略1,2382,346.5,bull
2026-05-06,策略1,2027,38.45000076293945,bull
2026-05-06,策略1,2603,212.0,bull
2026-05-06,策略1,3033,42.400001525878906,bull
2026-05-06,策略1,00915,25.770000457763672,bull
2026-05-06,策略1,5351,78.5,bull
2026-05-06,策略1,00948B,9.460000038146973,bull
2026-05-06,策略1,6116,8.550000190734863,bull
2026-05-06,策略1,00946,12.489999771118164,bull
2026-05-06,策略1,2615,77.80000305175781,bull
2026-05-06,策略1,8112,86.80000305175781,bull
2026-05-06,策略1,8096,96.80000305175781,bull
2026-05-06,策略1,2376,301.0,bull
2026-05-06,策略1,2352,25.850000381469727,bull
2026-05-06,策略1,2014,18.049999237060547,bull
2026-05-06,策略1,8358,458.5,bull
2026-05-06,策略1,2606,64.19999694824219,bull
2026-05-06,策略1,6488,721.0,bull
2026-05-06,策略1,00885,18.920000076293945,bull
2026-05-06,策略1,2637,76.0,bull
2026-05-06,策略1,8299,2325.0,bull
2026-05-06,策略1,3023,305.5,bull
2026-05-06,策略1,6015,15.050000190734863,bull
2026-05-06,策略1,2342,41.79999923706055,bull
2026-05-06,策略1,3665,2745.0,bull
2026-05-06,策略1,5864,31.200000762939453,bull
2026-05-06,策略1,1597,178.0,bull
2026-05-06,策略1,2458,142.0,bull
2026-05-06,策略1,4973,91.69999694824219,bull
2026-05-06,策略1,3048,41.20000076293945,bull
2026-05-06,策略1,2351,156.5,bull
2026-05-06,策略1,1434,16.100000381469727,bull
2026-05-06,策略1,00633L,53.29999923706055,bull
2026-05-06,策略1,6443,37.849998474121094,bull
2026-05-06,策略1,2851,31.299999237060547,bull
2026-05-06,策略1,3533,2735.0,bull
2026-05-06,策略1,3019,143.0,bull
2026-05-06,策略1,8163,28.299999237060547,bull
2026-05-06,策略1,2347,84.5,bull
2026-05-06,策略1,6214,125.5,bull
2026-05-06,策略1,00966B,13.890000343322754,bull
2026-05-06,策略1,00701,31.040000915527344,bull
2026-05-06,策略1,8016,241.5,bull
2026-05-06,策略1,2365,36.79999923706055,bull
2026-05-06,策略1,6550,17.950000762939453,bull
2026-05-06,策略1,5608,15.5,bull
2026-05-06,策略1,3094,30.350000381469727,bull
2026-05-06,策略1,2362,39.400001525878906,bull
2026-05-06,策略1,00858,34.79999923706055,bull
2026-05-06,策略1,2243,26.399999618530273,bull
2026-05-06,策略1,00943,18.360000610351562,bull
2026-05-06,策略1,2612,57.400001525878906,bull
2026-05-06,策略1,6609,44.0,bull
2026-05-06,策略1,2383,4950.0,bull
2026-05-06,策略1,2641,17.600000381469727,bull
2026-05-06,策略1,00958B,9.270000457763672,bull
2026-05-06,策略1,5490,28.049999237060547,bull
2026-05-06,策略1,8390,91.5999984741211,bull
2026-05-06,策略1,3390,28.049999237060547,bull
2026-05-06,策略1,4556,43.25,bull
2026-05-06,策略1,8271,243.0,bull
2026-05-06,策略1,3093,64.69999694824219,bull
2026-05-06,策略1,6588,151.5,bull
2026-05-06,策略1,00731,73.75,bull
2026-05-06,策略1,6150,66.0,bull
2026-05-06,策略1,6151,35.650001525878906,bull
2026-05-06,策略1,3228,242.0,bull
2026-05-06,策略1,5278,23.350000381469727,bull
2026-05-06,策略1,3339,59.5,bull
2026-05-06,策略1,00763U,32.59000015258789,bull
2026-05-06,策略2,00937B,14.8100004196167,bull
2026-05-06,策略2,6182,50.599998474121094,bull
2026-05-06,策略2,2408,282.0,bull
2026-05-06,策略2,5351,78.5,bull
2026-05-06,策略2,00948B,9.460000038146973,bull
2026-05-06,策略2,8096,96.80000305175781,bull
2026-05-06,策略2,3026,273.0,bull
2026-05-06,策略2,2344,108.5,bull
2026-05-06,策略2,8358,458.5,bull
2026-05-06,策略2,6488,721.0,bull
2026-05-06,策略2,2330,2250.0,bull
2026-05-06,策略2,8299,2325.0,bull
2026-05-06,策略2,6015,15.050000190734863,bull
2026-05-06,策略2,5864,31.200000762939453,bull
2026-05-06,策略2,3711,524.0,bull
2026-05-06,策略2,4973,91.69999694824219,bull
2026-05-06,策略2,2393,73.0999984741211,bull
2026-05-06,策略2,2327,338.0,bull
2026-05-06,策略2,8210,1325.0,bull
2026-05-06,策略2,3443,4955.0,bull
2026-05-06,策略2,00966B,13.890000343322754,bull
2026-05-06,策略2,2308,2210.0,bull
2026-05-06,策略2,3583,803.0,bull
2026-05-06,策略2,3044,488.0,bull
2026-05-06,策略2,00858,34.79999923706055,bull
2026-05-06,策略2,2383,4950.0,bull
2026-05-06,策略2,6609,44.0,bull
2026-05-06,策略2,6669,4970.0,bull
2026-05-06,策略2,2641,17.600000381469727,bull
2026-05-06,策略2,00958B,9.270000457763672,bull
2026-05-06,策略2,5490,28.049999237060547,bull
2026-05-06,策略2,8390,91.5999984741211,bull
2026-05-06,策略2,3390,28.049999237060547,bull
2026-05-06,策略2,4556,43.25,bull
2026-05-06,策略2,2059,4400.0,bull
2026-05-06,策略2,3093,64.69999694824219,bull
2026-05-06,策略2,6588,151.5,bull
2026-05-06,策略2,6150,66.0,bull
2026-05-06,策略2,7769,5705.0,bull
2026-05-06,策略2,6139,715.0,bull
2026-05-06,策略2,6151,35.650001525878906,bull
2026-05-06,策略2,3228,242.0,bull
2026-05-06,策略2,5278,23.350000381469727,bull
2026-05-06,策略2,3339,59.5,bull
2026-05-06,策略2,6789,560.0,bull
2026-05-06,策略2,6526,655.0,bull
2026-05-06,策略3,2317,252.0,bull
2026-05-06,策略3,2408,282.0,bull
2026-05-06,策略3,2344,108.5,bull
2026-05-06,策略3,00937B,14.8100004196167,bull
2026-05-06,策略3,8150,89.19999694824219,bull
2026-05-06,策略3,5351,78.5,bull
2026-05-06,策略3,5425,68.5,bull
2026-05-06,策略3,6488,721.0,bull
2026-05-06,策略3,5009,35.099998474121094,bull
2026-05-06,策略3,8299,2325.0,bull
2026-05-06,策略3,2363,57.20000076293945,bull
2026-05-06,策略3,2395,409.5,bull
2026-05-06,策略3,6202,56.900001525878906,bull
2026-05-06,策略3,8086,156.0,bull
2026-05-06,策略3,2383,4950.0,bull
2026-05-06,策略3,6104,99.0,bull
2026-05-06,策略3,2472,186.5,bull
2026-05-06,策略3,3545,53.0,bull
2026-05-06,策略3,3228,242.0,bull
2026-05-06,策略3,6643,650.0,bull
2026-05-06,策略4,3441,39.79999923706055,bull
2026-05-06,策略4,2354,64.30000305175781,bull
2026-05-06,策略4,3033,42.400001525878906,bull
2026-05-06,策略4,8042,77.30000305175781,bull
2026-05-06,策略4,3094,30.350000381469727,bull
2026-05-06,策略4,6108,22.0,bull
2026-05-06,策略4,6609,44.0,bull
2026-05-06,策略4,1809,34.150001525878906,bull
2026-05-06,策略4,6224,88.30000305175781,bull
2026-05-06,策略4,3532,250.5,bull
2026-05-06,策略4,8227,185.5,bull
2026-05-06,策略4,00646,72.30000305175781,bull
2026-05-06,策略4,00690,72.1500015258789,bull
2026-05-06,策略4,3706,87.80000305175781,bull
2026-05-06,策略4,2317,252.0,bull
2026-05-06,策略4,2301,185.0,bull
2026-05-06,策略4,2357,629.0,bull
2026-05-06,策略4,2376,301.0,bull
2026-05-06,策略4,5410,34.79999923706055,bull
2026-05-06,策略4,3034,441.5,bull
2026-05-06,策略5,00985D,10.109999656677246,bull
2026-05-06,策略5,2867,7.690000057220459,bull
2026-05-06,策略5,00635U,48.810001373291016,bull
2026-05-06,策略5,00853B,27.719999313354492,bull
2026-05-06,策略5,009817,9.350000381469727,bull
2026-05-06,策略5,5388,78.4000015258789,bull
2026-05-06,策略5,2897,10.149999618530273,bull
2026-05-06,策略5,6134,31.200000762939453,bull
2026-05-06,策略5,3491,1620.0,bull
2026-05-06,策略5,2838,20.700000762939453,bull
2026-05-06,策略5,2206,57.79999923706055,bull
2026-05-06,策略5,5522,69.0999984741211,bull
2026-05-06,策略5,3305,116.0,bull
2026-05-06,策略5,3372,19.75,bull
2026-05-06,策略5,2605,35.5,bull
2026-05-06,策略5,00956,12.229999542236328,bull
2026-05-06,策略5,8390,91.5999984741211,bull
2026-05-06,策略5,8454,180.5,bull
2026-05-06,策略5,1101,25.049999237060547,bull
2026-05-06,策略5,00955,16.010000228881836,bull
2026-05-06,策略6,00987B,16.040000915527344,bull
2026-05-06,策略6,3023,305.5,bull
2026-05-06,策略6,5490,28.049999237060547,bull
2026-05-06,策略6,6770,58.099998474121094,bull
2026-05-06,策略7,1591,65.19999694824219,bull
2026-05-06,策略7,2542,39.599998474121094,bull
2026-05-06,策略7,7610,690.0,bull
2026-05-06,策略7,8926,46.70000076293945,bull
2026-05-06,策略7,2408,282.0,bull
2026-05-06,策略7,5386,475.0,bull
2026-05-06,策略7,5905,7.96999979019165,bull
2026-05-06,策略7,6265,44.099998474121094,bull
2026-05-06,策略7,5289,1475.0,bull
2026-05-06,策略7,5351,78.5,bull
2026-05-06,策略7,2451,302.5,bull
2026-05-06,策略7,6903,412.0,bull
2026-05-06,策略7,6735,133.0,bull
2026-05-06,策略7,8271,243.0,bull
2026-05-06,策略7,6640,1425.0,bull
2026-05-06,策略7,8299,2325.0,bull
2026-05-06,策略7,7711,428.5,bull
2026-05-06,策略7,8996,1165.0,bull
2026-05-06,策略7,3006,200.0,bull
2026-05-06,策略7,1795,226.5,bull
2026-05-06,策略7,3691,136.0,bull
2026-05-06,策略7,2406,32.54999923706055,bull
2026-05-06,策略7,3498,98.9000015258789,bull
2026-05-06,策略7,4768,521.0,bull
2026-05-06,策略7,4934,18.450000762939453,bull
2026-05-06,策略7,3167,795.0,bull
2026-05-06,策略7,6588,151.5,bull
2026-05-06,策略7,3135,172.5,bull
2026-05-06,策略7,4743,54.099998474121094,bull
2026-05-06,策略7,3028,76.5,bull
2026-05-06,策略7,4721,93.30000305175781,bull
2026-05-06,策略7,4967,298.0,bull
2026-05-06,策略7,6531,965.0,bull
2026-05-06,策略7,7769,5705.0,bull
2026-05-06,策略7,5410,34.79999923706055,bull
2026-05-06,策略7,3057,21.299999237060547,bull
2026-05-06,策略7,4973,91.69999694824219,bull
2026-05-06,策略7,2337,172.0,bull
2026-05-06,策略7,1785,168.5,bull
2026-05-06,策略7,6805,1880.0,bull
2026-05-06,策略7,2374,79.19999694824219,bull
2026-05-06,策略7,2344,108.5,bull
2026-05-06,策略7,3025,64.9000015258789,bull
2026-05-06,策略7,4541,48.70000076293945,bull
2026-05-06,策略7,2465,85.0999984741211,bull
2026-05-06,策略7,7822,1330.0,bull
2026-05-06,策略7,8068,23.799999237060547,bull
2026-05-06,策略7,2467,567.0,bull
2026-05-06,策略7,6209,68.19999694824219,bull
2026-05-06,策略7,6442,2060.0,bull
2026-05-06,策略7,4540,68.9000015258789,bull
2026-05-06,策略7,2376,301.0,bull
2026-05-06,策略7,3229,42.70000076293945,bull
2026-05-06,策略7,3305,116.0,bull
2026-05-06,策略7,6274,1315.0,bull
2026-05-06,策略7,6426,237.0,bull
2026-05-06,策略7,6129,17.450000762939453,bull
2026-05-06,策略7,2388,80.0,bull
2026-05-06,策略7,2236,131.5,bull
2026-05-06,策略7,6227,96.9000015258789,bull
2026-05-06,策略7,2072,176.0,bull
2026-05-06,策略7,6477,34.599998474121094,bull
2026-05-06,策略7,2347,84.5,bull
2026-05-06,策略7,6446,655.0,bull
2026-05-06,策略7,5443,129.0,bull
2026-05-06,策略7,6234,58.0,bull
2026-05-06,策略7,2360,2345.0,bull
2026-05-06,策略7,2368,1445.0,bull
2026-05-06,策略7,8091,190.0,bull
2026-05-06,策略7,2425,31.549999237060547,bull
2026-05-06,策略7,6658,155.5,bull
2026-05-06,策略7,5439,406.0,bull
2026-05-06,策略7,2383,4950.0,bull
2026-05-06,策略7,3515,244.0,bull
2026-05-06,策略7,6823,96.19999694824219,bull
2026-05-06,策略7,8227,185.5,bull
2026-05-06,策略7,1727,78.0999984741211,bull
2026-05-06,策略7,5464,43.349998474121094,bull
2026-05-06,策略7,4764,342.0,bull
2026-05-06,策略7,6125,58.900001525878906,bull
2026-05-06,策略7,4576,233.0,bull
2026-05-06,策略7,4543,40.75,bull
2026-05-06,策略7,7750,2595.0,bull
2026-05-06,策略7,6215,112.0,bull
2026-05-06,策略7,8086,156.0,bull
2026-05-06,策略7,5498,74.9000015258789,bull
2026-05-06,策略7,6716,81.80000305175781,bull
2026-05-06,策略7,8040,80.5999984741211,bull
2026-05-06,策略7,2317,252.0,bull
2026-05-06,策略7,6683,2395.0,bull
2026-05-06,策略7,2330,2250.0,bull
2026-05-06,策略7,8210,1325.0,bull
2026-05-06,策略7,2345,2485.0,bull
2026-05-06,策略7,8374,91.0,bull
2026-05-06,策略7,3706,87.80000305175781,bull
2026-05-06,策略7,8358,458.5,bull
2026-05-06,策略7,4949,96.19999694824219,bull
2026-05-06,策略7,3715,186.5,bull
2026-05-06,策略7,6126,33.54999923706055,bull
2026-05-06,策略7,3441,39.79999923706055,bull
2026-05-06,策略7,6112,47.150001525878906,bull
2026-05-06,策略7,4991,725.0,bull
2026-05-06,策略7,3581,234.0,bull
2026-05-06,策略7,8046,940.0,bull
2026-05-06,策略7,2059,4400.0,bull
2026-05-06,策略7,6223,4950.0,bull
2026-05-06,策略7,1597,178.0,bull
2026-05-06,策略7,2308,2210.0,bull
2026-05-06,策略7,6259,20.5,bull
2026-05-06,策略7,3491,1620.0,bull
2026-05-06,策略7,4510,47.20000076293945,bull
2026-05-06,策略7,2449,328.5,bull
2026-05-06,策略7,6134,31.200000762939453,bull
2026-05-06,策略7,6239,234.5,bull
2026-05-06,策略7,8390,91.5999984741211,bull
2026-05-06,策略7,2637,76.0,bull
2026-05-06,策略7,2605,35.5,bull
2026-05-06,策略7,3090,105.5,bull
2026-05-06,策略7,2357,629.0,bull
2026-05-06,策略7,8131,72.80000305175781,bull
2026-05-06,策略7,2369,31.899999618530273,bull
2026-05-06,策略7,3481,28.100000381469727,bull
2026-05-06,策略7,2646,20.299999237060547,bull
2026-05-06,策略7,1815,113.5,bull
2026-05-06,策略7,2417,53.79999923706055,bull
2026-05-06,策略7,8155,444.0,bull
2026-05-06,策略7,3372,19.75,bull
2026-05-06,策略7,6672,214.5,bull
2026-05-06,策略7,4749,1010.0,bull
2026-05-06,策略7,6834,39.79999923706055,bull
2026-05-06,策略7,4542,232.0,bull
2026-05-06,策略7,8070,48.849998474121094,bull
2026-05-06,策略7,8074,84.5,bull
2026-05-06,策略7,6117,85.9000015258789,bull
2026-05-06,策略7,6214,125.5,bull
2026-05-06,策略7,3004,121.5,bull
2026-05-06,策略7,1560,576.0,bull
2026-05-06,策略7,6174,41.29999923706055,bull
2026-05-06,策略7,2331,21.100000381469727,bull
2026-05-06,策略7,3624,54.0,bull
2026-05-06,策略7,3088,120.5,bull
2026-05-06,策略7,3550,22.25,bull
2026-05-06,策略7,7721,74.9000015258789,bull
2026-05-06,策略7,8016,241.5,bull
2026-05-06,策略7,4533,31.700000762939453,bull
2026-05-06,策略7,6166,79.4000015258789,bull
2026-05-06,策略7,3702,104.0,bull
2026-05-06,策略7,1711,60.900001525878906,bull
2026-05-06,策略7,3694,60.599998474121094,bull
2026-05-06,策略7,1568,29.049999237060547,bull
2026-05-06,策略7,3264,226.0,bull
2026-05-06,策略7,6757,50.20000076293945,bull
2026-05-06,策略7,3413,318.0,bull
2026-05-06,策略7,3048,41.20000076293945,bull
2026-05-06,策略7,6937,319.0,bull
2026-05-06,策略7,3388,115.0,bull
2026-05-06,策略7,3029,101.5,bull
2026-05-06,策略7,3003,56.0,bull
2026-05-06,策略7,3265,186.0,bull
2026-05-06,策略7,2027,38.45000076293945,bull
2026-05-06,策略7,3189,482.5,bull
2026-05-06,策略7,8936,52.5,bull
2026-05-06,策略7,2439,87.19999694824219,bull
2026-05-06,策略7,3163,1135.0,bull
2026-05-06,策略7,2301,185.0,bull
2026-05-06,策略7,3533,2735.0,bull
2026-05-06,策略7,8150,89.19999694824219,bull
2026-05-06,策略7,6664,461.0,bull
2026-05-06,策略7,6830,878.0,bull
2026-05-06,策略7,2070,66.0,bull
2026-05-06,策略7,2327,338.0,bull
2026-05-06,策略7,2421,148.0,bull
2026-05-06,策略7,6108,22.0,bull
2026-05-06,策略7,3707,73.0999984741211,bull
2026-05-06,策略7,3665,2745.0,bull
2026-05-06,策略7,2401,25.100000381469727,bull
2026-05-06,策略7,2395,409.5,bull
2026-05-06,策略7,1326,51.0,bull
2026-05-06,策略7,8438,89.4000015258789,bull
2026-05-06,策略7,8042,77.30000305175781,bull
2026-05-06,策略7,3016,114.5,bull
2026-05-06,策略7,4551,135.0,bull
2026-05-06,策略8,7709,80.30000305175781,bull
2026-05-06,策略8,3390,28.049999237060547,bull
2026-05-06,策略8,3680,581.0,bull
2026-05-06,策略8,00888,29.079999923706055,bull
2026-05-06,策略8,6015,15.050000190734863,bull
2026-05-06,策略8,3227,216.0,bull
2026-05-06,策略9,2454,3430.0,bull
2026-05-06,策略9,7769,5705.0,bull
2026-05-06,策略9,3661,4565.0,bull
2026-05-06,策略9,8299,2325.0,bull
2026-05-06,策略9,2059,4400.0,bull
2026-05-06,策略9,2383,4950.0,bull
2026-05-06,策略9,6683,2395.0,bull
2026-05-06,策略9,5289,1475.0,bull
2026-05-06,策略9,6531,965.0,bull
2026-05-06,策略9,8210,1325.0,bull
2026-05-06,策略9,2360,2345.0,bull
2026-05-06,策略9,3680,581.0,bull
2026-05-06,策略9,6488,721.0,bull
2026-05-06,策略9,4764,342.0,bull
2026-05-06,策略9,6643,650.0,bull
2026-05-06,策略9,3581,234.0,bull
2026-05-06,策略9,6526,655.0,bull
2026-05-06,策略9,3529,4400.0,bull
2026-05-06,策略9,2408,282.0,bull
2026-05-06,策略9,8358,458.5,bull
2026-05-06,策略9,3030,413.0,bull
2026-05-06,策略9,4908,246.5,bull
2026-05-06,策略9,4542,232.0,bull
2026-05-06,策略9,1597,178.0,bull
2026-05-06,策略9,6409,798.0,bull
2026-05-06,策略9,6197,234.5,bull
2026-05-06,策略9,3228,242.0,bull
2026-05-06,策略9,3532,250.5,bull
2026-05-06,策略9,3016,114.5,bull
2026-05-06,策略9,2395,409.5,bull
2026-05-06,策略9,4585,338.0,bull
2026-05-06,策略9,5474,175.5,bull
2026-05-06,策略9,2451,302.5,bull
2026-05-06,策略9,2317,252.0,bull
2026-05-06,策略9,3006,200.0,bull
2026-05-06,策略9,3044,488.0,bull
2026-05-06,策略9,6414,348.5,bull
2026-05-06,策略9,1595,93.0999984741211,bull
2026-05-06,策略9,6435,217.0,bull
2026-05-06,策略9,8227,185.5,bull
2026-05-06,策略9,1560,576.0,bull
2026-05-06,策略9,8271,243.0,bull
2026-05-06,策略9,6261,121.5,bull
2026-05-06,策略9,6224,88.30000305175781,bull
2026-05-06,策略9,5347,169.0,bull
2026-05-06,策略9,6239,234.5,bull
2026-05-06,策略9,3264,226.0,bull
2026-05-06,策略9,6446,655.0,bull
2026-05-06,策略9,3691,136.0,bull
2026-05-06,策略9,8081,265.0,bull
2026-05-06,策略9,6719,188.0,bull
2026-05-06,策略9,2344,108.5,bull
2026-05-06,策略9,2337,172.0,bull
2026-05-06,策略9,2465,85.0999984741211,bull
2026-05-06,策略9,3707,73.0999984741211,bull
2026-05-06,策略9,3088,120.5,bull
2026-05-06,策略9,2404,984.0,bull
2026-05-06,策略9,00670L,191.85000610351562,bull
2026-05-06,策略9,8150,89.19999694824219,bull
2026-05-06,策略9,2426,76.19999694824219,bull
2026-05-06,策略9,2070,66.0,bull
2026-05-06,策略9,6485,89.0999984741211,bull
2026-05-06,策略9,8234,74.0,bull
2026-05-06,策略9,2303,91.4000015258789,bull
2026-05-06,策略9,6138,250.5,bull
2026-05-06,策略9,3515,244.0,bull
2026-05-06,策略9,2417,53.79999923706055,bull
2026-05-06,策略9,8040,80.5999984741211,bull
2026-05-06,策略9,8016,241.5,bull
2026-05-06,策略9,2301,185.0,bull
2026-05-06,策略9,3438,63.20000076293945,bull
2026-05-06,策略9,5483,145.5,bull
2026-05-06,策略9,8374,91.0,bull
2026-05-06,策略9,6173,101.0,bull
2026-05-06,策略9,3498,98.9000015258789,bull
2026-05-06,策略9,8042,77.30000305175781,bull
2026-05-06,策略9,2354,64.30000305175781,bull
2026-05-06,策略9,4561,44.20000076293945,bull
2026-05-06,策略9,6207,68.69999694824219,bull
2026-05-06,策略9,3034,441.5,bull
2026-05-06,策略9,2603,212.0,bull
2026-05-06,策略9,3227,216.0,bull
2026-05-06,策略9,4722,202.5,bull
2026-05-06,策略9,2342,41.79999923706055,bull
2026-05-06,策略9,6525,103.0,bull
2026-05-06,策略9,5464,43.349998474121094,bull
2026-05-06,策略9,3029,101.5,bull
2026-05-06,策略9,6174,41.29999923706055,bull
2026-05-06,策略9,6182,50.599998474121094,bull
2026-05-06,策略9,6279,116.0,bull
2026-05-06,策略9,4931,166.5,bull
2026-05-06,策略9,8086,156.0,bull
2026-05-06,策略9,3317,64.9000015258789,bull
2026-05-06,策略9,6150,66.0,bull
2026-05-06,策略9,3162,89.80000305175781,bull
2026-05-06,策略9,5351,78.5,bull
2026-05-06,策略9,3518,38.900001525878906,bull
2026-05-06,策略9,8454,180.5,bull
2026-05-06,策略9,3035,181.5,bull
2026-05-06,策略9,6679,302.0,bull
2026-05-06,策略9,3028,76.5,bull
2026-05-06,策略9,3014,132.5,bull
2026-05-06,策略9,3023,305.5,bull
2026-05-06,策略9,4556,43.25,bull
2026-05-06,策略9,5425,68.5,bull
2026-05-06,策略9,2357,629.0,bull
2026-05-06,策略9,00830,78.3499984741211,bull
2026-05-06,策略9,8110,51.900001525878906,bull
2026-05-06,策略9,2492,147.0,bull
2026-05-06,策略9,6770,58.099998474121094,bull
2026-05-06,策略9,2478,76.69999694824219,bull
2026-05-06,策略9,00850,81.0,bull
2026-05-06,策略9,6125,58.900001525878906,bull
2026-05-06,策略9,2881,92.80000305175781,bull
2026-05-06,策略9,6265,44.099998474121094,bull
2026-05-06,策略9,1809,34.150001525878906,bull
2026-05-06,策略9,6188,86.80000305175781,bull
2026-05-06,策略9,00911,53.25,bull
2026-05-06,策略9,8054,111.5,bull
2026-05-06,策略9,3122,36.29999923706055,bull
2026-05-06,策略9,3033,42.400001525878906,bull
2026-05-06,策略9,3141,51.0,bull
2026-05-06,策略9,5864,31.200000762939453,bull
2026-05-06,策略9,3032,66.5,bull
2026-05-06,策略9,3441,39.79999923706055,bull
2026-05-06,策略9,8390,91.5999984741211,bull
2026-05-06,策略9,2377,100.0,bull
2026-05-06,策略9,6609,44.0,bull
2026-05-06,策略9,6257,203.5,bull
2026-05-06,策略9,6462,129.0,bull
2026-05-06,策略9,00913,43.150001525878906,bull
2026-05-06,策略9,5309,63.20000076293945,bull
2026-05-06,策略9,2061,20.649999618530273,bull
2026-05-06,策略9,2385,128.5,bull
2026-05-06,策略9,9921,68.80000305175781,bull
2026-05-06,策略9,00901,40.900001525878906,bull
2026-05-06,策略9,4768,521.0,bull
2026-05-06,策略9,3004,121.5,bull
2026-05-06,策略9,3217,177.5,bull
2026-05-06,策略9,6209,68.19999694824219,bull
2026-05-06,策略9,1303,93.80000305175781,bull
2026-05-06,策略9,5009,35.099998474121094,bull
2026-05-06,策略9,3094,30.350000381469727,bull
2026-05-06,策略9,2597,155.5,bull
2026-05-06,策略9,2882,78.69999694824219,bull
2026-05-06,策略9,3022,74.0,bull
2026-05-06,策略9,6768,79.69999694824219,bull
2026-05-06,策略9,3231,146.5,bull
2026-05-06,策略9,00893,43.06999969482422,bull
2026-05-06,策略9,8936,52.5,bull
2026-05-06,策略9,6190,75.0,bull
2026-05-06,策略9,3706,87.80000305175781,bull
2026-05-06,策略9,4991,725.0,bull
2026-05-06,策略9,00923,37.849998474121094,bull
2026-05-06,策略9,00909,46.279998779296875,bull
2026-05-06,策略9,2615,77.80000305175781,bull
2026-05-06,策略9,8050,44.349998474121094,bull
2026-05-06,策略9,6550,17.950000762939453,bull
2026-05-06,策略9,00922,35.97999954223633,bull
2026-05-06,策略9,3209,55.900001525878906,bull
2026-05-06,策略9,2363,57.20000076293945,bull
2026-05-06,策略9,8088,54.20000076293945,bull
2026-05-06,策略9,6505,54.79999923706055,bull
2026-05-06,策略9,9938,45.599998474121094,bull
2026-05-06,策略9,3550,22.25,bull
2026-05-06,策略9,009808,28.459999084472656,bull
2026-05-06,策略9,00888,29.079999923706055,bull
2026-05-06,策略9,0056,43.86000061035156,bull
2026-05-06,策略9,6016,20.399999618530273,bull
2026-05-06,策略9,00878,27.329999923706055,bull
2026-05-06,策略9,2441,93.19999694824219,bull
2026-05-06,策略9,5521,12.149999618530273,bull
2026-05-06,策略9,6108,22.0,bull
2026-05-06,策略9,3354,31.100000381469727,bull
2026-05-06,策略9,4934,18.450000762939453,bull
2026-05-06,策略9,3481,28.100000381469727,bull
2026-05-06,策略9,6202,56.900001525878906,bull
2026-05-06,策略9,8215,31.200000762939453,bull
2026-05-06,策略9,6005,30.0,bull
2026-05-06,策略9,00929,24.399999618530273,bull
2026-05-06,策略9,2457,25.049999237060547,bull
2026-05-06,策略9,1605,32.599998474121094,bull
2026-05-06,策略9,5410,34.79999923706055,bull
2026-05-06,策略9,3086,43.5,bull
2026-05-06,策略9,2392,39.0,bull
2026-05-06,策略9,3057,21.299999237060547,bull
2026-05-06,策略9,8926,46.70000076293945,bull
2026-05-06,策略9,00912,30.270000457763672,bull
2026-05-06,策略9,00903,19.780000686645508,bull
2026-05-06,策略9,00733,65.44999694824219,bull
2026-05-06,策略9,4533,31.700000762939453,bull
2026-05-06,策略9,6477,34.599998474121094,bull
2026-05-06,策略9,2634,48.95000076293945,bull
2026-05-06,策略9,00930,20.899999618530273,bull
2026-05-06,策略9,009804,20.799999237060547,bull
2026-05-06,策略9,00928,34.560001373291016,bull
2026-05-06,策略9,00905,24.5,bull
2026-05-06,策略9,2425,31.549999237060547,bull
2026-05-06,策略9,2399,44.79999923706055,bull
2026-05-06,策略9,2606,64.19999694824219,bull
2026-05-06,策略9,3048,41.20000076293945,bull
2026-05-06,策略9,3090,105.5,bull
2026-05-06,策略9,6206,110.5,bull
2026-05-06,策略9,2376,301.0,bull
2026-05-06,策略9,6015,15.050000190734863,bull
2026-05-06,策略9,00896,26.3799991607666,bull
2026-05-06,策略9,2302,19.850000381469727,bull
2026-05-06,策略9,6443,37.849998474121094,bull
2026-05-06,策略9,1612,36.75,bull
2026-05-06,策略9,2458,142.0,bull
2026-05-06,策略9,2637,76.0,bull
2026-05-06,策略9,00934,25.079999923706055,bull
2026-05-06,策略9,4174,35.25,bull
2026-05-06,策略9,5490,28.049999237060547,bull
2026-05-06,策略9,00633L,53.29999923706055,bull
2026-05-06,策略9,3078,56.599998474121094,bull
2026-05-06,策略9,2406,32.54999923706055,bull
2026-05-06,策略9,2356,49.20000076293945,bull
2026-05-06,策略9,5328,26.0,bull
2026-05-06,策略9,6668,38.400001525878906,bull
2026-05-06,策略9,6269,68.0999984741211,bull
2026-05-06,策略9,6282,50.099998474121094,bull
2026-05-06,策略9,00989A,16.790000915527344,bull
2026-05-06,策略9,00919,24.90999984741211,bull
2026-05-06,策略9,3624,54.0,bull
2026-05-06,策略9,00902,17.540000915527344,bull
2026-05-06,策略9,00939,17.84000015258789,bull
2026-05-06,策略9,00900,16.420000076293945,bull
2026-05-06,策略9,6449,171.0,bull
2026-05-06,策略9,2027,38.45000076293945,bull
2026-05-06,策略9,00858,34.79999923706055,bull
2026-05-06,策略9,006201,45.97999954223633,bull
2026-05-06,策略9,2883,22.200000762939453,bull
2026-05-06,策略9,2331,21.100000381469727,bull
2026-05-06,策略9,2338,49.400001525878906,bull
2026-05-06,策略9,009818,18.1299991607666,bull
2026-05-06,策略9,1609,32.900001525878906,bull
2026-05-06,策略9,00655L,37.130001068115234,bull
2026-05-06,策略9,00962,13.260000228881836,bull
2026-05-06,策略9,00706L,20.010000228881836,bull
2026-05-06,策略9,3372,19.75,bull
2026-05-06,策略9,7709,80.30000305175781,bull
2026-05-06,策略9,00921,21.34000015258789,bull
2026-05-06,策略9,6432,42.25,bull
2026-05-06,策略9,00915,25.770000457763672,bull
2026-05-06,策略9,00643,20.149999618530273,bull
2026-05-06,策略9,009809,15.170000076293945,bull
2026-05-06,策略9,00946,12.489999771118164,bull
2026-05-06,策略9,6156,21.0,bull
2026-05-06,策略9,3025,64.9000015258789,bull
2026-05-06,策略9,2369,31.899999618530273,bull
2026-05-06,策略9,1810,18.649999618530273,bull
2026-05-06,策略9,8038,44.29999923706055,bull
2026-05-06,策略9,2204,54.0,bull
2026-05-06,策略9,00943,18.360000610351562,bull
2026-05-06,策略9,00701,31.040000915527344,bull
2026-05-06,策略9,3545,53.0,bull
2026-05-06,策略9,2612,57.400001525878906,bull
2026-05-06,策略9,3390,28.049999237060547,bull
2026-05-06,策略9,6143,90.5999984741211,bull
2026-05-06,策略9,00986A,14.3100004196167,bull
2026-05-06,策略9,2362,39.400001525878906,bull
2026-05-06,策略9,00918,24.34000015258789,bull
2026-05-06,策略9,8163,28.299999237060547,bull
2026-05-06,策略9,009800,12.350000381469727,bull
2026-05-06,策略9,00938,20.920000076293945,bull
2026-05-06,策略9,3615,33.45000076293945,bull
2026-05-06,策略9,00637L,22.010000228881836,bull
2026-05-06,策略9,00955,16.010000228881836,bull
2026-05-06,策略9,00944,18.149999618530273,bull
2026-05-06,策略9,2206,57.79999923706055,bull
2026-05-06,策略9,2103,19.950000762939453,bull
2026-05-06,策略9,6227,96.9000015258789,bull
2026-05-06,策略9,6112,47.150001525878906,bull
2026-05-06,策略9,00951,16.3799991607666,bull
2026-05-06,策略9,8070,48.849998474121094,bull
2026-05-06,策略9,00954,17.399999618530273,bull
2026-05-06,策略9,00936,19.299999237060547,bull
2026-05-06,策略9,00964,14.449999809265137,bull
2026-05-06,策略9,6109,12.399999618530273,bull
2026-05-06,策略9,00731,73.75,bull
2026-05-06,策略9,2891,54.70000076293945,bull
2026-05-06,策略9,2352,25.850000381469727,bull
2026-05-06,策略9,3003,56.0,bull
2026-05-06,策略9,2444,13.800000190734863,bull
2026-05-06,策略9,5484,38.599998474121094,bull
2026-05-06,策略9,00940,10.850000381469727,bull
2026-05-06,策略9,8932,92.0,bull
2026-05-06,策略9,6177,45.54999923706055,bull
2026-05-06,策略9,2641,17.600000381469727,bull
2026-05-06,策略9,2034,21.399999618530273,bull
2026-05-06,策略9,00960,17.8799991607666,bull
2026-05-06,策略9,5302,11.5,bull
2026-05-06,策略9,6133,22.450000762939453,bull
2026-05-06,策略9,00984A,14.649999618530273,bull
2026-05-06,策略9,2489,44.400001525878906,bull
2026-05-06,策略9,00636,28.709999084472656,bull
2026-05-06,策略9,00932,16.25,bull
2026-05-06,策略9,00639,17.459999084472656,bull
2026-05-06,策略9,2605,35.5,bull
2026-05-06,策略9,2892,28.799999237060547,bull
2026-05-06,策略9,2614,20.399999618530273,bull
2026-05-06,策略9,00907,14.640000343322754,bull
2026-05-06,策略9,1316,11.5,bull
2026-05-06,策略9,2023,14.050000190734863,bull
2026-05-06,策略9,1460,7.119999885559082,bull
2026-05-06,策略9,00956,12.229999542236328,bull
2026-05-06,策略9,1402,26.100000381469727,bull
2026-05-06,策略9,00650L,17.790000915527344,bull
2026-05-06,策略9,00987B,16.040000915527344,bull
2026-05-06,策略9,00882,15.819999694824219,bull
2026-05-06,策略9,009817,9.350000381469727,bull
2026-05-06,策略9,00665L,10.109999656677246,bull
2026-05-06,策略9,2009,38.400001525878906,bull
2026-05-06,策略9,00949,19.770000457763672,bull
2026-05-06,策略9,009812,11.880000114440918,bull
2026-05-06,策略9,00753L,10.6899995803833,bull
2026-05-06,策略9,6164,12.550000190734863,bull
2026-05-06,策略10,9945,23.450000762939453,bull
2026-05-06,策略10,2017,8.699999809265137,bull
2026-05-06,策略10,2607,47.5,bull
2026-05-06,策略10,1907,23.850000381469727,bull
2026-05-06,策略10,2022,8.0600004196167,bull
2026-05-06,策略10,6933,170.0,bull
2026-05-06,策略10,2515,13.199999809265137,bull
2026-05-06,策略10,3062,26.149999618530273,bull
2026-05-06,策略10,1723,78.80000305175781,bull
2026-05-06,策略10,5388,78.4000015258789,bull
2026-05-06,策略10,8011,19.799999237060547,bull
2026-05-06,策略10,5531,8.329999923706055,bull
2026-05-06,策略10,8069,145.5,bull
2026-05-06,策略10,2009,38.400001525878906,bull
2026-05-06,策略10,4114,30.950000762939453,bull
2026-05-06,策略10,1789,20.350000381469727,bull
2026-05-06,策略10,2101,33.54999923706055,bull
2026-05-06,策略10,00967B,9.130000114440918,bull
2026-05-06,策略10,1584,20.0,bull
2026-05-06,策略10,2427,21.450000762939453,bull
2026-05-06,策略10,2530,20.75,bull
2026-05-06,策略10,2890,31.0,bull
2026-05-06,策略10,4906,35.20000076293945,bull
2026-05-06,策略10,00680L,6.949999809265137,bull
2026-05-06,策略10,4763,42.75,bull
2026-05-06,策略10,00635U,48.810001373291016,bull
2026-05-06,策略10,8104,34.54999923706055,bull
2026-05-06,策略10,00768B,50.650001525878906,bull
2026-05-06,策略10,00751B,31.670000076293945,bull
2026-05-06,策略10,2332,14.100000381469727,bull
2026-05-06,策略10,6153,18.549999237060547,bull
2026-05-06,策略10,00853B,27.719999313354492,bull
2026-05-06,策略10,00688L,6.940000057220459,bull
2026-05-06,策略10,00679B,26.809999465942383,bull
2026-05-06,策略10,2208,20.149999618530273,bull
2026-05-06,策略10,00687B,27.8700008392334,bull
2026-05-06,策略10,1563,42.04999923706055,bull
2026-05-06,策略10,00764B,27.84000015258789,bull
2026-05-06,策略10,00696B,28.93000030517578,bull
2026-05-06,策略10,00772B,33.689998626708984,bull
2026-05-06,策略10,2887,23.950000762939453,bull
2026-05-06,策略10,2371,30.399999618530273,bull
2026-05-06,策略10,6199,98.30000305175781,bull
2026-05-06,策略10,00720B,32.84000015258789,bull
2026-05-06,策略10,00931B,13.430000305175781,bull
2026-05-06,策略10,00985D,10.109999656677246,bull
2026-05-06,策略10,00857B,23.209999084472656,bull
2026-05-06,策略10,00898,8.109999656677246,bull
2026-05-06,策略10,00722B,35.81999969482422,bull
2026-05-06,策略10,00795B,27.06999969482422,bull
2026-05-06,策略10,00957B,13.460000038146973,bull
2026-05-06,策略10,00937B,14.8100004196167,bull
2026-05-06,策略10,3466,39.349998474121094,bull
2026-05-06,策略10,6142,8.90999984741211,bull
2026-05-06,策略10,2617,29.5,bull
2026-05-06,策略10,6116,8.550000190734863,bull
2026-05-06,策略10,00763U,32.59000015258789,bull
2026-05-06,策略10,4739,90.9000015258789,bull
2026-05-06,策略10,3054,73.80000305175781,bull
2026-05-06,策略10,1477,212.5,bull
2026-05-06,策略10,1529,22.399999618530273,bull
2026-05-06,策略10,00969B,8.319999694824219,bull
2026-05-06,策略10,2618,33.95000076293945,bull
2026-05-06,策略10,4768,521.0,bull
2026-05-06,策略10,6472,409.5,bull
2026-05-06,策略10,00753L,10.6899995803833,bull
2026-05-06,策略10,00738U,61.25,bull
2026-05-06,策略10,3545,53.0,bull
2026-05-06,策略10,00984B,16.299999237060547,bull
2026-05-06,策略10,2836,11.899999618530273,bull
2026-05-06,策略10,00725B,34.95000076293945,bull
2026-05-06,策略10,00933B,16.010000228881836,bull
2026-05-06,策略10,6143,90.5999984741211,bull
2026-05-06,策略10,8163,28.299999237060547,bull
2026-05-06,策略10,2481,101.5,bull
2026-05-06,策略10,00966B,13.890000343322754,bull
2026-05-06,策略10,7402,122.5,bull
2026-05-06,策略10,5371,73.19999694824219,bull
2026-05-06,策略10,00958B,9.270000457763672,bull
2026-05-06,策略10,2597,155.5,bull
2026-05-06,策略10,6589,45.54999923706055,bull
2026-05-06,策略10,5608,15.5,bull
2026-05-06,策略10,5522,69.0999984741211,bull
2026-05-06,策略10,3131,3200.0,bull
2026-05-06,策略10,8105,13.399999618530273,bull
2026-05-06,策略10,4904,95.0999984741211,bull
2026-05-06,策略10,00950B,14.0600004196167,bull
2026-05-06,策略10,2442,18.5,bull
2026-05-06,策略10,00948B,9.460000038146973,bull
2026-05-06,策略10,6202,56.900001525878906,bull
2026-05-06,策略10,00907,14.640000343322754,bull
2026-05-06,策略10,2461,17.100000381469727,bull
2026-05-06,策略10,8088,54.20000076293945,bull
2026-05-06,策略10,6691,677.0,bull
2026-05-06,策略10,00862B,31.700000762939453,bull
2026-05-06,策略10,1316,11.5,bull
2026-05-06,策略10,00942B,14.319999694824219,bull
2026-05-06,策略10,00724B,33.61000061035156,bull
2026-05-06,策略10,6271,179.5,bull
2026-05-06,策略10,00740B,38.619998931884766,bull
2026-05-06,策略10,2612,57.400001525878906,bull
2026-05-06,策略10,00773B,35.84000015258789,bull
2026-05-06,策略10,2338,49.400001525878906,bull
2026-05-06,策略10,4142,17.950000762939453,bull
2026-05-06,策略10,2409,18.049999237060547,bull
2026-05-06,策略10,00968B,9.279999732971191,bull
2026-05-06,策略10,1101,25.049999237060547,bull
2026-05-06,策略10,3576,15.649999618530273,bull
2026-05-06,策略10,6944,953.0,bull
2026-05-06,策略10,3444,93.19999694824219,bull
2026-05-06,策略10,1810,18.649999618530273,bull
2026-05-06,策略10,1609,32.900001525878906,bull
2026-05-06,策略10,2305,16.850000381469727,bull
2026-05-06,策略10,2897,10.149999618530273,bull
2026-05-06,策略10,1409,16.899999618530273,bull
2026-05-06,策略10,00665L,10.109999656677246,bull
2026-05-06,策略10,2630,49.29999923706055,bull
2026-05-06,策略10,4174,35.25,bull
2026-05-06,策略10,3060,28.149999618530273,bull
2026-05-06,策略10,8112,86.80000305175781,bull
2026-05-06,策略10,2353,28.100000381469727,bull
2026-05-06,策略10,8289,47.79999923706055,bull
2026-05-06,策略10,7721,74.9000015258789,bull
2026-05-06,策略10,00713,53.75,bull
2026-05-06,策略10,2211,98.69999694824219,bull
2026-05-06,策略10,2444,13.800000190734863,bull
2026-05-06,策略10,2316,117.0,bull
2026-05-06,策略10,2646,20.299999237060547,bull
2026-05-06,策略10,5521,12.149999618530273,bull
2026-05-06,策略10,00959B,9.34000015258789,bull
2026-05-06,策略10,4147,49.45000076293945,bull
2026-05-06,策略10,6134,31.200000762939453,bull
2026-05-06,策略10,6133,22.450000762939453,bull
2026-05-06,策略10,4971,800.0,bull
2026-05-06,策略10,2641,17.600000381469727,bull
2026-05-06,策略10,1402,26.100000381469727,bull
2026-05-06,策略10,6550,17.950000762939453,bull
2026-05-06,策略10,1815,113.5,bull
2026-05-06,策略10,2357,629.0,bull
2026-05-06,策略10,6668,38.400001525878906,bull
2026-05-06,策略10,3236,30.950000762939453,bull
2026-05-06,策略10,1434,16.100000381469727,bull
2026-05-06,策略10,00970B,9.369999885559082,bull
2026-05-06,策略10,6139,715.0,bull
2026-05-06,策略10,00989B,10.0,bull
2026-05-06,策略10,1301,50.70000076293945,bull
2026-05-06,策略10,3093,64.69999694824219,bull
2026-05-06,策略10,6782,226.0,bull
2026-05-06,策略10,2331,21.100000381469727,bull
2026-05-06,策略10,2495,42.650001525878906,bull
2026-05-06,策略10,00650L,17.790000915527344,bull
2026-05-06,策略10,009817,9.350000381469727,bull
2026-05-06,策略10,3049,12.850000381469727,bull
2026-05-06,策略10,2634,48.95000076293945,bull
2026-05-06,策略10,6244,27.549999237060547,bull
2026-05-06,策略10,2363,57.20000076293945,bull
2026-05-06,策略10,3339,59.5,bull
2026-05-06,策略10,6426,237.0,bull
2026-05-06,策略10,8261,122.0,bull
2026-05-06,策略10,6443,37.849998474121094,bull
2026-05-06,策略10,7821,46.650001525878906,bull
2026-05-06,策略10,5452,33.599998474121094,bull
2026-05-06,策略10,4741,63.20000076293945,bull
2026-05-06,策略10,3715,186.5,bull
2026-05-06,策略10,2382,346.5,bull
2026-05-06,策略10,2356,49.20000076293945,bull
2026-05-06,策略10,6768,79.69999694824219,bull
2026-05-06,策略10,3450,343.5,bull
2026-05-06,策略10,9933,36.79999923706055,bull
2026-05-06,策略10,6177,45.54999923706055,bull
2026-05-06,策略10,2441,93.19999694824219,bull
2026-05-06,策略10,6282,50.099998474121094,bull
2026-05-06,策略10,6770,58.099998474121094,bull
2026-05-06,策略10,2457,25.049999237060547,bull
2026-05-06,策略10,2352,25.850000381469727,bull
2026-05-06,策略10,3491,1620.0,bull
2026-05-06,策略10,3305,116.0,bull
2026-05-06,策略10,2903,22.399999618530273,bull
2026-05-06,策略10,4533,31.700000762939453,bull
2026-05-06,策略10,6269,68.0999984741211,bull
2026-05-06,策略11,00946,12.489999771118164,bull
2026-05-06,策略11,3026,273.0,bull
2026-05-06,策略11,3122,36.29999923706055,bull
2026-05-06,策略11,3094,30.350000381469727,bull
2026-05-06,策略11,3532,250.5,bull
2026-05-06,策略11,3033,42.400001525878906,bull
2026-05-06,策略11,2426,76.19999694824219,bull
2026-05-06,策略11,1595,93.0999984741211,bull
2026-05-06,策略11,6224,88.30000305175781,bull
2026-05-06,策略11,6526,655.0,bull
2026-05-06,策略11,8215,31.200000762939453,bull
2026-05-06,策略11,6174,41.29999923706055,bull
2026-05-06,策略11,6108,22.0,bull
2026-05-06,策略11,6173,101.0,bull
2026-05-06,策略11,5464,43.349998474121094,bull
2026-05-06,策略11,4556,43.25,bull
2026-05-06,策略11,00918,24.34000015258789,bull
2026-05-06,策略11,3023,305.5,bull
2026-05-06,策略11,00915,25.770000457763672,bull
2026-05-06,策略11,00919,24.90999984741211,bull
2026-05-06,策略11,00701,31.040000915527344,bull
2026-05-06,策略11,00913,43.150001525878906,bull
2026-05-06,策略11,00987B,16.040000915527344,bull
2026-05-06,策略11,00637L,22.010000228881836,bull
2026-05-06,策略11,8042,77.30000305175781,bull
2026-05-06,策略11,00964,14.449999809265137,bull
2026-05-06,策略11,00633L,53.29999923706055,bull
2026-05-06,策略11,3088,120.5,bull
2026-05-06,策略11,00655L,37.130001068115234,bull
2026-05-06,策略11,009803,20.270000457763672,bull
2026-05-06,策略11,006208,222.0,bull
2026-05-06,策略11,00916,27.389999389648438,bull
2026-05-06,策略11,00901,40.900001525878906,bull
2026-05-06,策略11,2454,3430.0,bull
2026-05-06,策略11,6015,15.050000190734863,bull
2026-05-06,策略11,2395,409.5,bull
2026-05-06,策略11,6488,721.0,bull
2026-05-06,策略11,3317,64.9000015258789,bull
2026-05-06,策略11,2637,76.0,bull
2026-05-06,策略11,8210,1325.0,bull
2026-05-06,策略11,00960,17.8799991607666,bull
2026-05-06,策略11,00935,53.70000076293945,bull
2026-05-06,策略11,3533,2735.0,bull
2026-05-06,策略11,00928,34.560001373291016,bull
2026-05-06,策略11,6679,302.0,bull
2026-05-06,策略11,5483,145.5,bull
2026-05-06,策略11,2059,4400.0,bull
2026-05-06,策略12,2616,14.0,bull
2026-05-06,策略12,1337,4.960000038146973,bull
2026-05-06,策略12,7780,18.600000381469727,bull
2026-05-06,策略12,6152,13.699999809265137,bull
2026-05-06,策略12,2607,47.5,bull
2026-05-06,策略12,6509,40.20000076293945,bull
2026-05-06,策略12,1305,13.300000190734863,bull
2026-05-06,策略12,2511,7.900000095367432,bull
2026-05-06,策略12,2101,33.54999923706055,bull
2026-05-06,策略12,2836,11.899999618530273,bull
2026-05-06,策略12,00648R,4.110000133514404,bull
2026-05-06,策略12,6589,45.54999923706055,bull
2026-05-06,策略12,1308,13.699999809265137,bull
2026-05-06,策略12,3062,26.149999618530273,bull
2026-05-06,策略12,4147,49.45000076293945,bull
2026-05-06,策略12,1314,7.230000019073486,bull
2026-05-06,策略12,1304,13.199999809265137,bull
2026-05-06,策略12,00985D,10.109999656677246,bull
2026-05-06,策略12,1529,22.399999618530273,bull
2026-05-06,策略12,2442,18.5,bull
2026-05-06,策略12,3543,39.20000076293945,bull
2026-05-06,策略12,4534,23.899999618530273,bull
2026-05-06,策略12,2419,30.200000762939453,bull
2026-05-06,策略12,1808,28.299999237060547,bull
2026-05-06,策略12,6284,77.80000305175781,bull
2026-05-06,策略12,1709,18.549999237060547,bull
2026-05-06,策略12,5905,7.96999979019165,bull
2026-05-06,策略12,00764B,27.84000015258789,bull
2026-05-06,策略12,3236,30.950000762939453,bull
2026-05-06,策略12,4906,35.20000076293945,bull
2026-05-06,策略12,2006,66.69999694824219,bull
2026-05-06,策略12,2431,10.800000190734863,bull
2026-05-06,策略12,1309,18.25,bull
2026-05-06,策略12,6933,170.0,bull
2026-05-06,策略12,3138,154.5,bull
2026-05-06,策略12,1795,226.5,bull
2026-05-06,策略12,00966B,13.890000343322754,bull
2026-05-06,策略12,4164,29.200000762939453,bull
2026-05-06,策略12,6134,31.200000762939453,bull
2026-05-06,策略12,00862B,31.700000762939453,bull
2026-05-06,策略12,2461,17.100000381469727,bull
2026-05-06,策略12,5457,36.5,bull
2026-05-06,策略12,4142,17.950000762939453,bull
2026-05-06,策略12,3234,103.0,bull
2026-05-06,策略12,1301,50.70000076293945,bull
2026-05-06,策略12,3576,15.649999618530273,bull
2026-05-06,策略12,6142,8.90999984741211,bull
2026-05-06,策略12,1708,39.20000076293945,bull
2026-05-06,策略12,8011,19.799999237060547,bull
2026-05-06,策略12,8942,42.900001525878906,bull
2026-05-06,策略12,5522,69.0999984741211,bull
2026-05-06,策略12,6163,57.29999923706055,bull
2026-05-06,策略12,6177,45.54999923706055,bull
2026-05-06,策略12,8436,119.0,bull
2026-05-06,策略12,6143,90.5999984741211,bull
2026-05-06,策略12,7828,1230.0,bull
2026-05-06,策略12,6191,99.5,bull
2026-05-06,策略12,1102,35.20000076293945,bull
2026-05-06,策略12,1712,42.150001525878906,bull
2026-05-06,策略12,9939,111.0,bull
2026-05-06,策略12,3552,53.900001525878906,bull
2026-05-06,策略12,6806,20.200000762939453,bull
2026-05-06,策略12,4169,155.0,bull
2026-05-06,策略12,3005,97.5,bull
2026-05-06,策略12,2355,51.79999923706055,bull
2026-05-06,策略12,2072,176.0,bull
2026-05-06,策略12,1717,79.4000015258789,bull
2026-05-06,策略12,00907,14.640000343322754,bull
2026-05-06,策略12,3010,136.0,bull
2026-05-06,策略12,1326,51.0,bull
2026-05-06,策略12,1409,16.899999618530273,bull
2026-05-06,策略12,2316,117.0,bull
2026-05-06,策略12,3013,107.5,bull
2026-05-06,策略12,6548,51.79999923706055,bull
2026-05-06,策略12,4714,14.850000381469727,bull
2026-05-06,策略12,3419,14.949999809265137,bull
2026-05-06,策略12,6873,89.0999984741211,bull
2026-05-06,策略13,4908,246.5,bull
2026-05-06,策略13,2454,3430.0,bull
2026-05-06,策略13,3229,42.70000076293945,bull
2026-05-06,策略13,6735,133.0,bull
2026-05-06,策略13,6224,88.30000305175781,bull
2026-05-06,策略13,3016,114.5,bull
2026-05-06,策略13,6658,155.5,bull
2026-05-06,策略13,2426,76.19999694824219,bull
2026-05-06,策略13,6531,965.0,bull
2026-05-06,策略13,1597,178.0,bull
2026-05-06,策略13,6147,175.0,bull
2026-05-06,策略13,3518,38.900001525878906,bull
2026-05-06,策略13,8358,458.5,bull
2026-05-06,策略13,1785,168.5,bull
2026-05-06,策略13,4919,161.0,bull
2026-05-06,策略13,4958,412.0,bull
2026-05-06,策略13,3228,242.0,bull
2026-05-06,策略13,7750,2595.0,bull
2026-05-06,策略13,1711,60.900001525878906,bull
2026-05-06,策略13,3026,273.0,bull
2026-05-06,策略13,6141,35.70000076293945,bull
2026-05-06,策略13,6488,721.0,bull
2026-05-06,策略13,4576,233.0,bull
2026-05-06,策略13,8271,243.0,bull
2026-05-06,策略13,2383,4950.0,bull
2026-05-06,策略13,6672,214.5,bull
2026-05-06,策略13,2464,111.0,bull
2026-05-06,策略13,8040,80.5999984741211,bull
2026-05-06,策略13,1727,78.0999984741211,bull
2026-05-06,策略13,6182,50.599998474121094,bull
2026-05-06,策略13,4540,68.9000015258789,bull
2026-05-06,策略13,3030,413.0,bull
2026-05-06,策略13,3167,795.0,bull
2026-05-06,策略13,6683,2395.0,bull
2026-05-06,策略13,2388,80.0,bull
2026-05-06,策略13,4556,43.25,bull
2026-05-06,策略13,8155,444.0,bull
2026-05-06,策略13,8210,1325.0,bull
2026-05-06,策略13,3529,4400.0,bull
2026-05-06,策略13,2465,85.0999984741211,bull
2026-05-06,策略13,2303,91.4000015258789,bull
2026-05-06,策略13,8150,89.19999694824219,bull
2026-05-06,策略13,2368,1445.0,bull
2026-05-06,策略13,7711,428.5,bull
2026-05-06,策略13,8227,185.5,bull
2026-05-06,策略13,6823,96.19999694824219,bull
2026-05-06,策略13,4991,725.0,bull
2026-05-06,策略13,3680,581.0,bull
2026-05-06,策略13,2345,2485.0,bull
2026-05-06,策略13,6261,121.5,bull
2026-05-06,策略13,6213,285.0,bull
2026-05-06,策略13,5289,1475.0,bull
2026-05-06,策略13,6415,424.0,bull
2026-05-06,策略13,8046,940.0,bull
2026-05-06,策略13,2360,2345.0,bull
2026-05-06,策略13,3707,73.0999984741211,bull
2026-05-06,策略13,8042,77.30000305175781,bull
2026-05-06,策略13,1591,65.19999694824219,bull
2026-05-06,策略13,4542,232.0,bull
2026-05-06,策略13,2340,40.900001525878906,bull
2026-05-06,策略13,8299,2325.0,bull
2026-05-06,策略13,3122,36.29999923706055,bull
2026-05-06,策略13,4949,96.19999694824219,bull
2026-05-06,策略13,3088,120.5,bull
2026-05-06,策略13,2233,315.5,bull
2026-05-06,策略13,6830,878.0,bull
2026-05-06,策略13,2308,2210.0,bull
2026-05-06,策略13,5439,406.0,bull
2026-05-06,策略13,2472,186.5,bull
2026-05-06,策略13,2342,41.79999923706055,bull
2026-05-06,策略13,6706,168.0,bull
2026-05-06,策略13,3264,226.0,bull
2026-05-06,策略13,3028,76.5,bull
2026-05-06,策略13,3438,63.20000076293945,bull
2026-05-06,策略13,2351,156.5,bull
2026-05-06,策略13,2417,53.79999923706055,bull
2026-05-06,策略13,7769,5705.0,bull
2026-05-06,策略13,6643,650.0,bull
2026-05-06,策略13,6175,64.30000305175781,bull
2026-05-06,策略13,4967,298.0,bull
2026-05-06,策略13,00901,40.900001525878906,bull
2026-05-06,策略13,5347,169.0,bull
2026-05-06,策略13,4561,44.20000076293945,bull
2026-05-06,策略13,1590,1435.0,bull
2026-05-06,策略13,2467,567.0,bull
2026-05-06,策略13,00928,34.560001373291016,bull
2026-05-06,策略13,6207,68.69999694824219,bull
2026-05-06,策略13,2059,4400.0,bull
2026-05-06,策略13,1809,34.150001525878906,bull
2026-05-06,策略13,3665,2745.0,bull
2026-05-06,策略13,6166,79.4000015258789,bull
2026-05-06,策略13,6209,68.19999694824219,bull
2026-05-06,策略13,5498,74.9000015258789,bull
2026-05-06,策略13,5483,145.5,bull
2026-05-06,策略13,6903,412.0,bull
2026-05-06,策略13,8162,52.79999923706055,bull
2026-05-06,策略13,3498,98.9000015258789,bull
2026-05-06,策略13,6426,237.0,bull
2026-05-06,策略13,2408,282.0,bull
2026-05-06,策略13,3057,21.299999237060547,bull
2026-05-06,策略13,4927,57.29999923706055,bull
2026-05-06,策略13,3209,55.900001525878906,bull
2026-05-06,策略14,1597,178.0,bull
2026-05-06,策略15,2362,39.400001525878906,bull
2026-05-06,策略15,00885,18.920000076293945,bull
2026-05-06,策略15,00907,14.640000343322754,bull
2026-05-06,策略15,2353,28.100000381469727,bull
2026-05-06,策略16,3441,39.79999923706055,bull
2026-05-06,策略16,2354,64.30000305175781,bull
2026-05-06,策略16,4934,18.450000762939453,bull
2026-05-06,策略16,6609,44.0,bull
2026-05-06,策略16,8234,74.0,bull
2026-05-06,策略16,5474,175.5,bull
2026-05-06,策略16,3048,41.20000076293945,bull
2026-05-06,策略16,1809,34.150001525878906,bull
2026-05-06,策略16,3354,31.100000381469727,bull
2026-05-06,策略16,2352,25.850000381469727,bull
2026-05-06,策略16,1810,18.649999618530273,bull
2026-05-06,策略16,3481,28.100000381469727,bull
2026-05-06,策略16,5425,68.5,bull
2026-05-06,策略16,6164,12.550000190734863,bull
2026-05-06,策略16,6719,188.0,bull
2026-05-06,策略16,00949,19.770000457763672,bull
2026-05-06,策略16,009812,11.880000114440918,bull
2026-05-06,策略16,6150,66.0,bull
2026-05-06,策略16,00706L,20.010000228881836,bull
2026-05-06,策略16,6005,30.0,bull
2026-05-06,策略16,5009,35.099998474121094,bull
2026-05-06,策略16,4585,338.0,bull
2026-05-06,策略16,4562,38.099998474121094,bull
2026-05-06,策略16,2302,19.850000381469727,bull
2026-05-06,策略16,8050,44.349998474121094,bull
2026-05-06,策略17,00919,24.90999984741211,bull
2026-05-06,策略17,00918,24.34000015258789,bull
2026-05-06,策略17,00915,25.770000457763672,bull
2026-05-06,策略17,00882,15.819999694824219,bull
2026-05-06,策略17,2317,252.0,bull
2026-05-06,策略17,00960,17.8799991607666,bull
2026-05-06,策略17,6015,15.050000190734863,bull
2026-05-06,策略17,00916,27.389999389648438,bull
2026-05-06,策略17,00655L,37.130001068115234,bull
2026-05-06,策略17,3033,42.400001525878906,bull
2026-05-06,策略17,3023,305.5,bull
2026-05-06,策略17,00701,31.040000915527344,bull
2026-05-06,策略17,2637,76.0,bull
2026-05-06,策略17,2395,409.5,bull
2026-05-06,策略17,3016,114.5,bull
2026-05-06,策略17,00637L,22.010000228881836,bull
2026-05-06,策略17,00946,12.489999771118164,bull
2026-05-06,策略17,5490,28.049999237060547,bull
2026-05-06,策略17,00901,40.900001525878906,bull
2026-05-06,策略17,2356,49.20000076293945,bull
2026-05-06,策略17,2342,41.79999923706055,bull
2026-05-06,策略17,6150,66.0,bull
2026-05-06,策略17,3665,2745.0,bull
2026-05-06,策略17,3048,41.20000076293945,bull
2026-05-06,策略19,6173,101.0,bull
2026-05-06,策略19,8042,77.30000305175781,bull
2026-05-06,策略19,3532,250.5,bull
2026-05-06,策略19,8374,91.0,bull
2026-05-06,策略19,3048,41.20000076293945,bull
2026-05-06,策略19,1809,34.150001525878906,bull
2026-05-06,策略19,8096,96.80000305175781,bull
2026-05-06,策略19,6609,44.0,bull
2026-05-06,策略19,00987B,16.040000915527344,bull
2026-05-06,策略19,2376,301.0,bull
2026-05-06,策略19,3481,28.100000381469727,bull
2026-05-06,策略19,6108,22.0,bull
2026-05-06,策略19,6488,721.0,bull
2026-05-06,策略19,6727,417.0,bull
2026-05-06,策略19,3706,87.80000305175781,bull
2026-05-06,策略19,5410,34.79999923706055,bull
2026-05-06,策略19,6679,302.0,bull
2026-05-06,策略19,3305,116.0,bull
2026-05-06,策略19,2637,76.0,bull
2026-05-06,策略19,6182,50.599998474121094,bull
2026-05-06,策略19,2352,25.850000381469727,bull
2026-05-06,策略19,00918,24.34000015258789,bull
2026-05-06,策略19,00915,25.770000457763672,bull
2026-05-06,策略19,2382,346.5,bull
2026-05-06,策略19,2357,629.0,bull
2026-05-06,策略19,3583,803.0,bull
2026-05-06,策略19,8215,31.200000762939453,bull
2026-05-06,策略19,2301,185.0,bull
2026-05-06,策略19,00960,17.8799991607666,bull
2026-05-06,策略19,3162,89.80000305175781,bull
2026-05-06,策略19,2851,31.299999237060547,bull
2026-05-06,策略19,00941,24.700000762939453,bull
2026-05-06,策略19,1460,7.119999885559082,bull
2026-05-06,策略19,3691,136.0,bull
2026-05-06,策略19,3093,64.69999694824219,bull
2026-05-06,策略19,5289,1475.0,bull
2026-05-06,策略19,3023,305.5,bull
2026-05-06,策略19,5351,78.5,bull
2026-05-06,策略19,00949,19.770000457763672,bull
2026-05-06,策略19,5425,68.5,bull
2026-05-06,策略19,00964,14.449999809265137,bull
2026-05-06,策略19,00636,28.709999084472656,bull
2026-05-06,策略19,6526,655.0,bull
2026-05-06,策略19,2891,54.70000076293945,bull
2026-05-06,策略19,4973,91.69999694824219,bull
2026-05-06,策略19,1612,36.75,bull
2026-05-06,策略19,3026,273.0,bull
2026-05-06,策略19,2451,302.5,bull
2026-05-06,策略19,8150,89.19999694824219,bull
2026-05-06,策略19,6782,226.0,bull
2026-05-06,策略19,4741,63.20000076293945,bull
2026-05-06,策略19,2606,64.19999694824219,bull
2026-05-06,策略19,4722,202.5,bull
2026-05-06,策略19,6196,395.5,bull
2026-05-06,策略19,3231,146.5,bull
2026-05-06,策略19,2360,2345.0,bull
2026-05-06,策略19,2059,4400.0,bull
2026-05-06,策略19,5490,28.049999237060547,bull
2026-05-06,策略19,1560,576.0,bull
2026-05-06,策略19,6668,38.400001525878906,bull
2026-05-06,策略19,6691,677.0,bull
2026-05-06,策略19,009812,11.880000114440918,bull
2026-05-06,策略19,2027,38.45000076293945,bull
2026-05-06,策略19,8086,156.0,bull
2026-05-06,策略19,2603,212.0,bull
2026-05-06,策略19,2356,49.20000076293945,bull
2026-05-06,策略19,5483,145.5,bull
2026-05-06,策略20,3054,73.80000305175781,bull
2026-05-06,策略20,8926,46.70000076293945,bull
2026-05-06,策略20,6265,44.099998474121094,bull
2026-05-06,策略20,5351,78.5,bull
2026-05-06,策略20,6903,412.0,bull
2026-05-06,策略20,8112,86.80000305175781,bull
2026-05-06,策略20,3006,200.0,bull
2026-05-06,策略20,2406,32.54999923706055,bull
2026-05-06,策略20,5302,11.5,bull
2026-05-06,策略20,3231,146.5,bull
2026-05-06,策略20,6691,677.0,bull
2026-05-06,策略20,4739,90.9000015258789,bull
2026-05-06,策略20,5410,34.79999923706055,bull
2026-05-06,策略20,4973,91.69999694824219,bull
2026-05-06,策略20,2337,172.0,bull
2026-05-06,策略20,2382,346.5,bull
2026-05-06,策略20,3025,64.9000015258789,bull
2026-05-06,策略20,3211,374.5,bull
2026-05-06,策略20,6209,68.19999694824219,bull
2026-05-06,策略20,2376,301.0,bull
2026-05-06,策略20,3305,116.0,bull
2026-05-06,策略20,6227,96.9000015258789,bull
2026-05-06,策略20,6446,655.0,bull
2026-05-06,策略20,2425,31.549999237060547,bull
2026-05-06,策略20,8088,54.20000076293945,bull
2026-05-06,策略20,6125,58.900001525878906,bull
2026-05-06,策略20,8086,156.0,bull
2026-05-06,策略20,2356,49.20000076293945,bull
2026-05-06,策略20,7547,71.80000305175781,bull
2026-05-06,策略20,8040,80.5999984741211,bull
2026-05-06,策略20,8374,91.0,bull
2026-05-06,策略20,3706,87.80000305175781,bull
2026-05-06,策略20,6112,47.150001525878906,bull
2026-05-06,策略20,6239,234.5,bull
2026-05-06,策略20,2637,76.0,bull
2026-05-06,策略20,2357,629.0,bull
2026-05-06,策略20,3372,19.75,bull
2026-05-06,策略20,6782,226.0,bull
2026-05-06,策略20,1560,576.0,bull
2026-05-06,策略25,00636,28.709999084472656,bull
2026-05-06,策略25,00882,15.819999694824219,bull
2026-05-06,策略25,00731,73.75,bull
2026-05-06,策略25,00965,25.899999618530273,bull
2026-05-06,策略25,00960,17.8799991607666,bull
2026-05-06,策略25,00918,24.34000015258789,bull
2026-05-06,策略25,00915,25.770000457763672,bull
2026-05-06,策略25,00945B,14.470000267028809,bull
2026-05-06,策略25,00983A,11.539999961853027,bull
2026-05-06,策略25,00987B,16.040000915527344,bull
2026-05-06,策略25,00949,19.770000457763672,bull
2026-05-06,策略25,3023,305.5,bull
2026-05-06,策略25,6488,721.0,bull
2026-05-06,策略25,2425,31.549999237060547,bull
2026-05-06,策略25,2883,22.200000762939453,bull
2026-05-06,策略25,3006,200.0,bull
2026-05-06,策略25,6108,22.0,bull
2026-05-06,策略25,6125,58.900001525878906,bull
2026-05-06,策略25,3665,2745.0,bull
2026-05-06,策略25,5490,28.049999237060547,bull
2026-05-06,策略25,3048,41.20000076293945,bull
2026-05-06,策略25,2393,73.0999984741211,bull
2026-05-06,策略25,2408,282.0,bull
2026-05-06,策略25,2344,108.5,bull
2026-05-06,策略25,009812,11.880000114440918,bull
2026-05-06,策略25,2301,185.0,bull
2026-05-06,策略25,2243,26.399999618530273,bull
2026-05-06,策略25,3498,98.9000015258789,bull
2026-05-06,策略25,4543,40.75,bull
2026-05-06,策略25,5410,34.79999923706055,bull
2026-05-06,策略25,1736,123.0,bull
2026-05-06,策略25,3339,59.5,bull
2026-05-06,策略25,00733,65.44999694824219,bull
2026-05-06,策略25,00713,53.75,bull
2026-05-06,策略25,00885,18.920000076293945,bull
2026-05-06,策略25,00932,16.25,bull
2026-05-06,策略25,4749,1010.0,bull
2026-05-06,策略25,6189,48.79999923706055,bull
2026-05-06,策略25,6526,655.0,bull
2026-05-06,策略25,6679,302.0,bull
2026-05-06,策略25,6150,66.0,bull
2026-05-06,策略25,1303,93.80000305175781,bull
2026-05-06,策略25,3141,51.0,bull
2026-05-06,策略25,2034,21.399999618530273,bull
2026-05-06,策略25,2352,25.850000381469727,bull
2026-05-06,策略25,2337,172.0,bull
2026-05-06,策略25,6937,319.0,bull
2026-05-06,策略25,8042,77.30000305175781,bull
2026-05-06,策略25,5483,145.5,bull
2026-05-06,策略25,5351,78.5,bull
2026-05-06,策略25,6138,250.5,bull
2026-05-06,策略25,6706,168.0,bull
2026-05-06,策略25,8121,30.75,bull
2026-05-06,策略25,6217,283.0,bull
2026-05-06,策略25,00712,9.069999694824219,bull
2026-05-06,策略25,00642U,30.59000015258789,bull
2026-05-06,策略25,9933,36.79999923706055,bull
2026-05-06,策略25,6109,12.399999618530273,bull
2026-05-06,策略25,3533,2735.0,bull
2026-05-06,策略25,2356,49.20000076293945,bull
2026-05-06,策略25,00963,12.770000457763672,bull
2026-05-06,策略25,2444,13.800000190734863,bull
2026-05-06,策略25,00941,24.700000762939453,bull
2026-05-06,策略25,6446,655.0,bull
2026-05-06,策略25,3706,87.80000305175781,bull
2026-05-06,策略25,4746,55.400001525878906,bull
2026-05-06,策略25,6126,33.54999923706055,bull
2026-05-06,策略25,2441,93.19999694824219,bull
2026-05-06,策略25,2449,328.5,bull
2026-05-06,策略25,2451,302.5,bull
2026-05-06,策略25,3022,74.0,bull
2026-05-06,策略25,6834,39.79999923706055,bull
2026-05-06,策略25,4741,63.20000076293945,bull
2026-05-06,策略25,5309,63.20000076293945,bull
2026-05-06,策略25,3014,132.5,bull
2026-05-06,策略25,8936,52.5,bull
2026-05-06,策略25,5289,1475.0,bull
2026-05-06,策略25,00706L,20.010000228881836,bull
2026-05-06,策略25,00715L,67.5,bull
2026-05-06,策略25,00763U,32.59000015258789,bull
2026-05-06,策略25,6141,35.70000076293945,bull
2026-05-06,策略25,3529,4400.0,bull
2026-05-06,策略25,4720,25.399999618530273,bull
2026-05-06,策略25,2457,25.049999237060547,bull
2026-05-06,策略25,3312,41.650001525878906,bull
2026-05-06,策略25,3231,146.5,bull
2026-05-06,策略25,3490,29.299999237060547,bull
2026-05-06,策略25,8271,243.0,bull
2026-05-06,策略25,6129,17.450000762939453,bull
2026-05-06,策略25,1570,38.04999923706055,bull
2026-05-06,策略25,1711,60.900001525878906,bull
2026-05-06,策略25,2637,76.0,bull
2026-05-06,策略25,3691,136.0,bull
2026-05-06,策略25,2492,147.0,bull
2026-05-06,策略25,2542,39.599998474121094,bull
2026-05-06,策略25,2369,31.899999618530273,bull
2026-05-06,策略25,6719,188.0,bull
2026-05-06,策略25,8103,117.0,bull
2026-05-06,策略25,5443,129.0,bull
2026-05-06,策略25,4533,31.700000762939453,bull
2026-05-06,策略25,6757,50.20000076293945,bull
2026-05-06,策略25,8932,92.0,bull
2026-05-06,策略25,1326,51.0,bull
2026-05-06,策略25,1514,118.5,bull
2026-05-06,策略25,2302,19.850000381469727,bull
2026-05-06,策略25,2345,2485.0,bull
2026-05-06,策略25,2362,39.400001525878906,bull
2026-05-06,策略25,3354,31.100000381469727,bull
2026-05-06,策略25,3227,216.0,bull
2026-05-06,策略25,3057,21.299999237060547,bull
2026-05-06,策略25,3042,150.5,bull
2026-05-06,策略25,3003,56.0,bull
2026-05-06,策略25,2401,25.100000381469727,bull
2026-05-06,策略25,2455,348.0,bull
2026-05-06,策略25,2603,212.0,bull
2026-05-06,策略25,2440,17.600000381469727,bull
2026-05-06,策略25,2376,301.0,bull
2026-05-06,策略25,00954,17.399999618530273,bull
2026-05-06,策略25,1568,29.049999237060547,bull
2026-05-06,策略25,1809,34.150001525878906,bull
2026-05-06,策略25,4585,338.0,bull
2026-05-06,策略25,4931,166.5,bull
2026-05-06,策略25,5236,164.5,bull
2026-05-06,策略25,6117,85.9000015258789,bull
2026-05-06,策略25,5536,877.0,bull
2026-05-06,策略25,5302,11.5,bull
2026-05-06,策略25,6823,96.19999694824219,bull
2026-05-06,策略25,6151,35.650001525878906,bull
2026-05-06,策略25,6643,650.0,bull
2026-05-06,策略25,6213,285.0,bull
2026-05-06,策略25,6291,438.5,bull
2026-05-06,策略25,8086,156.0,bull
2026-05-06,策略25,8068,23.799999237060547,bull
2026-05-06,策略25,8016,241.5,bull
2026-05-06,策略25,7788,164.0,bull
2026-05-06,策略25,6902,105.0,bull
2026-05-06,策略25,6903,412.0,bull
2026-05-06,策略25,8091,190.0,bull
2026-05-06,策略25,8358,458.5,bull
2026-05-06,策略27,3390,28.049999237060547,bull
2026-05-06,策略27,3131,3200.0,bull
2026-05-06,策略28,2061,20.649999618530273,bull
2026-05-06,策略28,2356,49.20000076293945,bull
2026-05-06,策略28,6015,15.050000190734863,bull
2026-05-06,策略28,3048,41.20000076293945,bull
2026-05-06,策略28,3515,244.0,bull
2026-05-06,策略28,3231,146.5,bull
2026-05-06,策略28,3706,87.80000305175781,bull
2026-05-06,策略28,00960,17.8799991607666,bull
2026-05-06,策略29,6488,721.0,bull
2026-05-06,策略29,3532,250.5,bull
2026-05-06,策略29,3317,64.9000015258789,bull
2026-05-06,策略29,8042,77.30000305175781,bull
2026-05-06,策略29,6679,302.0,bull
2026-05-06,策略29,6207,68.69999694824219,bull
2026-05-06,策略29,5410,34.79999923706055,bull
2026-05-06,策略29,00637L,22.010000228881836,bull
2026-05-06,策略29,6173,101.0,bull
2026-05-06,策略29,3094,30.350000381469727,bull
2026-05-06,策略29,6108,22.0,bull
2026-05-06,策略29,3441,39.79999923706055,bull
2026-05-06,策略29,6526,655.0,bull
2026-05-06,策略29,3162,89.80000305175781,bull
2026-05-06,策略29,8215,31.200000762939453,bull
2026-05-06,策略29,3023,305.5,bull
2026-05-06,策略29,2376,301.0,bull
2026-05-06,策略29,6609,44.0,bull
2026-05-06,策略29,2357,629.0,bull
2026-05-06,策略29,3706,87.80000305175781,bull
2026-05-06,策略29,00915,25.770000457763672,bull
2026-05-06,策略29,4741,63.20000076293945,bull
2026-05-06,策略29,2356,49.20000076293945,bull
2026-05-06,策略29,00918,24.34000015258789,bull
2026-05-06,策略29,3034,441.5,bull
2026-05-06,策略29,2382,346.5,bull
2026-05-06,策略29,00701,31.040000915527344,bull
2026-05-06,策略29,3231,146.5,bull
2026-05-06,策略29,3122,36.29999923706055,bull
2026-05-06,策略31,00915,25.770000457763672,bull
2026-05-06,策略31,00941,24.700000762939453,bull
2026-05-06,策略31,8358,458.5,bull
2026-05-06,策略31,8016,241.5,bull
2026-05-06,策略31,6109,12.399999618530273,bull
2026-05-06,策略31,2059,4400.0,bull
2026-05-06,策略31,3217,177.5,bull
2026-05-06,策略38,8042,77.30000305175781,bull
2026-05-06,策略38,8215,31.200000762939453,bull
2026-05-06,策略38,4741,63.20000076293945,bull
2026-05-06,策略38,4934,18.450000762939453,bull
2026-05-06,策略38,3354,31.100000381469727,bull
2026-05-06,策略38,3481,28.100000381469727,bull
2026-05-06,策略38,6668,38.400001525878906,bull
2026-05-06,策略38,3054,73.80000305175781,bull
2026-05-06,策略38,5009,35.099998474121094,bull
2026-05-06,策略38,2382,346.5,bull
2026-05-06,策略38,3305,116.0,bull
2026-05-06,策略38,2357,629.0,bull
2026-05-06,策略38,2352,25.850000381469727,bull
2026-05-06,策略38,3706,87.80000305175781,bull
2026-05-06,策略38,3048,41.20000076293945,bull
2026-05-06,策略38,3231,146.5,bull
2026-05-06,策略38,2637,76.0,bull
2026-05-06,策略38,00955,16.010000228881836,bull
2026-05-06,策略38,00706L,20.010000228881836,bull
2026-05-06,策略38,00960,17.8799991607666,bull
2026-05-06,策略38,00941,24.700000762939453,bull
2026-05-06,策略38,00949,19.770000457763672,bull
2026-05-06,策略38,00956,12.229999542236328,bull
2026-05-06,策略38,009812,11.880000114440918,bull
2026-05-06,策略39,2408,282.0,bull
2026-05-06,策略39,2344,108.5,bull
2026-05-06,策略39,5351,78.5,bull
2026-05-06,策略39,6182,50.599998474121094,bull
2026-05-06,策略39,8150,89.19999694824219,bull
2026-05-06,策略39,5425,68.5,bull
2026-05-06,策略39,3715,186.5,bull
2026-05-06,策略39,8096,96.80000305175781,bull
2026-05-06,策略39,5009,35.099998474121094,bull
2026-05-06,策略39,6488,721.0,bull
2026-05-06,策略39,8299,2325.0,bull
2026-05-06,策略39,4973,91.69999694824219,bull
2026-05-06,策略39,3162,89.80000305175781,bull
2026-05-06,策略39,8086,156.0,bull
2026-05-06,策略39,2363,57.20000076293945,bull
2026-05-06,策略39,2436,74.9000015258789,bull
2026-05-06,策略39,3691,136.0,bull
2026-05-06,策略39,3141,51.0,bull
2026-05-06,策略39,4931,166.5,bull
2026-05-06,策略39,6903,412.0,bull
2026-05-06,策略39,6715,435.0,bull
2026-05-06,策略39,6227,96.9000015258789,bull
2026-05-06,策略39,6609,44.0,bull
2026-05-06,策略39,3390,28.049999237060547,bull
2026-05-06,策略39,3122,36.29999923706055,bull
2026-05-06,策略39,5490,28.049999237060547,bull
2026-05-06,策略39,2379,544.0,bull
2026-05-06,策略39,6719,188.0,bull
2026-05-06,策略39,3093,64.69999694824219,bull
2026-05-06,策略39,6150,66.0,bull
2026-05-06,策略39,5410,34.79999923706055,bull
2026-05-06,策略39,7709,80.30000305175781,bull
2026-05-06,策略40,3707,73.0999984741211,bull
2026-05-06,策略40,3691,136.0,bull
2026-05-06,策略40,2301,185.0,bull
2026-05-06,策略40,3402,146.5,bull
2026-05-06,策略40,8255,143.0,bull
2026-05-06,策略40,2425,31.549999237060547,bull
2026-05-06,策略40,4526,37.0,bull
2026-05-07,策略1,3481,29.75,bull
2026-05-07,策略1,2317,253.5,bull
2026-05-07,策略1,00919,25.43000030517578,bull
2026-05-07,策略1,2883,22.450000762939453,bull
2026-05-07,策略1,2887,24.0,bull
2026-05-07,策略1,2344,114.0,bull
2026-05-07,策略1,00937B,14.819999694824219,bull
2026-05-07,策略1,3231,146.0,bull
2026-05-07,策略1,2881,94.5,bull
2026-05-07,策略1,8150,98.0999984741211,bull
2026-05-07,策略1,2882,79.0,bull
2026-05-07,策略1,2356,49.95000076293945,bull
2026-05-07,策略1,2382,344.0,bull
2026-05-07,策略1,2027,39.099998474121094,bull
2026-05-07,策略1,2603,213.5,bull
2026-05-07,策略1,3033,42.900001525878906,bull
2026-05-07,策略1,00915,26.209999084472656,bull
2026-05-07,策略1,00948B,9.460000038146973,bull
2026-05-07,策略1,6116,9.399999618530273,bull
2026-05-07,策略1,00946,12.850000381469727,bull
2026-05-07,策略1,2615,78.19999694824219,bull
2026-05-07,策略1,8112,86.9000015258789,bull
2026-05-07,策略1,2376,309.0,bull
2026-05-07,策略1,6488,793.0,bull
2026-05-07,策略1,2352,25.200000762939453,bull
2026-05-07,策略1,6244,30.299999237060547,bull
2026-05-07,策略1,5009,36.099998474121094,bull
2026-05-07,策略1,2014,18.200000762939453,bull
2026-05-07,策略1,00673R,12.65999984741211,bull
2026-05-07,策略1,2606,65.0999984741211,bull
2026-05-07,策略1,2637,76.80000305175781,bull
2026-05-07,策略1,00981D,10.329999923706055,bull
2026-05-07,策略1,6026,16.700000762939453,bull
2026-05-07,策略1,5864,34.29999923706055,bull
2026-05-07,策略1,3023,310.0,bull
2026-05-07,策略1,2342,45.95000076293945,bull
2026-05-07,策略1,6015,16.049999237060547,bull
2026-05-07,策略1,3665,2780.0,bull
2026-05-07,策略1,1597,180.5,bull
2026-05-07,策略1,2458,144.0,bull
2026-05-07,策略1,3048,42.099998474121094,bull
2026-05-07,策略1,2351,166.5,bull
2026-05-07,策略1,3162,95.9000015258789,bull
2026-05-07,策略1,1434,15.949999809265137,bull
2026-05-07,策略1,00633L,52.849998474121094,bull
2026-05-07,策略1,6104,102.0,bull
2026-05-07,策略1,2851,31.350000381469727,bull
2026-05-07,策略1,3533,2850.0,bull
2026-05-07,策略1,2641,18.5,bull
2026-05-07,策略1,8163,28.5,bull
2026-05-07,策略1,3490,31.600000381469727,bull
2026-05-07,策略1,4720,27.899999618530273,bull
2026-05-07,策略1,6214,125.0,bull
2026-05-07,策略1,00966B,13.880000114440918,bull
2026-05-07,策略1,3227,217.0,bull
2026-05-07,策略1,00701,31.56999969482422,bull
2026-05-07,策略1,8016,265.5,bull
2026-05-07,策略1,1584,20.350000381469727,bull
2026-05-07,策略1,2365,36.400001525878906,bull
2026-05-07,策略1,5213,26.100000381469727,bull
2026-05-07,策略1,6550,18.049999237060547,bull
2026-05-07,策略1,5608,15.550000190734863,bull
2026-05-07,策略1,00898,8.1899995803833,bull
2026-05-07,策略1,3094,33.349998474121094,bull
2026-05-07,策略1,2362,39.95000076293945,bull
2026-05-07,策略1,8390,94.4000015258789,bull
2026-05-07,策略1,2243,26.399999618530273,bull
2026-05-07,策略1,2612,58.599998474121094,bull
2026-05-07,策略1,2383,4960.0,bull
2026-05-07,策略1,5236,160.0,bull
2026-05-07,策略1,5490,28.5,bull
2026-05-07,策略1,3122,39.900001525878906,bull
2026-05-07,策略1,2497,60.5,bull
2026-05-07,策略1,6109,12.5,bull
2026-05-07,策略1,00958B,9.260000228881836,bull
2026-05-07,策略1,2913,11.300000190734863,bull
2026-05-07,策略1,8213,37.900001525878906,bull
2026-05-07,策略1,8271,248.0,bull
2026-05-07,策略1,6134,31.700000762939453,bull
2026-05-07,策略1,7709,88.30000305175781,bull
2026-05-07,策略1,00731,74.69999694824219,bull
2026-05-07,策略1,3152,173.5,bull
2026-05-07,策略1,6111,47.650001525878906,bull
2026-05-07,策略1,6643,646.0,bull
2026-05-07,策略1,6472,414.0,bull
2026-05-07,策略1,3339,63.099998474121094,bull
2026-05-07,策略1,00763U,33.11000061035156,bull
2026-05-07,策略2,00937B,14.819999694824219,bull
2026-05-07,策略2,2408,287.0,bull
2026-05-07,策略2,00948B,9.460000038146973,bull
2026-05-07,策略2,6488,793.0,bull
2026-05-07,策略2,3026,300.0,bull
2026-05-07,策略2,6244,30.299999237060547,bull
2026-05-07,策略2,2344,114.0,bull
2026-05-07,策略2,5009,36.099998474121094,bull
2026-05-07,策略2,2330,2310.0,bull
2026-05-07,策略2,00981D,10.329999923706055,bull
2026-05-07,策略2,6026,16.700000762939453,bull
2026-05-07,策略2,5864,34.29999923706055,bull
2026-05-07,策略2,6015,16.049999237060547,bull
2026-05-07,策略2,3711,540.0,bull
2026-05-07,策略2,3162,95.9000015258789,bull
2026-05-07,策略2,6104,102.0,bull
2026-05-07,策略2,2393,72.5,bull
2026-05-07,策略2,2327,371.5,bull
2026-05-07,策略2,2641,18.5,bull
2026-05-07,策略2,3490,31.600000381469727,bull
2026-05-07,策略2,3443,5450.0,bull
2026-05-07,策略2,1319,80.0,bull
2026-05-07,策略2,00966B,13.880000114440918,bull
2026-05-07,策略2,3227,217.0,bull
2026-05-07,策略2,2308,2280.0,bull
2026-05-07,策略2,1584,20.350000381469727,bull
2026-05-07,策略2,5213,26.100000381469727,bull
2026-05-07,策略2,3583,797.0,bull
2026-05-07,策略2,3044,500.0,bull
2026-05-07,策略2,8390,94.4000015258789,bull
2026-05-07,策略2,2383,4960.0,bull
2026-05-07,策略2,6669,4880.0,bull
2026-05-07,策略2,5236,160.0,bull
2026-05-07,策略2,5490,28.5,bull
2026-05-07,策略2,3122,39.900001525878906,bull
2026-05-07,策略2,6109,12.5,bull
2026-05-07,策略2,00958B,9.260000228881836,bull
2026-05-07,策略2,2059,4840.0,bull
2026-05-07,策略2,6134,31.700000762939453,bull
2026-05-07,策略2,7709,88.30000305175781,bull
2026-05-07,策略2,3152,173.5,bull
2026-05-07,策略2,7769,5835.0,bull
2026-05-07,策略2,6139,721.0,bull
2026-05-07,策略2,6111,47.650001525878906,bull
2026-05-07,策略2,6643,646.0,bull
2026-05-07,策略2,6789,581.0,bull
2026-05-07,策略2,3339,63.099998474121094,bull
2026-05-07,策略2,6526,720.0,bull
2026-05-07,策略3,2317,253.5,bull
2026-05-07,策略3,00937B,14.819999694824219,bull
2026-05-07,策略3,2408,287.0,bull
2026-05-07,策略3,2344,114.0,bull
2026-05-07,策略3,8150,98.0999984741211,bull
2026-05-07,策略3,6488,793.0,bull
2026-05-07,策略3,5009,36.099998474121094,bull
2026-05-07,策略3,2363,57.900001525878906,bull
2026-05-07,策略3,2395,444.0,bull
2026-05-07,策略3,6202,57.5,bull
2026-05-07,策略3,6679,312.0,bull
2026-05-07,策略3,2383,4960.0,bull
2026-05-07,策略3,5213,26.100000381469727,bull
2026-05-07,策略3,2472,201.5,bull
2026-05-07,策略3,6223,5030.0,bull
2026-05-07,策略3,3227,217.0,bull
2026-05-07,策略3,3545,53.900001525878906,bull
2026-05-07,策略4,6113,25.049999237060547,bull
2026-05-07,策略4,4561,47.25,bull
2026-05-07,策略4,3032,71.69999694824219,bull
2026-05-07,策略4,1524,30.25,bull
2026-05-07,策略4,3416,171.5,bull
2026-05-07,策略4,1785,185.0,bull
2026-05-07,策略4,6026,16.700000762939453,bull
2026-05-07,策略4,3094,33.349998474121094,bull
2026-05-07,策略4,1605,35.849998474121094,bull
2026-05-07,策略4,6206,117.0,bull
2026-05-07,策略4,6108,24.200000762939453,bull
2026-05-07,策略4,3122,39.900001525878906,bull
2026-05-07,策略4,1522,34.150001525878906,bull
2026-05-07,策略4,3141,56.099998474121094,bull
2026-05-07,策略4,8016,265.5,bull
2026-05-07,策略4,6526,720.0,bull
2026-05-07,策略4,6477,36.79999923706055,bull
2026-05-07,策略4,5009,36.099998474121094,bull
2026-05-07,策略4,1504,74.0,bull
2026-05-07,策略4,8454,189.0,bull
2026-05-07,策略4,2492,160.0,bull
2026-05-07,策略4,5328,28.600000381469727,bull
2026-05-07,策略4,3481,29.75,bull
2026-05-07,策略4,6770,63.900001525878906,bull
2026-05-07,策略4,1612,37.20000076293945,bull
2026-05-07,策略4,6227,101.0,bull
2026-05-07,策略4,4722,215.0,bull
2026-05-07,策略4,2357,639.0,bull
2026-05-07,策略4,6209,72.19999694824219,bull
2026-05-07,策略4,5425,71.5,bull
2026-05-07,策略4,1460,7.28000020980835,bull
2026-05-07,策略4,2376,309.0,bull
2026-05-07,策略4,5490,28.5,bull
2026-05-07,策略4,2344,114.0,bull
2026-05-07,策略4,2892,29.149999618530273,bull
2026-05-07,策略5,3062,26.549999237060547,bull
2026-05-07,策略5,1449,13.100000381469727,bull
2026-05-07,策略5,2836,11.949999809265137,bull
2026-05-07,策略5,4909,56.900001525878906,bull
2026-05-07,策略5,6592,62.400001525878906,bull
2026-05-07,策略5,009817,9.329999923706055,bull
2026-05-07,策略5,00985D,10.109999656677246,bull
2026-05-07,策略5,8044,22.899999618530273,bull
2026-05-07,策略5,2838,20.549999237060547,bull
2026-05-07,策略5,6284,81.0,bull
2026-05-07,策略5,00853B,27.709999084472656,bull
2026-05-07,策略5,2897,10.100000381469727,bull
2026-05-07,策略5,00635U,49.2400016784668,bull
2026-05-07,策略5,00986D,14.770000457763672,bull
2026-05-07,策略5,3092,32.0,bull
2026-05-07,策略5,5388,80.30000305175781,bull
2026-05-07,策略5,5534,78.5999984741211,bull
2026-05-07,策略5,2206,57.900001525878906,bull
2026-05-07,策略5,5522,69.69999694824219,bull
2026-05-07,策略5,3305,118.5,bull
2026-05-07,策略5,3372,19.75,bull
2026-05-07,策略5,6134,31.700000762939453,bull
2026-05-07,策略5,2323,10.850000381469727,bull
2026-05-07,策略5,00956,12.359999656677246,bull
2026-05-07,策略5,8076,23.700000762939453,bull
2026-05-07,策略5,8390,94.4000015258789,bull
2026-05-07,策略5,8454,189.0,bull
2026-05-07,策略6,3048,42.099998474121094,bull
2026-05-07,策略6,00882,15.970000267028809,bull
2026-05-07,策略6,5328,28.600000381469727,bull
2026-05-07,策略6,2362,39.95000076293945,bull
2026-05-07,策略6,2338,54.29999923706055,bull
2026-05-07,策略6,6227,101.0,bull
2026-05-07,策略7,3555,238.5,bull
2026-05-07,策略7,1591,64.5999984741211,bull
2026-05-07,策略7,2542,39.400001525878906,bull
2026-05-07,策略7,7610,759.0,bull
2026-05-07,策略7,8926,46.75,bull
2026-05-07,策略7,2408,287.0,bull
2026-05-07,策略7,5905,8.010000228881836,bull
2026-05-07,策略7,6265,43.400001525878906,bull
2026-05-07,策略7,5289,1575.0,bull
2026-05-07,策略7,8038,45.349998474121094,bull
2026-05-07,策略7,5351,77.30000305175781,bull
2026-05-07,策略7,2451,302.5,bull
2026-05-07,策略7,6903,416.0,bull
2026-05-07,策略7,8271,248.0,bull
2026-05-07,策略7,4772,308.0,bull
2026-05-07,策略7,8054,107.0,bull
2026-05-07,策略7,8299,2390.0,bull
2026-05-07,策略7,7711,471.0,bull
2026-05-07,策略7,8996,1075.0,bull
2026-05-07,策略7,2485,67.69999694824219,bull
2026-05-07,策略7,3006,196.5,bull
2026-05-07,策略7,1795,233.0,bull
2026-05-07,策略7,8043,95.4000015258789,bull
2026-05-07,策略7,3691,131.5,bull
2026-05-07,策略7,2406,34.900001525878906,bull
2026-05-07,策略7,3498,97.30000305175781,bull
2026-05-07,策略7,4768,518.0,bull
2026-05-07,策略7,4934,18.950000762939453,bull
2026-05-07,策略7,3167,755.0,bull
2026-05-07,策略7,6588,149.5,bull
2026-05-07,策略7,3135,169.5,bull
2026-05-07,策略7,4743,52.900001525878906,bull
2026-05-07,策略7,3028,76.0,bull
2026-05-07,策略7,4967,297.0,bull
2026-05-07,策略7,3231,146.0,bull
2026-05-07,策略7,6531,925.0,bull
2026-05-07,策略7,6693,150.0,bull
2026-05-07,策略7,7769,5835.0,bull
2026-05-07,策略7,1316,11.350000381469727,bull
2026-05-07,策略7,7749,505.0,bull
2026-05-07,策略7,4739,93.0999984741211,bull
2026-05-07,策略7,5410,36.5,bull
2026-05-07,策略7,2404,997.0,bull
2026-05-07,策略7,6462,126.5,bull
2026-05-07,策略7,3057,21.299999237060547,bull
2026-05-07,策略7,6869,86.9000015258789,bull
2026-05-07,策略7,4973,95.5,bull
2026-05-07,策略7,2337,164.5,bull
2026-05-07,策略7,1785,185.0,bull
2026-05-07,策略7,6805,1920.0,bull
2026-05-07,策略7,2344,114.0,bull
2026-05-07,策略7,3081,2660.0,bull
2026-05-07,策略7,2382,344.0,bull
2026-05-07,策略7,5388,80.30000305175781,bull
2026-05-07,策略7,3025,63.5,bull
2026-05-07,策略7,4541,50.20000076293945,bull
2026-05-07,策略7,2465,86.30000305175781,bull
2026-05-07,策略7,7822,1300.0,bull
2026-05-07,策略7,8068,23.450000762939453,bull
2026-05-07,策略7,5228,36.349998474121094,bull
2026-05-07,策略7,6465,49.900001525878906,bull
2026-05-07,策略7,2467,554.0,bull
2026-05-07,策略7,6209,72.19999694824219,bull
2026-05-07,策略7,6442,2095.0,bull
2026-05-07,策略7,4540,75.69999694824219,bull
2026-05-07,策略7,2305,16.200000762939453,bull
2026-05-07,策略7,2376,309.0,bull
2026-05-07,策略7,3229,43.0,bull
2026-05-07,策略7,3305,118.5,bull
2026-05-07,策略7,6274,1445.0,bull
2026-05-07,策略7,4760,267.0,bull
2026-05-07,策略7,6426,238.5,bull
2026-05-07,策略7,6129,16.75,bull
2026-05-07,策略7,2388,75.5999984741211,bull
2026-05-07,策略7,2236,135.0,bull
2026-05-07,策略7,6227,101.0,bull
2026-05-07,策略7,2072,179.0,bull
2026-05-07,策略7,6477,36.79999923706055,bull
2026-05-07,策略7,3663,74.4000015258789,bull
2026-05-07,策略7,6446,659.0,bull
2026-05-07,策略7,6234,62.0,bull
2026-05-07,策略7,2360,2325.0,bull
2026-05-07,策略7,2368,1450.0,bull
2026-05-07,策略7,8091,189.5,bull
2026-05-07,策略7,6113,25.049999237060547,bull
2026-05-07,策略7,2425,31.0,bull
2026-05-07,策略7,2495,40.849998474121094,bull
2026-05-07,策略7,6658,163.0,bull
2026-05-07,策略7,5439,407.0,bull
2026-05-07,策略7,3594,55.400001525878906,bull
2026-05-07,策略7,8383,66.69999694824219,bull
2026-05-07,策略7,2383,4960.0,bull
2026-05-07,策略7,8088,55.099998474121094,bull
2026-05-07,策略7,3515,246.5,bull
2026-05-07,策略7,6823,98.5,bull
2026-05-07,策略7,3339,63.099998474121094,bull
2026-05-07,策略7,8227,204.0,bull
2026-05-07,策略7,1727,78.19999694824219,bull
2026-05-07,策略7,5464,47.650001525878906,bull
2026-05-07,策略7,4764,330.0,bull
2026-05-07,策略7,6125,59.20000076293945,bull
2026-05-07,策略7,4576,242.0,bull
2026-05-07,策略7,7750,2605.0,bull
2026-05-07,策略7,6215,112.5,bull
2026-05-07,策略7,8086,155.0,bull
2026-05-07,策略7,5498,74.5999984741211,bull
2026-05-07,策略7,6139,721.0,bull
2026-05-07,策略7,2356,49.95000076293945,bull
2026-05-07,策略7,1522,34.150001525878906,bull
2026-05-07,策略7,6716,86.0999984741211,bull
2026-05-07,策略7,7547,74.5999984741211,bull
2026-05-07,策略7,8040,80.0,bull
2026-05-07,策略7,2317,253.5,bull
2026-05-07,策略7,6683,2385.0,bull
2026-05-07,策略7,2330,2310.0,bull
2026-05-07,策略7,2345,2560.0,bull
2026-05-07,策略7,8374,90.5,bull
2026-05-07,策略7,6291,482.0,bull
2026-05-07,策略7,3706,87.4000015258789,bull
2026-05-07,策略7,8358,469.0,bull
2026-05-07,策略7,4949,98.0999984741211,bull
2026-05-07,策略7,3715,189.0,bull
2026-05-07,策略7,3689,128.0,bull
2026-05-07,策略7,3441,39.099998474121094,bull
2026-05-07,策略7,6112,45.20000076293945,bull
2026-05-07,策略7,5236,160.0,bull
2026-05-07,策略7,4991,690.0,bull
2026-05-07,策略7,5269,1370.0,bull
2026-05-07,策略7,3581,225.5,bull
2026-05-07,策略7,6533,246.0,bull
2026-05-07,策略7,8046,947.0,bull
2026-05-07,策略7,2059,4840.0,bull
2026-05-07,策略7,6223,5030.0,bull
2026-05-07,策略7,1597,180.5,bull
2026-05-07,策略7,2308,2280.0,bull
2026-05-07,策略7,6259,20.5,bull
2026-05-07,策略7,3491,1620.0,bull
2026-05-07,策略7,2449,339.0,bull
2026-05-07,策略7,6134,31.700000762939453,bull
2026-05-07,策略7,1503,199.5,bull
2026-05-07,策略7,6239,230.5,bull
2026-05-07,策略7,8390,94.4000015258789,bull
2026-05-07,策略7,2637,76.80000305175781,bull
2026-05-07,策略7,2605,34.400001525878906,bull
2026-05-07,策略7,3090,116.0,bull
2026-05-07,策略7,2357,639.0,bull
2026-05-07,策略7,8131,70.30000305175781,bull
2026-05-07,策略7,2369,33.0,bull
2026-05-07,策略7,3481,29.75,bull
2026-05-07,策略7,2646,20.600000381469727,bull
2026-05-07,策略7,1815,110.0,bull
2026-05-07,策略7,2417,51.599998474121094,bull
2026-05-07,策略7,8155,449.0,bull
2026-05-07,策略7,3372,19.75,bull
2026-05-07,策略7,6672,226.0,bull
2026-05-07,策略7,6834,43.75,bull
2026-05-07,策略7,4542,213.0,bull
2026-05-07,策略7,8070,48.45000076293945,bull
2026-05-07,策略7,6117,85.30000305175781,bull
2026-05-07,策略7,6214,125.0,bull
2026-05-07,策略7,3004,120.0,bull
2026-05-07,策略7,1560,577.0,bull
2026-05-07,策略7,6174,39.400001525878906,bull
2026-05-07,策略7,1528,27.700000762939453,bull
2026-05-07,策略7,2331,20.600000381469727,bull
2026-05-07,策略7,5434,418.5,bull
2026-05-07,策略7,3624,59.400001525878906,bull
2026-05-07,策略7,3088,124.0,bull
2026-05-07,策略7,3550,22.0,bull
2026-05-07,策略7,7721,73.80000305175781,bull
2026-05-07,策略7,8016,265.5,bull
2026-05-07,策略7,4533,31.5,bull
2026-05-07,策略7,3702,103.5,bull
2026-05-07,策略7,6770,63.900001525878906,bull
2026-05-07,策略7,1711,62.0,bull
2026-05-07,策略7,3694,61.900001525878906,bull
2026-05-07,策略7,6757,55.20000076293945,bull
2026-05-07,策略7,3413,309.0,bull
2026-05-07,策略7,3048,42.099998474121094,bull
2026-05-07,策略7,6937,320.0,bull
2026-05-07,策略7,3467,70.19999694824219,bull
2026-05-07,策略7,3388,111.0,bull
2026-05-07,策略7,3029,100.0,bull
2026-05-07,策略7,6510,3730.0,bull
2026-05-07,策略7,2027,39.099998474121094,bull
2026-05-07,策略7,3189,492.5,bull
2026-05-07,策略7,8936,52.79999923706055,bull
2026-05-07,策略7,3044,500.0,bull
2026-05-07,策略7,5471,44.099998474121094,bull
2026-05-07,策略7,3163,1085.0,bull
2026-05-07,策略7,3673,60.5,bull
2026-05-07,策略7,2301,203.5,bull
2026-05-07,策略7,3533,2850.0,bull
2026-05-07,策略7,8150,98.0999984741211,bull
2026-05-07,策略7,6664,455.0,bull
2026-05-07,策略7,6830,874.0,bull
2026-05-07,策略7,2070,72.5999984741211,bull
2026-05-07,策略7,2327,371.5,bull
2026-05-07,策略7,2421,149.5,bull
2026-05-07,策略7,6108,24.200000762939453,bull
2026-05-07,策略7,3707,74.69999694824219,bull
2026-05-07,策略7,3665,2780.0,bull
2026-05-07,策略7,2401,25.399999618530273,bull
2026-05-07,策略7,2395,444.0,bull
2026-05-07,策略7,1326,49.45000076293945,bull
2026-05-07,策略7,3162,95.9000015258789,bull
2026-05-07,策略7,3587,329.5,bull
2026-05-07,策略7,8163,28.5,bull
2026-05-07,策略7,8438,90.4000015258789,bull
2026-05-07,策略7,8042,85.0,bull
2026-05-07,策略7,3016,118.5,bull
2026-05-07,策略7,4551,135.0,bull
2026-05-07,策略8,7709,88.30000305175781,bull
2026-05-07,策略8,6151,36.150001525878906,bull
2026-05-07,策略8,6488,793.0,bull
2026-05-07,策略8,3122,39.900001525878906,bull
2026-05-07,策略8,3227,217.0,bull
2026-05-07,策略8,6244,30.299999237060547,bull
2026-05-07,策略9,2454,3420.0,bull
2026-05-07,策略9,7769,5835.0,bull
2026-05-07,策略9,2059,4840.0,bull
2026-05-07,策略9,3661,4795.0,bull
2026-05-07,策略9,8299,2390.0,bull
2026-05-07,策略9,5289,1575.0,bull
2026-05-07,策略9,6274,1445.0,bull
2026-05-07,策略9,2345,2560.0,bull
2026-05-07,策略9,3529,4705.0,bull
2026-05-07,策略9,6488,793.0,bull
2026-05-07,策略9,2360,2325.0,bull
2026-05-07,策略9,6526,720.0,bull
2026-05-07,策略9,4764,330.0,bull
2026-05-07,策略9,2308,2280.0,bull
2026-05-07,策略9,6643,646.0,bull
2026-05-07,策略9,3526,377.5,bull
2026-05-07,策略9,2408,287.0,bull
2026-05-07,策略9,8358,469.0,bull
2026-05-07,策略9,7711,471.0,bull
2026-05-07,策略9,3532,263.0,bull
2026-05-07,策略9,2449,339.0,bull
2026-05-07,策略9,2395,444.0,bull
2026-05-07,策略9,3228,257.5,bull
2026-05-07,策略9,1597,180.5,bull
2026-05-07,策略9,3016,118.5,bull
2026-05-07,策略9,2451,302.5,bull
2026-05-07,策略9,8227,204.0,bull
2026-05-07,策略9,2317,253.5,bull
2026-05-07,策略9,2327,371.5,bull
2026-05-07,策略9,3006,196.5,bull
2026-05-07,策略9,5347,185.5,bull
2026-05-07,策略9,3044,500.0,bull
2026-05-07,策略9,6147,192.5,bull
2026-05-07,策略9,6414,351.5,bull
2026-05-07,策略9,6706,174.5,bull
2026-05-07,策略9,6435,222.0,bull
2026-05-07,策略9,4576,242.0,bull
2026-05-07,策略9,1560,577.0,bull
2026-05-07,策略9,8271,248.0,bull
2026-05-07,策略9,8016,265.5,bull
2026-05-07,策略9,2344,114.0,bull
2026-05-07,策略9,6446,659.0,bull
2026-05-07,策略9,2301,203.5,bull
2026-05-07,策略9,2357,639.0,bull
2026-05-07,策略9,3034,453.0,bull
2026-05-07,策略9,2404,997.0,bull
2026-05-07,策略9,6224,87.0,bull
2026-05-07,策略9,6239,230.5,bull
2026-05-07,策略9,6472,414.0,bull
2026-05-07,策略9,3026,300.0,bull
2026-05-07,策略9,8150,98.0999984741211,bull
2026-05-07,策略9,4722,215.0,bull
2026-05-07,策略9,1477,220.5,bull
2026-05-07,策略9,3088,124.0,bull
2026-05-07,策略9,6173,111.0,bull
2026-05-07,策略9,6138,262.0,bull
2026-05-07,策略9,8042,85.0,bull
2026-05-07,策略9,2303,96.5,bull
2026-05-07,策略9,00670L,196.5500030517578,bull
2026-05-07,策略9,3450,377.5,bull
2026-05-07,策略9,5483,152.0,bull
2026-05-07,策略9,006208,226.8000030517578,bull
2026-05-07,策略9,2426,74.0,bull
2026-05-07,策略9,3438,68.0,bull
2026-05-07,策略9,2492,160.0,bull
2026-05-07,策略9,6679,312.0,bull
2026-05-07,策略9,3515,246.5,bull
2026-05-07,策略9,4540,75.69999694824219,bull
2026-05-07,策略9,3023,310.0,bull
2026-05-07,策略9,8255,146.0,bull
2026-05-07,策略9,6525,109.5,bull
2026-05-07,策略9,8454,189.0,bull
2026-05-07,策略9,5464,47.650001525878906,bull
2026-05-07,策略9,3162,95.9000015258789,bull
2026-05-07,策略9,1736,130.0,bull
2026-05-07,策略9,2342,45.95000076293945,bull
2026-05-07,策略9,2603,213.5,bull
2026-05-07,策略9,6257,213.0,bull
2026-05-07,策略9,6182,55.599998474121094,bull
2026-05-07,策略9,4561,47.25,bull
2026-05-07,策略9,2376,309.0,bull
2026-05-07,策略9,6770,63.900001525878906,bull
2026-05-07,策略9,3227,217.0,bull
2026-05-07,策略9,3317,66.9000015258789,bull
2026-05-07,策略9,5425,71.5,bull
2026-05-07,策略9,8086,155.0,bull
2026-05-07,策略9,5351,77.30000305175781,bull
2026-05-07,策略9,2478,80.0999984741211,bull
2026-05-07,策略9,3032,71.69999694824219,bull
2026-05-07,策略9,8390,94.4000015258789,bull
2026-05-07,策略9,3090,116.0,bull
2026-05-07,策略9,3416,171.5,bull
2026-05-07,策略9,3028,76.0,bull
2026-05-07,策略9,3141,56.099998474121094,bull
2026-05-07,策略9,3675,242.0,bull
2026-05-07,策略9,4556,43.349998474121094,bull
2026-05-07,策略9,3122,39.900001525878906,bull
2026-05-07,策略9,3035,181.0,bull
2026-05-07,策略9,8110,51.099998474121094,bull
2026-05-07,策略9,1809,34.5,bull
2026-05-07,策略9,00830,79.55000305175781,bull
2026-05-07,策略9,3014,131.5,bull
2026-05-07,策略9,1536,55.5,bull
2026-05-07,策略9,6449,179.0,bull
2026-05-07,策略9,5864,34.29999923706055,bull
2026-05-07,策略9,6768,84.4000015258789,bull
2026-05-07,策略9,3033,42.900001525878906,bull
2026-05-07,策略9,2881,94.5,bull
2026-05-07,策略9,2428,188.5,bull
2026-05-07,策略9,7709,88.30000305175781,bull
2026-05-07,策略9,2375,91.30000305175781,bull
2026-05-07,策略9,2382,344.0,bull
2026-05-07,策略9,6869,86.9000015258789,bull
2026-05-07,策略9,00850,82.5,bull
2026-05-07,策略9,6209,72.19999694824219,bull
2026-05-07,策略9,6125,59.20000076293945,bull
2026-05-07,策略9,00911,54.0,bull
2026-05-07,策略9,1785,185.0,bull
2026-05-07,策略9,9958,105.5,bull
2026-05-07,策略9,3551,215.0,bull
2026-05-07,策略9,3094,33.349998474121094,bull
2026-05-07,策略9,2377,101.0,bull
2026-05-07,策略9,3055,87.0,bull
2026-05-07,策略9,6188,86.4000015258789,bull
2026-05-07,策略9,00692,85.30000305175781,bull
2026-05-07,策略9,6609,43.599998474121094,bull
2026-05-07,策略9,2385,131.0,bull
2026-05-07,策略9,3467,70.19999694824219,bull
2026-05-07,策略9,8162,56.20000076293945,bull
2026-05-07,策略9,6206,117.0,bull
2026-05-07,策略9,8069,153.0,bull
2026-05-07,策略9,00935,54.849998474121094,bull
2026-05-07,策略9,00913,44.060001373291016,bull
2026-05-07,策略9,7788,171.5,bull
2026-05-07,策略9,8043,95.4000015258789,bull
2026-05-07,策略9,00909,48.66999816894531,bull
2026-05-07,策略9,2351,166.5,bull
2026-05-07,策略9,0052,57.54999923706055,bull
2026-05-07,策略9,5009,36.099998474121094,bull
2026-05-07,策略9,4768,518.0,bull
2026-05-07,策略9,5309,63.79999923706055,bull
2026-05-07,策略9,3022,75.30000305175781,bull
2026-05-07,策略9,2597,156.0,bull
2026-05-07,策略9,00901,41.70000076293945,bull
2026-05-07,策略9,3706,87.4000015258789,bull
2026-05-07,策略9,3231,146.0,bull
2026-05-07,策略9,1605,35.849998474121094,bull
2026-05-07,策略9,3481,29.75,bull
2026-05-07,策略9,6108,24.200000762939453,bull
2026-05-07,策略9,2338,54.29999923706055,bull
2026-05-07,策略9,2615,78.19999694824219,bull
2026-05-07,策略9,2882,79.0,bull
2026-05-07,策略9,00770,62.45000076293945,bull
2026-05-07,策略9,1522,34.150001525878906,bull
2026-05-07,策略9,6104,102.0,bull
2026-05-07,策略9,8936,52.79999923706055,bull
2026-05-07,策略9,6716,86.0999984741211,bull
2026-05-07,策略9,6227,101.0,bull
2026-05-07,策略9,2458,144.0,bull
2026-05-07,策略9,00893,43.88999938964844,bull
2026-05-07,策略9,2363,57.900001525878906,bull
2026-05-07,策略9,3305,118.5,bull
2026-05-07,策略9,00923,38.68000030517578,bull
2026-05-07,策略9,2406,34.900001525878906,bull
2026-05-07,策略9,2441,93.4000015258789,bull
2026-05-07,策略9,5410,36.5,bull
2026-05-07,策略9,0056,44.720001220703125,bull
2026-05-07,策略9,6143,93.30000305175781,bull
2026-05-07,策略9,00888,30.079999923706055,bull
2026-05-07,策略9,4934,18.950000762939453,bull
2026-05-07,策略9,6016,21.899999618530273,bull
2026-05-07,策略9,6477,36.79999923706055,bull
2026-05-07,策略9,2606,65.0999984741211,bull
2026-05-07,策略9,2392,40.5,bull
2026-05-07,策略9,6005,31.149999618530273,bull
2026-05-07,策略9,2637,76.80000305175781,bull
2026-05-07,策略9,5328,28.600000381469727,bull
2026-05-07,策略9,4973,95.5,bull
2026-05-07,策略9,9938,45.599998474121094,bull
2026-05-07,策略9,3048,42.099998474121094,bull
2026-05-07,策略9,3356,56.099998474121094,bull
2026-05-07,策略9,00922,36.70000076293945,bull
2026-05-07,策略9,6550,18.049999237060547,bull
2026-05-07,策略9,00878,27.889999389648438,bull
2026-05-07,策略9,009808,29.06999969482422,bull
2026-05-07,策略9,2609,50.70000076293945,bull
2026-05-07,策略9,6243,35.849998474121094,bull
2026-05-07,策略9,00929,25.079999923706055,bull
2026-05-07,策略9,00928,35.66999816894531,bull
2026-05-07,策略9,6691,671.0,bull
2026-05-07,策略9,8215,29.600000381469727,bull
2026-05-07,策略9,00895,48.349998474121094,bull
2026-05-07,策略9,2612,58.599998474121094,bull
2026-05-07,策略9,2356,49.95000076293945,bull
2026-05-07,策略9,8436,123.0,bull
2026-05-07,策略9,5530,46.20000076293945,bull
2026-05-07,策略9,6668,38.20000076293945,bull
2026-05-07,策略9,4105,74.5,bull
2026-05-07,策略9,6202,57.5,bull
2026-05-07,策略9,2457,25.549999237060547,bull
2026-05-07,策略9,2472,201.5,bull
2026-05-07,策略9,6015,16.049999237060547,bull
2026-05-07,策略9,6994,65.4000015258789,bull
2026-05-07,策略9,00930,21.360000610351562,bull
2026-05-07,策略9,5381,24.200000762939453,bull
2026-05-07,策略9,2634,49.5,bull
2026-05-07,策略9,6244,30.299999237060547,bull
2026-05-07,策略9,6282,50.70000076293945,bull
2026-05-07,策略9,2891,56.20000076293945,bull
2026-05-07,策略9,00912,30.850000381469727,bull
2026-05-07,策略9,3078,57.29999923706055,bull
2026-05-07,策略9,3057,21.299999237060547,bull
2026-05-07,策略9,3712,21.049999237060547,bull
2026-05-07,策略9,009804,21.200000762939453,bull
2026-05-07,策略9,1612,37.20000076293945,bull
2026-05-07,策略9,5490,28.5,bull
2026-05-07,策略9,6121,371.0,bull
2026-05-07,策略9,2302,20.149999618530273,bull
2026-05-07,策略9,00934,25.229999542236328,bull
2026-05-07,策略9,1609,34.04999923706055,bull
2026-05-07,策略9,00919,25.43000030517578,bull
2026-05-07,策略9,006201,46.83000183105469,bull
2026-05-07,策略9,2027,39.099998474121094,bull
2026-05-07,策略9,3041,24.649999618530273,bull
2026-05-07,策略9,6155,50.900001525878906,bull
2026-05-07,策略9,00673R,12.65999984741211,bull
2026-05-07,策略9,2369,33.0,bull
2026-05-07,策略9,009803,20.6299991607666,bull
2026-05-07,策略9,6026,16.700000762939453,bull
2026-05-07,策略9,3390,28.350000381469727,bull
2026-05-07,策略9,4541,50.20000076293945,bull
2026-05-07,策略9,00939,18.290000915527344,bull
2026-05-07,策略9,3545,53.900001525878906,bull
2026-05-07,策略9,2204,55.0,bull
2026-05-07,策略9,8182,43.099998474121094,bull
2026-05-07,策略9,8404,17.75,bull
2026-05-07,策略9,00989A,16.950000762939453,bull
2026-05-07,策略9,00900,16.670000076293945,bull
2026-05-07,策略9,3576,17.200000762939453,bull
2026-05-07,策略9,8163,28.5,bull
2026-05-07,策略9,00731,74.69999694824219,bull
2026-05-07,策略9,3025,63.5,bull
2026-05-07,策略9,2883,22.450000762939453,bull
2026-05-07,策略9,2630,49.75,bull
2026-05-07,策略9,3372,19.75,bull
2026-05-07,策略9,2206,57.900001525878906,bull
2026-05-07,策略9,00701,31.56999969482422,bull
2026-05-07,策略9,3663,74.4000015258789,bull
2026-05-07,策略9,1524,30.25,bull
2026-05-07,策略9,2362,39.95000076293945,bull
2026-05-07,策略9,00915,26.209999084472656,bull
2026-05-07,策略9,2009,39.29999923706055,bull
2026-05-07,策略9,2641,18.5,bull
2026-05-07,策略9,00962,13.609999656677246,bull
2026-05-07,策略9,00946,12.850000381469727,bull
2026-05-07,策略9,00858,35.0,bull
2026-05-07,策略9,00924,31.440000534057617,bull
2026-05-07,策略9,8261,128.0,bull
2026-05-07,策略9,00954,18.15999984741211,bull
2026-05-07,策略9,6113,25.049999237060547,bull
2026-05-07,策略9,2201,27.700000762939453,bull
2026-05-07,策略9,1608,34.29999923706055,bull
2026-05-07,策略9,009809,15.550000190734863,bull
2026-05-07,策略9,00951,17.049999237060547,bull
2026-05-07,策略9,00944,18.65999984741211,bull
2026-05-07,策略9,009818,18.260000228881836,bull
2026-05-07,策略9,00706L,20.0,bull
2026-05-07,策略9,1810,18.549999237060547,bull
2026-05-07,策略9,00921,21.389999389648438,bull
2026-05-07,策略9,2618,35.400001525878906,bull
2026-05-07,策略9,6177,45.95000076293945,bull
2026-05-07,策略9,00926,24.850000381469727,bull
2026-05-07,策略9,00916,27.600000381469727,bull
2026-05-07,策略9,00986A,14.34000015258789,bull
2026-05-07,策略9,00936,19.649999618530273,bull
2026-05-07,策略9,5302,12.0,bull
2026-05-07,策略9,009800,12.4399995803833,bull
2026-05-07,策略9,6109,12.5,bull
2026-05-07,策略9,2489,44.25,bull
2026-05-07,策略9,3294,31.350000381469727,bull
2026-05-07,策略9,8076,23.700000762939453,bull
2026-05-07,策略9,00964,14.520000457763672,bull
2026-05-07,策略9,2892,29.149999618530273,bull
2026-05-07,策略9,00940,11.0,bull
2026-05-07,策略9,00650L,18.31999969482422,bull
2026-05-07,策略9,009815,11.029999732971191,bull
2026-05-07,策略9,2034,21.549999237060547,bull
2026-05-07,策略9,00852L,31.81999969482422,bull
2026-05-07,策略9,1529,22.850000381469727,bull
2026-05-07,策略9,2352,25.200000762939453,bull
2026-05-07,策略9,2208,20.799999237060547,bull
2026-05-07,策略9,009811,12.550000190734863,bull
2026-05-07,策略9,00932,16.600000381469727,bull
2026-05-07,策略9,00960,17.75,bull
2026-05-07,策略9,6116,9.399999618530273,bull
2026-05-07,策略9,6133,22.450000762939453,bull
2026-05-07,策略9,00877,36.900001525878906,bull
2026-05-07,策略9,2646,20.600000381469727,bull
2026-05-07,策略9,2605,34.400001525878906,bull
2026-05-07,策略9,6179,24.049999237060547,bull
2026-05-07,策略9,00907,14.890000343322754,bull
2026-05-07,策略9,2851,31.350000381469727,bull
2026-05-07,策略9,6186,40.5,bull
2026-05-07,策略9,6134,31.700000762939453,bull
2026-05-07,策略9,00984A,14.800000190734863,bull
2026-05-07,策略9,00956,12.359999656677246,bull
2026-05-07,策略9,2323,10.850000381469727,bull
2026-05-07,策略9,00949,19.899999618530273,bull
2026-05-07,策略9,00971,16.469999313354492,bull
2026-05-07,策略9,3060,28.899999618530273,bull
2026-05-07,策略9,1460,7.28000020980835,bull
2026-05-07,策略9,1402,26.0,bull
2026-05-07,策略9,1316,11.350000381469727,bull
2026-05-07,策略9,1584,20.350000381469727,bull
2026-05-07,策略9,009814,10.75,bull
2026-05-07,策略9,00665L,10.380000114440918,bull
2026-05-07,策略9,009812,12.119999885559082,bull
2026-05-07,策略9,00983A,11.819999694824219,bull
2026-05-07,策略9,00753L,10.970000267028809,bull
2026-05-07,策略9,5371,73.19999694824219,bull
2026-05-07,策略9,3049,13.100000381469727,bull
2026-05-07,策略9,5608,15.550000190734863,bull
2026-05-07,策略9,1712,42.29999923706055,bull
2026-05-07,策略9,00882,15.970000267028809,bull
2026-05-07,策略9,1616,22.350000381469727,bull
2026-05-07,策略9,6164,12.649999618530273,bull
2026-05-07,策略9,2371,30.850000381469727,bull
2026-05-07,策略9,00987B,16.059999465942383,bull
2026-05-07,策略9,3694,61.900001525878906,bull
2026-05-07,策略9,00965,26.149999618530273,bull
2026-05-07,策略9,8422,28.399999618530273,bull
2026-05-07,策略9,009817,9.329999923706055,bull
2026-05-07,策略9,00941,25.290000915527344,bull
2026-05-07,策略9,2353,28.100000381469727,bull
2026-05-07,策略9,6214,125.0,bull
2026-05-07,策略9,8415,33.900001525878906,bull
2026-05-07,策略9,2030,16.399999618530273,bull
2026-05-07,策略9,2442,18.649999618530273,bull
2026-05-07,策略9,2014,18.200000762939453,bull
2026-05-07,策略9,00713,54.29999923706055,bull
2026-05-07,策略9,2530,21.149999618530273,bull
2026-05-07,策略9,6275,54.5,bull
2026-05-07,策略10,4123,38.099998474121094,bull
2026-05-07,策略10,1201,12.350000381469727,bull
2026-05-07,策略10,2616,14.050000190734863,bull
2026-05-07,策略10,1604,22.850000381469727,bull
2026-05-07,策略10,3056,13.550000190734863,bull
2026-05-07,策略10,6509,40.599998474121094,bull
2026-05-07,策略10,1449,13.100000381469727,bull
2026-05-07,策略10,1312,12.100000381469727,bull
2026-05-07,策略10,4716,15.350000381469727,bull
2026-05-07,策略10,3138,155.0,bull
2026-05-07,策略10,4164,29.399999618530273,bull
2026-05-07,策略10,1337,5.03000020980835,bull
2026-05-07,策略10,9945,23.600000381469727,bull
2026-05-07,策略10,6152,13.949999809265137,bull
2026-05-07,策略10,4903,45.400001525878906,bull
2026-05-07,策略10,6235,43.400001525878906,bull
2026-05-07,策略10,6163,58.599998474121094,bull
2026-05-07,策略10,2511,7.880000114440918,bull
2026-05-07,策略10,3058,8.399999618530273,bull
2026-05-07,策略10,5314,74.4000015258789,bull
2026-05-07,策略10,1313,11.100000381469727,bull
2026-05-07,策略10,2520,29.450000762939453,bull
2026-05-07,策略10,1471,11.399999618530273,bull
2026-05-07,策略10,7780,18.75,bull
2026-05-07,策略10,6167,12.149999618530273,bull
2026-05-07,策略10,2905,13.5,bull
2026-05-07,策略10,8011,19.649999618530273,bull
2026-05-07,策略10,9934,9.149999618530273,bull
2026-05-07,策略10,3607,14.649999618530273,bull
2026-05-07,策略10,2537,10.5,bull
2026-05-07,策略10,1907,24.049999237060547,bull
2026-05-07,策略10,2913,11.300000190734863,bull
2026-05-07,策略10,1616,22.350000381469727,bull
2026-05-07,策略10,6933,170.5,bull
2026-05-07,策略10,9103,4.639999866485596,bull
2026-05-07,策略10,2880,33.29999923706055,bull
2026-05-07,策略10,2022,8.09000015258789,bull
2026-05-07,策略10,8034,23.700000762939453,bull
2026-05-07,策略10,2534,18.899999618530273,bull
2026-05-07,策略10,1789,19.950000762939453,bull
2026-05-07,策略10,1723,78.69999694824219,bull
2026-05-07,策略10,6186,40.5,bull
2026-05-07,策略10,2912,228.5,bull
2026-05-07,策略10,2106,17.5,bull
2026-05-07,策略10,2427,21.350000381469727,bull
2026-05-07,策略10,2607,48.0,bull
2026-05-07,策略10,4909,56.900001525878906,bull
2026-05-07,策略10,2258,28.299999237060547,bull
2026-05-07,策略10,5222,136.5,bull
2026-05-07,策略10,6469,77.5999984741211,bull
2026-05-07,策略10,8422,28.399999618530273,bull
2026-05-07,策略10,2890,30.899999618530273,bull
2026-05-07,策略10,2419,30.700000762939453,bull
2026-05-07,策略10,3047,14.75,bull
2026-05-07,策略10,6909,59.5,bull
2026-05-07,策略10,3703,20.899999618530273,bull
2026-05-07,策略10,00768B,50.650001525878906,bull
2026-05-07,策略10,6994,65.4000015258789,bull
2026-05-07,策略10,00679B,26.809999465942383,bull
2026-05-07,策略10,3211,384.0,bull
2026-05-07,策略10,5388,80.30000305175781,bull
2026-05-07,策略10,5243,107.0,bull
2026-05-07,策略10,00931B,13.420000076293945,bull
2026-05-07,策略10,6226,12.600000381469727,bull
2026-05-07,策略10,00764B,27.829999923706055,bull
2026-05-07,策略10,00751B,31.65999984741211,bull
2026-05-07,策略10,3362,108.0,bull
2026-05-07,策略10,8104,34.599998474121094,bull
2026-05-07,策略10,2431,10.850000381469727,bull
2026-05-07,策略10,3062,26.549999237060547,bull
2026-05-07,策略10,3312,42.45000076293945,bull
2026-05-07,策略10,00696B,28.920000076293945,bull
2026-05-07,策略10,2017,8.84000015258789,bull
2026-05-07,策略10,00687B,27.8700008392334,bull
2026-05-07,策略10,5258,48.5,bull
2026-05-07,策略10,00985D,10.109999656677246,bull
2026-05-07,策略10,00857B,23.200000762939453,bull
2026-05-07,策略10,00722B,35.790000915527344,bull
2026-05-07,策略10,3712,21.049999237060547,bull
2026-05-07,策略10,00853B,27.709999084472656,bull
2026-05-07,策略10,6907,132.5,bull
2026-05-07,策略10,5531,8.489999771118164,bull
2026-05-07,策略10,6179,24.049999237060547,bull
2026-05-07,策略10,2887,24.0,bull
2026-05-07,策略10,00957B,13.449999809265137,bull
2026-05-07,策略10,00772B,33.689998626708984,bull
2026-05-07,策略10,2332,14.199999809265137,bull
2026-05-07,策略10,2530,21.149999618530273,bull
2026-05-07,策略10,6592,62.400001525878906,bull
2026-05-07,策略10,4114,31.049999237060547,bull
2026-05-07,策略10,6510,3730.0,bull
2026-05-07,策略10,00746B,35.45000076293945,bull
2026-05-07,策略10,4961,161.0,bull
2026-05-07,策略10,3363,815.0,bull
2026-05-07,策略10,6120,13.300000190734863,bull
2026-05-07,策略10,2371,30.850000381469727,bull
2026-05-07,策略10,3294,31.350000381469727,bull
2026-05-07,策略10,8213,37.900001525878906,bull
2026-05-07,策略10,3217,175.0,bull
2026-05-07,策略10,2405,15.350000381469727,bull
2026-05-07,策略10,5530,46.20000076293945,bull
2026-05-07,策略10,00720B,32.849998474121094,bull
2026-05-07,策略10,3066,18.649999618530273,bull
2026-05-07,策略10,00933B,16.0,bull
2026-05-07,策略10,5302,12.0,bull
2026-05-07,策略10,3008,2575.0,bull
2026-05-07,策略10,00998A,15.800000190734863,bull
2026-05-07,策略10,6546,65.69999694824219,bull
2026-05-07,策略10,3708,120.5,bull
2026-05-07,策略10,2498,40.45000076293945,bull
2026-05-07,策略10,6199,96.80000305175781,bull
2026-05-07,策略10,9958,105.5,bull
2026-05-07,策略10,00680L,6.989999771118164,bull
2026-05-07,策略10,2461,17.0,bull
2026-05-07,策略10,6153,18.950000762939453,bull
2026-05-07,策略10,2645,159.0,bull
2026-05-07,策略10,5471,44.099998474121094,bull
2026-05-07,策略10,6753,141.0,bull
2026-05-07,策略10,8111,69.19999694824219,bull
2026-05-07,策略10,4904,95.4000015258789,bull
2026-05-07,策略10,5213,26.100000381469727,bull
2026-05-07,策略10,00937B,14.819999694824219,bull
2026-05-07,策略10,6284,81.0,bull
2026-05-07,策略10,2355,52.70000076293945,bull
2026-05-07,策略10,6589,46.099998474121094,bull
2026-05-07,策略10,00968B,9.260000228881836,bull
2026-05-07,策略10,6533,246.0,bull
2026-05-07,策略10,2413,45.20000076293945,bull
2026-05-07,策略10,00984B,16.299999237060547,bull
2026-05-07,策略10,00950B,14.050000190734863,bull
2026-05-07,策略10,8069,153.0,bull
2026-05-07,策略10,4739,93.0999984741211,bull
2026-05-07,策略10,2497,60.5,bull
2026-05-07,策略10,00688L,6.989999771118164,bull
2026-05-07,策略10,00969B,8.319999694824219,bull
2026-05-07,策略10,4564,18.950000762939453,bull
2026-05-07,策略10,1316,11.350000381469727,bull
2026-05-07,策略10,3357,177.5,bull
2026-05-07,策略10,3587,329.5,bull
2026-05-07,策略10,00725B,34.91999816894531,bull
2026-05-07,策略10,5371,73.19999694824219,bull
2026-05-07,策略10,4768,518.0,bull
2026-05-07,策略10,3054,75.5,bull
2026-05-07,策略10,1611,11.899999618530273,bull
2026-05-07,策略10,3583,797.0,bull
2026-05-07,策略10,1810,18.549999237060547,bull
2026-05-07,策略10,6231,332.0,bull
2026-05-07,策略10,4976,29.799999237060547,bull
2026-05-07,策略10,2201,27.700000762939453,bull
2026-05-07,策略10,4142,17.950000762939453,bull
2026-05-07,策略10,00635U,49.2400016784668,bull
2026-05-07,策略10,2316,116.5,bull
2026-05-07,策略10,00942B,14.3100004196167,bull
2026-05-07,策略10,2897,10.100000381469727,bull
2026-05-07,策略10,6245,82.5,bull
2026-05-07,策略10,3041,24.649999618530273,bull
2026-05-07,策略10,00958B,9.260000228881836,bull
2026-05-07,策略10,1608,34.29999923706055,bull
2026-05-07,策略10,00673R,12.65999984741211,bull
2026-05-07,策略10,2305,16.200000762939453,bull
2026-05-07,策略10,6472,414.0,bull
2026-05-07,策略10,6243,35.849998474121094,bull
2026-05-07,策略10,00897,9.989999771118164,bull
2026-05-07,策略10,2442,18.649999618530273,bull
2026-05-07,策略10,00724B,33.599998474121094,bull
2026-05-07,策略10,1584,20.350000381469727,bull
2026-05-07,策略10,00773B,35.849998474121094,bull
2026-05-07,策略10,2617,29.799999237060547,bull
2026-05-07,策略10,2481,103.5,bull
2026-05-07,策略10,00948B,9.460000038146973,bull
2026-05-07,策略10,6104,102.0,bull
2026-05-07,策略10,3675,242.0,bull
2026-05-07,策略10,2597,156.0,bull
2026-05-07,策略10,6691,671.0,bull
2026-05-07,策略10,1529,22.850000381469727,bull
2026-05-07,策略10,3093,62.599998474121094,bull
2026-05-07,策略10,4566,69.0,bull
2026-05-07,策略10,00966B,13.880000114440918,bull
2026-05-07,策略10,2495,40.849998474121094,bull
2026-05-07,策略10,3078,57.29999923706055,bull
2026-05-07,策略10,3227,217.0,bull
2026-05-07,策略10,2009,39.29999923706055,bull
2026-05-07,策略10,4938,84.30000305175781,bull
2026-05-07,策略10,6862,184.0,bull
2026-05-07,策略10,1522,34.150001525878906,bull
2026-05-07,策略10,8112,86.9000015258789,bull
2026-05-07,策略10,3131,3120.0,bull
2026-05-07,策略10,6202,57.5,bull
2026-05-07,策略10,5608,15.550000190734863,bull
2026-05-07,策略10,1477,220.5,bull
2026-05-07,策略10,2836,11.949999809265137,bull
2026-05-07,策略10,1434,15.949999809265137,bull
2026-05-07,策略10,6727,458.5,bull
2026-05-07,策略10,4906,38.70000076293945,bull
2026-05-07,策略10,2387,41.650001525878906,bull
2026-05-07,策略10,2903,22.25,bull
2026-05-07,策略10,3050,12.5,bull
2026-05-07,策略10,3545,53.900001525878906,bull
2026-05-07,策略11,2301,203.5,bull
2026-05-07,策略11,2342,45.95000076293945,bull
2026-05-07,策略11,1785,185.0,bull
2026-05-07,策略11,4540,75.69999694824219,bull
2026-05-07,策略11,3526,377.5,bull
2026-05-07,策略11,3122,39.900001525878906,bull
2026-05-07,策略11,3090,116.0,bull
2026-05-07,策略11,3094,33.349998474121094,bull
2026-05-07,策略11,5464,47.650001525878906,bull
2026-05-07,策略11,8042,85.0,bull
2026-05-07,策略11,8150,98.0999984741211,bull
2026-05-07,策略11,8016,265.5,bull
2026-05-07,策略11,6108,24.200000762939453,bull
2026-05-07,策略11,6182,55.599998474121094,bull
2026-05-07,策略11,6526,720.0,bull
2026-05-07,策略11,5864,34.29999923706055,bull
2026-05-07,策略11,00919,25.43000030517578,bull
2026-05-07,策略11,00932,16.600000381469727,bull
2026-05-07,策略11,00915,26.209999084472656,bull
2026-05-07,策略11,00934,25.229999542236328,bull
2026-05-07,策略11,3438,68.0,bull
2026-05-07,策略11,00901,41.70000076293945,bull
2026-05-07,策略11,6016,21.899999618530273,bull
2026-05-07,策略11,7709,88.30000305175781,bull
2026-05-07,策略11,2637,76.80000305175781,bull
2026-05-07,策略11,6026,16.700000762939453,bull
2026-05-07,策略11,2891,56.20000076293945,bull
2026-05-07,策略11,6679,312.0,bull
2026-05-07,策略11,2395,444.0,bull
2026-05-07,策略11,3162,95.9000015258789,bull
2026-05-07,策略11,2883,22.450000762939453,bull
2026-05-07,策略11,3529,4705.0,bull
2026-05-07,策略11,2472,201.5,bull
2026-05-07,策略11,6015,16.049999237060547,bull
2026-05-07,策略11,3490,31.600000381469727,bull
2026-05-07,策略11,00637L,21.739999771118164,bull
2026-05-07,策略11,6257,213.0,bull
2026-05-07,策略11,00882,15.970000267028809,bull
2026-05-07,策略11,3467,70.19999694824219,bull
2026-05-07,策略11,2376,309.0,bull
2026-05-07,策略11,00960,17.75,bull
2026-05-07,策略11,3551,215.0,bull
2026-05-07,策略11,009812,12.119999885559082,bull
2026-05-07,策略11,5289,1575.0,bull
2026-05-07,策略11,5425,71.5,bull
2026-05-07,策略12,2616,14.050000190734863,bull
2026-05-07,策略12,1604,22.850000381469727,bull
2026-05-07,策略12,5515,39.599998474121094,bull
2026-05-07,策略12,00638R,6.510000228881836,bull
2026-05-07,策略12,1305,13.0,bull
2026-05-07,策略12,8476,17.299999237060547,bull
2026-05-07,策略12,1314,7.25,bull
2026-05-07,策略12,6509,40.599998474121094,bull
2026-05-07,策略12,1308,13.75,bull
2026-05-07,策略12,1304,13.0,bull
2026-05-07,策略12,1449,13.100000381469727,bull
2026-05-07,策略12,2427,21.350000381469727,bull
2026-05-07,策略12,2836,11.949999809265137,bull
2026-05-07,策略12,1709,18.5,bull
2026-05-07,策略12,00985D,10.109999656677246,bull
2026-05-07,策略12,3543,39.0,bull
2026-05-07,策略12,2838,20.549999237060547,bull
2026-05-07,策略12,2442,18.649999618530273,bull
2026-05-07,策略12,1309,17.399999618530273,bull
2026-05-07,策略12,00982D,9.979999542236328,bull
2026-05-07,策略12,00942B,14.3100004196167,bull
2026-05-07,策略12,00968B,9.260000228881836,bull
2026-05-07,策略12,3138,155.0,bull
2026-05-07,策略12,00950B,14.050000190734863,bull
2026-05-07,策略12,00746B,35.45000076293945,bull
2026-05-07,策略12,00969B,8.319999694824219,bull
2026-05-07,策略12,5371,73.19999694824219,bull
2026-05-07,策略12,1723,78.69999694824219,bull
2026-05-07,策略12,6933,170.5,bull
2026-05-07,策略12,2305,16.200000762939453,bull
2026-05-07,策略12,00768B,50.650001525878906,bull
2026-05-07,策略12,00966B,13.880000114440918,bull
2026-05-07,策略12,00857B,23.200000762939453,bull
2026-05-07,策略12,3491,1620.0,bull
2026-05-07,策略12,3234,102.5,bull
2026-05-07,策略12,00740B,38.63999938964844,bull
2026-05-07,策略12,00970B,9.369999885559082,bull
2026-05-07,策略12,8431,62.0,bull
2026-05-07,策略12,8011,19.649999618530273,bull
2026-05-07,策略12,1735,25.899999618530273,bull
2026-05-07,策略12,00958B,9.260000228881836,bull
2026-05-07,策略12,6133,22.450000762939453,bull
2026-05-07,策略12,00773B,35.849998474121094,bull
2026-05-07,策略12,5452,32.95000076293945,bull
2026-05-07,策略12,5457,36.79999923706055,bull
2026-05-07,策略12,1409,16.799999237060547,bull
2026-05-07,策略12,3163,1085.0,bull
2026-05-07,策略12,00963,12.789999961853027,bull
2026-05-07,策略12,4772,308.0,bull
2026-05-07,策略12,4770,228.5,bull
2026-05-07,策略12,3071,30.200000762939453,bull
2026-05-07,策略12,00917,21.790000915527344,bull
2026-05-07,策略12,3419,15.0,bull
2026-05-07,策略12,6425,80.80000305175781,bull
2026-05-07,策略12,2316,116.5,bull
2026-05-07,策略12,6548,52.0,bull
2026-05-07,策略12,00987B,16.059999465942383,bull
2026-05-07,策略12,1519,891.0,bull
2026-05-07,策略13,3581,225.5,bull
2026-05-07,策略13,4764,330.0,bull
2026-05-07,策略13,3229,43.0,bull
2026-05-07,策略13,6658,163.0,bull
2026-05-07,策略13,3016,118.5,bull
2026-05-07,策略13,6224,87.0,bull
2026-05-07,策略13,2454,3420.0,bull
2026-05-07,策略13,6234,62.0,bull
2026-05-07,策略13,6147,192.5,bull
2026-05-07,策略13,6531,925.0,bull
2026-05-07,策略13,1597,180.5,bull
2026-05-07,策略13,2426,74.0,bull
2026-05-07,策略13,3532,263.0,bull
2026-05-07,策略13,1711,62.0,bull
2026-05-07,策略13,4951,132.0,bull
2026-05-07,策略13,3518,37.849998474121094,bull
2026-05-07,策略13,6488,793.0,bull
2026-05-07,策略13,7750,2605.0,bull
2026-05-07,策略13,3026,300.0,bull
2026-05-07,策略13,2486,278.0,bull
2026-05-07,策略13,8358,469.0,bull
2026-05-07,策略13,4958,427.0,bull
2026-05-07,策略13,3467,70.19999694824219,bull
2026-05-07,策略13,6182,55.599998474121094,bull
2026-05-07,策略13,6141,36.5,bull
2026-05-07,策略13,6683,2385.0,bull
2026-05-07,策略13,6672,226.0,bull
2026-05-07,策略13,2464,111.0,bull
2026-05-07,策略13,4576,242.0,bull
2026-05-07,策略13,8227,204.0,bull
2026-05-07,策略13,8150,98.0999984741211,bull
2026-05-07,策略13,4556,43.349998474121094,bull
2026-05-07,策略13,7711,471.0,bull
2026-05-07,策略13,2303,96.5,bull
2026-05-07,策略13,8271,248.0,bull
2026-05-07,策略13,5228,36.349998474121094,bull
2026-05-07,策略13,3388,111.0,bull
2026-05-07,策略13,3122,39.900001525878906,bull
2026-05-07,策略13,6823,98.5,bull
2026-05-07,策略13,2383,4960.0,bull
2026-05-07,策略13,1727,78.19999694824219,bull
2026-05-07,策略13,8182,43.099998474121094,bull
2026-05-07,策略13,2342,45.95000076293945,bull
2026-05-07,策略13,6213,299.5,bull
2026-05-07,策略13,6441,28.850000381469727,bull
2026-05-07,策略13,2345,2560.0,bull
2026-05-07,策略13,8046,947.0,bull
2026-05-07,策略13,8383,66.69999694824219,bull
2026-05-07,策略13,5289,1575.0,bull
2026-05-07,策略13,4939,43.70000076293945,bull
2026-05-07,策略13,2059,4840.0,bull
2026-05-07,策略13,2368,1450.0,bull
2026-05-07,策略13,3055,87.0,bull
2026-05-07,策略13,3680,585.0,bull
2026-05-07,策略13,2465,86.30000305175781,bull
2026-05-07,策略13,8043,95.4000015258789,bull
2026-05-07,策略13,5864,34.29999923706055,bull
2026-05-07,策略13,4561,47.25,bull
2026-05-07,策略13,3162,95.9000015258789,bull
2026-05-07,策略13,2472,201.5,bull
2026-05-07,策略13,3583,797.0,bull
2026-05-07,策略13,8289,52.5,bull
2026-05-07,策略13,3594,55.400001525878906,bull
2026-05-07,策略13,6415,424.5,bull
2026-05-07,策略13,3094,33.349998474121094,bull
2026-05-07,策略13,2351,166.5,bull
2026-05-07,策略13,4949,98.0999984741211,bull
2026-05-07,策略13,2340,40.79999923706055,bull
2026-05-07,策略13,3167,755.0,bull
2026-05-07,策略13,8162,56.20000076293945,bull
2026-05-07,策略13,6532,104.0,bull
2026-05-07,策略13,4707,16.100000381469727,bull
2026-05-07,策略13,3450,377.5,bull
2026-05-07,策略13,3339,63.099998474121094,bull
2026-05-07,策略13,3028,76.0,bull
2026-05-07,策略13,1590,1490.0,bull
2026-05-07,策略13,8299,2390.0,bull
2026-05-07,策略13,6706,174.5,bull
2026-05-07,策略13,7749,505.0,bull
2026-05-07,策略13,2388,75.5999984741211,bull
2026-05-07,策略13,6435,222.0,bull
2026-05-07,策略13,3665,2780.0,bull
2026-05-07,策略13,2308,2280.0,bull
2026-05-07,策略13,7769,5835.0,bull
2026-05-07,策略13,3526,377.5,bull
2026-05-07,策略13,6669,4880.0,bull
2026-05-07,策略13,00928,35.66999816894531,bull
2026-05-07,策略13,5483,152.0,bull
2026-05-07,策略13,6426,238.5,bull
2026-05-07,策略13,3044,500.0,bull
2026-05-07,策略13,6643,646.0,bull
2026-05-07,策略13,6423,117.5,bull
2026-05-07,策略13,2360,2325.0,bull
2026-05-07,策略13,6533,246.0,bull
2026-05-07,策略13,00901,41.70000076293945,bull
2026-05-07,策略13,5439,407.0,bull
2026-05-07,策略13,2233,295.0,bull
2026-05-07,策略13,3057,21.299999237060547,bull
2026-05-07,策略14,7711,471.0,bull
2026-05-07,策略14,8358,469.0,bull
2026-05-07,策略14,8227,204.0,bull
2026-05-07,策略15,6909,59.5,bull
2026-05-07,策略15,5905,8.010000228881836,bull
2026-05-07,策略15,3236,32.599998474121094,bull
2026-05-07,策略15,6134,31.700000762939453,bull
2026-05-07,策略15,6151,36.150001525878906,bull
2026-05-07,策略15,6442,2095.0,bull
2026-05-07,策略15,2409,18.350000381469727,bull
2026-05-07,策略15,2481,103.5,bull
2026-05-07,策略15,3587,329.5,bull
2026-05-07,策略15,6271,180.0,bull
2026-05-07,策略15,6862,184.0,bull
2026-05-07,策略15,4976,29.799999237060547,bull
2026-05-07,策略15,1736,130.0,bull
2026-05-07,策略15,5388,80.30000305175781,bull
2026-05-07,策略16,1809,34.5,bull
2026-05-07,策略16,3032,71.69999694824219,bull
2026-05-07,策略16,6477,36.79999923706055,bull
2026-05-07,策略16,5009,36.099998474121094,bull
2026-05-07,策略16,4716,15.350000381469727,bull
2026-05-07,策略16,6116,9.399999618530273,bull
2026-05-07,策略16,8454,189.0,bull
2026-05-07,策略16,2492,160.0,bull
2026-05-07,策略16,3048,42.099998474121094,bull
2026-05-07,策略16,00897,9.989999771118164,bull
2026-05-07,策略16,6449,179.0,bull
2026-05-07,策略16,4934,18.950000762939453,bull
2026-05-07,策略16,5328,28.600000381469727,bull
2026-05-07,策略16,3481,29.75,bull
2026-05-07,策略16,3090,116.0,bull
2026-05-07,策略16,6770,63.900001525878906,bull
2026-05-07,策略16,5388,80.30000305175781,bull
2026-05-07,策略16,5302,12.0,bull
2026-05-07,策略16,2892,29.149999618530273,bull
2026-05-07,策略16,2344,114.0,bull
2026-05-07,策略16,2406,34.900001525878906,bull
2026-05-07,策略16,2362,39.95000076293945,bull
2026-05-07,策略16,00882,15.970000267028809,bull
2026-05-07,策略17,00919,25.43000030517578,bull
2026-05-07,策略17,00915,26.209999084472656,bull
2026-05-07,策略17,00932,16.600000381469727,bull
2026-05-07,策略17,6026,16.700000762939453,bull
2026-05-07,策略17,00882,15.970000267028809,bull
2026-05-07,策略17,2883,22.450000762939453,bull
2026-05-07,策略17,00960,17.75,bull
2026-05-07,策略17,6015,16.049999237060547,bull
2026-05-07,策略17,5864,34.29999923706055,bull
2026-05-07,策略17,2637,76.80000305175781,bull
2026-05-07,策略17,3033,42.900001525878906,bull
2026-05-07,策略17,2395,444.0,bull
2026-05-07,策略17,5490,28.5,bull
2026-05-07,策略17,00637L,21.739999771118164,bull
2026-05-07,策略17,00901,41.70000076293945,bull
2026-05-07,策略17,6227,101.0,bull
2026-05-07,策略17,2356,49.95000076293945,bull
2026-05-07,策略17,2342,45.95000076293945,bull
2026-05-07,策略17,2406,34.900001525878906,bull
2026-05-07,策略17,6182,55.599998474121094,bull
2026-05-07,策略17,3048,42.099998474121094,bull
2026-05-07,策略17,6449,179.0,bull
2026-05-07,策略17,3025,63.5,bull
2026-05-07,策略19,1809,34.5,bull
2026-05-07,策略19,6113,25.049999237060547,bull
2026-05-07,策略19,8942,45.400001525878906,bull
2026-05-07,策略19,3490,31.600000381469727,bull
2026-05-07,策略19,6116,9.399999618530273,bull
2026-05-07,策略19,8042,85.0,bull
2026-05-07,策略19,3416,171.5,bull
2026-05-07,策略19,8358,469.0,bull
2026-05-07,策略19,3048,42.099998474121094,bull
2026-05-07,策略19,2376,309.0,bull
2026-05-07,策略19,3090,116.0,bull
2026-05-07,策略19,8289,52.5,bull
2026-05-07,策略19,4716,15.350000381469727,bull
2026-05-07,策略19,3481,29.75,bull
2026-05-07,策略19,00932,16.600000381469727,bull
2026-05-07,策略19,8043,95.4000015258789,bull
2026-05-07,策略19,6206,117.0,bull
2026-05-07,策略19,2492,160.0,bull
2026-05-07,策略19,1612,37.20000076293945,bull
2026-05-07,策略19,6141,36.5,bull
2026-05-07,策略19,1460,7.28000020980835,bull
2026-05-07,策略19,6727,458.5,bull
2026-05-07,策略19,8182,43.099998474121094,bull
2026-05-07,策略19,6449,179.0,bull
2026-05-07,策略19,3141,56.099998474121094,bull
2026-05-07,策略19,3305,118.5,bull
2026-05-07,策略19,1785,185.0,bull
2026-05-07,策略19,00915,26.209999084472656,bull
2026-05-07,策略19,2357,639.0,bull
2026-05-07,策略19,6227,101.0,bull
2026-05-07,策略19,00897,9.989999771118164,bull
2026-05-07,策略19,6155,50.900001525878906,bull
2026-05-07,策略19,2478,80.0999984741211,bull
2026-05-07,策略19,2637,76.80000305175781,bull
2026-05-07,策略19,3529,4705.0,bull
2026-05-07,策略19,2338,54.29999923706055,bull
2026-05-07,策略19,3236,32.599998474121094,bull
2026-05-07,策略19,2891,56.20000076293945,bull
2026-05-07,策略19,2428,188.5,bull
2026-05-07,策略19,2472,201.5,bull
2026-05-07,策略19,3467,70.19999694824219,bull
2026-05-07,策略19,4722,215.0,bull
2026-05-07,策略19,2606,65.0999984741211,bull
2026-05-07,策略19,2375,91.30000305175781,bull
2026-05-07,策略19,6209,72.19999694824219,bull
2026-05-07,策略19,8150,98.0999984741211,bull
2026-05-07,策略19,4939,43.70000076293945,bull
2026-05-07,策略19,5490,28.5,bull
2026-05-07,策略19,7788,171.5,bull
2026-05-07,策略19,5425,71.5,bull
2026-05-07,策略19,6138,262.0,bull
2026-05-07,策略19,8926,46.75,bull
2026-05-07,策略19,5228,36.349998474121094,bull
2026-05-07,策略19,3551,215.0,bull
2026-05-07,策略19,00731,74.69999694824219,bull
2026-05-07,策略19,00713,54.29999923706055,bull
2026-05-07,策略19,6285,256.0,bull
2026-05-07,策略19,3450,377.5,bull
2026-05-07,策略19,2497,60.5,bull
2026-05-07,策略19,6257,213.0,bull
2026-05-07,策略19,3390,28.350000381469727,bull
2026-05-07,策略19,6679,312.0,bull
2026-05-07,策略19,6488,793.0,bull
2026-05-07,策略19,8261,128.0,bull
2026-05-07,策略19,00757,124.44999694824219,bull
2026-05-07,策略19,4576,242.0,bull
2026-05-07,策略19,00941,25.290000915527344,bull
2026-05-07,策略19,2302,20.149999618530273,bull
2026-05-07,策略19,2027,39.099998474121094,bull
2026-05-07,策略19,4973,95.5,bull
2026-05-07,策略19,2363,57.900001525878906,bull
2026-05-07,策略20,2537,10.5,bull
2026-05-07,策略20,8926,46.75,bull
2026-05-07,策略20,5351,77.30000305175781,bull
2026-05-07,策略20,8043,95.4000015258789,bull
2026-05-07,策略20,5302,12.0,bull
2026-05-07,策略20,3231,146.0,bull
2026-05-07,策略20,6693,150.0,bull
2026-05-07,策略20,6869,86.9000015258789,bull
2026-05-07,策略20,4973,95.5,bull
2026-05-07,策略20,1785,185.0,bull
2026-05-07,策略20,2382,344.0,bull
2026-05-07,策略20,3025,63.5,bull
2026-05-07,策略20,3211,384.0,bull
2026-05-07,策略20,3305,118.5,bull
2026-05-07,策略20,6227,101.0,bull
2026-05-07,策略20,6477,36.79999923706055,bull
2026-05-07,策略20,6446,659.0,bull
2026-05-07,策略20,6113,25.049999237060547,bull
2026-05-07,策略20,6125,59.20000076293945,bull
2026-05-07,策略20,1522,34.150001525878906,bull
2026-05-07,策略20,7547,74.5999984741211,bull
2026-05-07,策略20,3706,87.4000015258789,bull
2026-05-07,策略20,5236,160.0,bull
2026-05-07,策略20,4931,164.0,bull
2026-05-07,策略20,2637,76.80000305175781,bull
2026-05-07,策略20,2357,639.0,bull
2026-05-07,策略20,2369,33.0,bull
2026-05-07,策略20,8070,48.45000076293945,bull
2026-05-07,策略20,1560,577.0,bull
2026-05-07,策略25,00636,28.59000015258789,bull
2026-05-07,策略25,00882,15.970000267028809,bull
2026-05-07,策略25,00915,26.209999084472656,bull
2026-05-07,策略25,00932,16.600000381469727,bull
2026-05-07,策略25,00987B,16.059999465942383,bull
2026-05-07,策略25,00941,25.290000915527344,bull
2026-05-07,策略25,00983A,11.819999694824219,bull
2026-05-07,策略25,00897,9.989999771118164,bull
2026-05-07,策略25,3023,310.0,bull
2026-05-07,策略25,3048,42.099998474121094,bull
2026-05-07,策略25,2408,287.0,bull
2026-05-07,策略25,3006,196.5,bull
2026-05-07,策略25,2883,22.450000762939453,bull
2026-05-07,策略25,2406,34.900001525878906,bull
2026-05-07,策略25,2425,31.0,bull
2026-05-07,策略25,2603,213.5,bull
2026-05-07,策略25,00963,12.789999961853027,bull
2026-05-07,策略25,5490,28.5,bull
2026-05-07,策略25,6125,59.20000076293945,bull
2026-05-07,策略25,6488,793.0,bull
2026-05-07,策略25,3533,2850.0,bull
2026-05-07,策略25,1609,34.04999923706055,bull
2026-05-07,策略25,2376,309.0,bull
2026-05-07,策略25,3665,2780.0,bull
2026-05-07,策略25,2393,72.5,bull
2026-05-07,策略25,1303,90.30000305175781,bull
2026-05-07,策略25,009812,12.119999885559082,bull
2026-05-07,策略25,8374,90.5,bull
2026-05-07,策略25,6129,16.75,bull
2026-05-07,策略25,6189,48.349998474121094,bull
2026-05-07,策略25,6197,231.5,bull
2026-05-07,策略25,6679,312.0,bull
2026-05-07,策略25,5483,152.0,bull
2026-05-07,策略25,2344,114.0,bull
2026-05-07,策略25,2352,25.200000762939453,bull
2026-05-07,策略25,2243,26.399999618530273,bull
2026-05-07,策略25,8081,257.5,bull
2026-05-07,策略25,8150,98.0999984741211,bull
2026-05-07,策略25,00971,16.469999313354492,bull
2026-05-07,策略25,00733,65.80000305175781,bull
2026-05-07,策略25,00713,54.29999923706055,bull
2026-05-07,策略25,00655L,36.84000015258789,bull
2026-05-07,策略25,00639,17.520000457763672,bull
2026-05-07,策略25,00637L,21.739999771118164,bull
2026-05-07,策略25,00731,74.69999694824219,bull
2026-05-07,策略25,00916,27.600000381469727,bull
2026-05-07,策略25,00960,17.75,bull
2026-05-07,策略25,00965,26.149999618530273,bull
2026-05-07,策略25,00757,124.44999694824219,bull
2026-05-07,策略25,3339,63.099998474121094,bull
2026-05-07,策略25,5351,77.30000305175781,bull
2026-05-07,策略25,6138,262.0,bull
2026-05-07,策略25,3706,87.4000015258789,bull
2026-05-07,策略25,6113,25.049999237060547,bull
2026-05-07,策略25,3498,97.30000305175781,bull
2026-05-07,策略25,3014,131.5,bull
2026-05-07,策略25,3481,29.75,bull
2026-05-07,策略25,1605,35.849998474121094,bull
2026-05-07,策略25,1560,577.0,bull
2026-05-07,策略25,8936,52.79999923706055,bull
2026-05-07,策略25,6174,39.400001525878906,bull
2026-05-07,策略25,2337,164.5,bull
2026-05-07,策略25,2449,339.0,bull
2026-05-07,策略25,2440,17.5,bull
2026-05-07,策略25,2363,57.900001525878906,bull
2026-05-07,策略25,8215,29.600000381469727,bull
2026-05-07,策略25,7709,88.30000305175781,bull
2026-05-07,策略25,6409,790.0,bull
2026-05-07,策略25,8249,50.400001525878906,bull
2026-05-07,策略25,6770,63.900001525878906,bull
2026-05-07,策略25,9933,37.29999923706055,bull
2026-05-07,策略25,3312,42.45000076293945,bull
2026-05-07,策略25,8271,248.0,bull
2026-05-07,策略25,00712,9.0600004196167,bull
2026-05-07,策略25,00706L,20.0,bull
2026-05-07,策略25,00633L,52.849998474121094,bull
2026-05-07,策略25,2637,76.80000305175781,bull
2026-05-07,策略25,2356,49.95000076293945,bull
2026-05-07,策略25,6109,12.5,bull
2026-05-07,策略25,00949,19.899999618530273,bull
2026-05-07,策略25,4533,31.5,bull
2026-05-07,策略25,8096,95.80000305175781,bull
2026-05-07,策略25,6706,174.5,bull
2026-05-07,策略25,6441,28.850000381469727,bull
2026-05-07,策略25,6446,659.0,bull
2026-05-07,策略25,6834,43.75,bull
2026-05-07,策略25,3715,189.0,bull
2026-05-07,策略25,6206,117.0,bull
2026-05-07,策略25,5309,63.79999923706055,bull
2026-05-07,策略25,3152,173.5,bull
2026-05-07,策略25,3265,185.0,bull
2026-05-07,策略25,3034,453.0,bull
2026-05-07,策略25,2492,160.0,bull
2026-05-07,策略25,5328,28.600000381469727,bull
2026-05-07,策略25,2388,75.5999984741211,bull
2026-05-07,策略25,3022,75.30000305175781,bull
2026-05-07,策略25,2441,93.4000015258789,bull
2026-05-07,策略25,5269,1370.0,bull
2026-05-07,策略25,4746,54.79999923706055,bull
2026-05-07,策略25,2457,25.549999237060547,bull
2026-05-07,策略25,3231,146.0,bull
2026-05-07,策略25,1711,62.0,bull
2026-05-07,策略25,00763U,33.11000061035156,bull
2026-05-07,策略25,00642U,28.90999984741211,bull
2026-05-07,策略25,2345,2560.0,bull
2026-05-07,策略25,2362,39.95000076293945,bull
2026-05-07,策略25,6217,280.0,bull
2026-05-07,策略25,4585,337.5,bull
2026-05-07,策略25,6134,31.700000762939453,bull
2026-05-07,策略25,6165,51.400001525878906,bull
2026-05-07,策略25,6291,482.0,bull
2026-05-07,策略25,6902,102.5,bull
2026-05-07,策略25,8121,32.849998474121094,bull
2026-05-07,策略25,3490,31.600000381469727,bull
2026-05-07,策略25,3529,4705.0,bull
2026-05-07,策略25,3042,163.0,bull
2026-05-07,策略25,2497,60.5,bull
2026-05-07,策略25,3025,63.5,bull
2026-05-07,策略25,1736,130.0,bull
2026-05-07,策略25,2302,20.149999618530273,bull
2026-05-07,策略25,1570,38.20000076293945,bull
2026-05-07,策略25,8932,91.5,bull
2026-05-07,策略25,6209,72.19999694824219,bull
2026-05-07,策略25,3054,75.5,bull
2026-05-07,策略25,2369,33.0,bull
2026-05-07,策略25,3467,70.19999694824219,bull
2026-05-07,策略25,3691,131.5,bull
2026-05-07,策略25,2606,65.0999984741211,bull
2026-05-07,策略25,00715L,58.79999923706055,bull
2026-05-07,策略25,1536,55.5,bull
2026-05-07,策略25,1514,119.5,bull
2026-05-07,策略25,1503,199.5,bull
2026-05-07,策略25,00954,18.15999984741211,bull
2026-05-07,策略25,3227,217.0,bull
2026-05-07,策略25,3141,56.099998474121094,bull
2026-05-07,策略25,2401,25.399999618530273,bull
2026-05-07,策略25,2455,342.0,bull
2026-05-07,策略25,1809,34.5,bull
2026-05-07,策略25,2034,21.549999237060547,bull
2026-05-07,策略25,3028,76.0,bull
2026-05-07,策略25,3038,23.299999237060547,bull
2026-05-07,策略25,2327,371.5,bull
2026-05-07,策略25,2365,36.400001525878906,bull
2026-05-07,策略25,4908,238.5,bull
2026-05-07,策略25,5498,74.5999984741211,bull
2026-05-07,策略25,6202,57.5,bull
2026-05-07,策略25,6151,36.150001525878906,bull
2026-05-07,策略25,6118,17.75,bull
2026-05-07,策略25,6117,85.30000305175781,bull
2026-05-07,策略25,5236,160.0,bull
2026-05-07,策略25,5302,12.0,bull
2026-05-07,策略25,5471,44.099998474121094,bull
2026-05-07,策略25,6223,5030.0,bull
2026-05-07,策略25,7788,171.5,bull
2026-05-07,策略25,6903,416.0,bull
2026-05-07,策略25,6823,98.5,bull
2026-05-07,策略25,8070,48.45000076293945,bull
2026-05-07,策略25,8131,70.30000305175781,bull
2026-05-07,策略25,8086,155.0,bull
2026-05-07,策略25,8358,469.0,bull
2026-05-07,策略25,8289,52.5,bull
2026-05-07,策略27,3390,28.350000381469727,bull
2026-05-07,策略28,2338,54.29999923706055,bull
2026-05-07,策略28,6243,35.849998474121094,bull
2026-05-07,策略28,3515,246.5,bull
2026-05-07,策略28,6016,21.899999618530273,bull
2026-05-07,策略28,00763U,33.11000061035156,bull
2026-05-07,策略28,6026,16.700000762939453,bull
2026-05-07,策略28,2883,22.450000762939453,bull
2026-05-07,策略28,00932,16.600000381469727,bull
2026-05-07,策略29,1785,185.0,bull
2026-05-07,策略29,3532,263.0,bull
2026-05-07,策略29,8042,85.0,bull
2026-05-07,策略29,8150,98.0999984741211,bull
2026-05-07,策略29,3094,33.349998474121094,bull
2026-05-07,策略29,6526,720.0,bull
2026-05-07,策略29,5483,152.0,bull
2026-05-07,策略29,7709,88.30000305175781,bull
2026-05-07,策略29,8016,265.5,bull
2026-05-07,策略29,3032,71.69999694824219,bull
2026-05-07,策略29,5425,71.5,bull
2026-05-07,策略29,3141,56.099998474121094,bull
2026-05-07,策略29,3467,70.19999694824219,bull
2026-05-07,策略29,2472,201.5,bull
2026-05-07,策略29,2492,160.0,bull
2026-05-07,策略29,3529,4705.0,bull
2026-05-07,策略29,3090,116.0,bull
2026-05-07,策略29,3416,171.5,bull
2026-05-07,策略29,6209,72.19999694824219,bull
2026-05-07,策略29,6227,101.0,bull
2026-05-07,策略29,6206,117.0,bull
2026-05-07,策略29,2357,639.0,bull
2026-05-07,策略29,6113,25.049999237060547,bull
2026-05-07,策略29,00915,26.209999084472656,bull
2026-05-07,策略29,2478,80.0999984741211,bull
2026-05-07,策略29,6138,262.0,bull
2026-05-07,策略29,00932,16.600000381469727,bull
2026-05-07,策略29,2375,91.30000305175781,bull
2026-05-07,策略29,3490,31.600000381469727,bull
2026-05-07,策略29,5009,36.099998474121094,bull
2026-05-07,策略29,2362,39.95000076293945,bull
2026-05-07,策略29,6449,179.0,bull
2026-05-07,策略31,2344,114.0,bull
2026-05-07,策略31,00713,54.29999923706055,bull
2026-05-07,策略31,00915,26.209999084472656,bull
2026-05-07,策略31,00882,15.970000267028809,bull
2026-05-07,策略31,6244,30.299999237060547,bull
2026-05-07,策略31,2392,40.5,bull
2026-05-07,策略31,4720,27.899999618530273,bull
2026-05-07,策略31,3545,53.900001525878906,bull
2026-05-07,策略31,00731,74.69999694824219,bull
2026-05-07,策略31,8213,37.900001525878906,bull
2026-05-07,策略38,8150,98.0999984741211,bull
2026-05-07,策略38,7709,88.30000305175781,bull
2026-05-07,策略38,3481,29.75,bull
2026-05-07,策略38,6727,458.5,bull
2026-05-07,策略38,6770,63.900001525878906,bull
2026-05-07,策略38,2492,160.0,bull
2026-05-07,策略38,4934,18.950000762939453,bull
2026-05-07,策略38,3090,116.0,bull
2026-05-07,策略38,1605,35.849998474121094,bull
2026-05-07,策略38,2478,80.0999984741211,bull
2026-05-07,策略38,5328,28.600000381469727,bull
2026-05-07,策略38,6209,72.19999694824219,bull
2026-05-07,策略38,2338,54.29999923706055,bull
2026-05-07,策略38,6116,9.399999618530273,bull
2026-05-07,策略38,3054,75.5,bull
2026-05-07,策略38,2406,34.900001525878906,bull
2026-05-07,策略38,6830,874.0,bull
2026-05-07,策略38,3390,28.350000381469727,bull
2026-05-07,策略38,4760,267.0,bull
2026-05-07,策略38,5009,36.099998474121094,bull
2026-05-07,策略38,8043,95.4000015258789,bull
2026-05-07,策略38,6113,25.049999237060547,bull
2026-05-07,策略38,8454,189.0,bull
2026-05-07,策略38,6449,179.0,bull
2026-05-07,策略38,3490,31.600000381469727,bull
2026-05-07,策略38,6227,101.0,bull
2026-05-07,策略38,6206,117.0,bull
2026-05-07,策略38,3551,215.0,bull
2026-05-07,策略38,3416,171.5,bull
2026-05-07,策略38,6477,36.79999923706055,bull
2026-05-07,策略38,2357,639.0,bull
2026-05-07,策略38,5302,12.0,bull
2026-05-07,策略38,1524,30.25,bull
2026-05-07,策略38,2891,56.20000076293945,bull
2026-05-07,策略38,8942,45.400001525878906,bull
2026-05-07,策略38,4716,15.350000381469727,bull
2026-05-07,策略38,009812,12.119999885559082,bull
2026-05-07,策略38,1608,34.29999923706055,bull
2026-05-07,策略38,00763U,33.11000061035156,bull
2026-05-07,策略38,2030,16.399999618530273,bull
2026-05-07,策略38,2362,39.95000076293945,bull
2026-05-07,策略38,00949,19.899999618530273,bull
2026-05-07,策略38,00907,14.890000343322754,bull
2026-05-07,策略38,2892,29.149999618530273,bull
2026-05-07,策略39,2408,287.0,bull
2026-05-07,策略39,2344,114.0,bull
2026-05-07,策略39,8150,98.0999984741211,bull
2026-05-07,策略39,6488,793.0,bull
2026-05-07,策略39,6244,30.299999237060547,bull
2026-05-07,策略39,5009,36.099998474121094,bull
2026-05-07,策略39,8936,52.79999923706055,bull
2026-05-07,策略39,6104,102.0,bull
2026-05-07,策略39,6679,312.0,bull
2026-05-07,策略39,2363,57.900001525878906,bull
2026-05-07,策略39,3490,31.600000381469727,bull
2026-05-07,策略39,3691,131.5,bull
2026-05-07,策略39,3141,56.099998474121094,bull
2026-05-07,策略39,5490,28.5,bull
2026-05-07,策略39,7709,88.30000305175781,bull
2026-05-07,策略39,2472,201.5,bull
2026-05-07,策略39,6227,101.0,bull
2026-05-07,策略39,5236,160.0,bull
2026-05-07,策略39,4561,47.25,bull
2026-05-07,策略40,3006,196.5,bull
2026-05-07,策略40,8926,46.75,bull
2026-05-07,策略40,7749,505.0,bull
2026-05-07,策略40,3707,74.69999694824219,bull
2026-05-07,策略40,3691,131.5,bull
2026-05-07,策略40,3141,56.099998474121094,bull
2026-05-07,策略40,8121,32.849998474121094,bull
2026-05-07,策略40,6756,97.30000305175781,bull
2026-05-07,策略40,8255,146.0,bull
2026-05-07,策略40,2362,39.95000076293945,bull
2026-05-07,策略40,6104,102.0,bull
2026-05-08,策略1,0056,44.849998474121094,bull
2026-05-08,策略1,2881,96.69999694824219,bull
2026-05-08,策略1,2884,32.5,bull
2026-05-08,策略1,2886,40.20000076293945,bull
2026-05-08,策略1,6147,198.0,bull
2026-05-08,策略1,009820,9.930000305175781,bull
2026-05-08,策略1,3006,202.0,bull
2026-05-08,策略1,2376,317.0,bull
2026-05-08,策略1,2606,65.0,bull
2026-05-08,策略1,2542,40.0,bull
2026-05-08,策略1,4938,84.4000015258789,bull
2026-05-08,策略1,2395,476.5,bull
2026-05-08,策略1,3034,498.0,bull
2026-05-08,策略1,2351,183.0,bull
2026-05-08,策略1,2458,151.5,bull
2026-05-08,策略1,00882,16.010000228881836,bull
2026-05-08,策略1,2897,10.149999618530273,bull
2026-05-08,策略1,00738U,64.55000305175781,bull
2026-05-08,策略1,8033,159.0,bull
2026-05-08,策略1,6919,104.0,bull
2026-05-08,策略1,2208,21.700000762939453,bull
2026-05-08,策略1,6414,346.5,bull
2026-05-08,策略1,6446,724.0,bull
2026-05-08,策略1,3026,330.0,bull
2026-05-08,策略1,2912,232.0,bull
2026-05-08,策略1,3035,178.0,bull
2026-05-08,策略1,3014,135.5,bull
2026-05-08,策略1,00733,65.05000305175781,bull
2026-05-08,策略1,3545,56.70000076293945,bull
2026-05-08,策略1,2305,17.799999237060547,bull
2026-05-08,策略1,6206,119.0,bull
2026-05-08,策略1,6532,114.0,bull
2026-05-08,策略1,009811,12.579999923706055,bull
2026-05-08,策略1,8163,29.75,bull
2026-05-08,策略1,8454,196.0,bull
2026-05-08,策略1,2630,50.400001525878906,bull
2026-05-08,策略1,6449,183.0,bull
2026-05-08,策略1,3533,2700.0,bull
2026-05-08,策略1,6177,46.79999923706055,bull
2026-05-08,策略1,5607,51.900001525878906,bull
2026-05-08,策略1,00731,75.55000305175781,bull
2026-05-08,策略1,6781,1230.0,bull
2026-05-08,策略1,2302,19.549999237060547,bull
2026-05-08,策略1,3055,91.19999694824219,bull
2026-05-08,策略1,00895,48.5,bull
2026-05-08,策略1,3213,117.5,bull
2026-05-08,策略1,6150,70.9000015258789,bull
2026-05-08,策略1,1590,1505.0,bull
2026-05-08,策略1,7769,5800.0,bull
2026-05-08,策略1,5522,70.0,bull
2026-05-08,策略1,2836,11.899999618530273,bull
2026-05-08,策略1,00763U,33.150001525878906,bull
2026-05-08,策略1,6227,100.5,bull
2026-05-08,策略1,00921,21.399999618530273,bull
2026-05-08,策略1,3528,91.0,bull
2026-05-08,策略1,6151,37.04999923706055,bull
2026-05-08,策略1,4566,67.19999694824219,bull
2026-05-08,策略1,009819,10.119999885559082,bull
2026-05-08,策略1,3152,174.0,bull
2026-05-08,策略1,4571,190.0,bull
2026-05-08,策略1,3581,235.0,bull
2026-05-08,策略1,7750,2545.0,bull
2026-05-08,策略1,6111,48.45000076293945,bull
2026-05-08,策略1,6643,621.0,bull
2026-05-08,策略2,6147,198.0,bull
2026-05-08,策略2,2327,389.0,bull
2026-05-08,策略2,3026,330.0,bull
2026-05-08,策略2,3481,29.399999618530273,bull
2026-05-08,策略2,2618,35.650001525878906,bull
2026-05-08,策略2,8210,1415.0,bull
2026-05-08,策略2,3532,257.5,bull
2026-05-08,策略2,2393,73.69999694824219,bull
2026-05-08,策略2,9910,73.80000305175781,bull
2026-05-08,策略2,6532,114.0,bull
2026-05-08,策略2,1319,80.19999694824219,bull
2026-05-08,策略2,6669,5200.0,bull
2026-05-08,策略2,1477,221.5,bull
2026-05-08,策略2,6526,753.0,bull
2026-05-08,策略2,3034,498.0,bull
2026-05-08,策略2,2885,56.5,bull
2026-05-08,策略2,3213,117.5,bull
2026-05-08,策略2,6150,70.9000015258789,bull
2026-05-08,策略2,3592,258.5,bull
2026-05-08,策略2,8454,196.0,bull
2026-05-08,策略2,6227,100.5,bull
2026-05-08,策略2,6151,37.04999923706055,bull
2026-05-08,策略2,3152,174.0,bull
2026-05-08,策略2,3581,235.0,bull
2026-05-08,策略2,6111,48.45000076293945,bull
2026-05-08,策略2,2395,476.5,bull
2026-05-08,策略2,2371,30.549999237060547,bull
2026-05-08,策略2,6643,621.0,bull
2026-05-08,策略3,3481,29.399999618530273,bull
2026-05-08,策略3,2327,389.0,bull
2026-05-08,策略3,6182,56.900001525878906,bull
2026-05-08,策略3,8069,162.0,bull
2026-05-08,策略3,3034,498.0,bull
2026-05-08,策略3,6727,504.0,bull
2026-05-08,策略3,6291,468.0,bull
2026-05-08,策略3,6781,1230.0,bull
2026-05-08,策略3,3592,258.5,bull
2026-05-08,策略3,6768,87.5,bull
2026-05-08,策略3,4105,75.4000015258789,bull
2026-05-08,策略3,8255,145.5,bull
2026-05-08,策略3,6679,331.0,bull
2026-05-08,策略3,8390,94.0999984741211,bull
2026-05-08,策略3,2061,20.600000381469727,bull
2026-05-08,策略4,5464,52.400001525878906,bull
2026-05-08,策略4,5607,51.900001525878906,bull
2026-05-08,策略4,4561,51.400001525878906,bull
2026-05-08,策略4,2491,21.100000381469727,bull
2026-05-08,策略4,6834,48.099998474121094,bull
2026-05-08,策略4,5258,53.29999923706055,bull
2026-05-08,策略4,3034,498.0,bull
2026-05-08,策略4,3441,42.79999923706055,bull
2026-05-08,策略4,8016,273.0,bull
2026-05-08,策略4,6446,724.0,bull
2026-05-08,策略4,8926,49.099998474121094,bull
2026-05-08,策略4,4722,236.5,bull
2026-05-08,策略4,7712,134.5,bull
2026-05-08,策略4,6695,52.900001525878906,bull
2026-05-08,策略4,3528,91.0,bull
2026-05-08,策略4,3213,117.5,bull
2026-05-08,策略4,8454,196.0,bull
2026-05-08,策略4,2208,21.700000762939453,bull
2026-05-08,策略4,2395,476.5,bull
2026-05-08,策略4,5864,34.900001525878906,bull
2026-05-08,策略4,6147,198.0,bull
2026-05-08,策略4,2881,96.69999694824219,bull
2026-05-08,策略4,2458,151.5,bull
2026-05-08,策略4,6716,94.69999694824219,bull
2026-05-08,策略5,1449,12.949999809265137,bull
2026-05-08,策略5,2409,17.850000381469727,bull
2026-05-08,策略5,2820,16.850000381469727,bull
2026-05-08,策略5,009817,9.25,bull
2026-05-08,策略5,3062,26.799999237060547,bull
2026-05-08,策略5,5876,38.900001525878906,bull
2026-05-08,策略5,4534,23.950000762939453,bull
2026-05-08,策略5,8464,343.0,bull
2026-05-08,策略5,2527,34.650001525878906,bull
2026-05-08,策略5,5515,39.95000076293945,bull
2026-05-08,策略5,2485,68.5999984741211,bull
2026-05-08,策略5,00853B,27.600000381469727,bull
2026-05-08,策略5,1210,52.900001525878906,bull
2026-05-08,策略5,2101,34.5,bull
2026-05-08,策略5,00635U,49.400001525878906,bull
2026-05-08,策略5,3305,115.0,bull
2026-05-08,策略5,1709,18.649999618530273,bull
2026-05-08,策略5,6546,70.0,bull
2026-05-08,策略5,2897,10.149999618530273,bull
2026-05-08,策略5,2867,7.829999923706055,bull
2026-05-08,策略5,1101,25.0,bull
2026-05-08,策略5,6509,44.650001525878906,bull
2026-05-08,策略5,1218,19.100000381469727,bull
2026-05-08,策略5,4912,94.30000305175781,bull
2026-05-08,策略5,3717,24.049999237060547,bull
2026-05-08,策略5,2230,33.849998474121094,bull
2026-05-08,策略6,3048,42.400001525878906,bull
2026-05-08,策略6,3026,330.0,bull
2026-05-08,策略6,2458,151.5,bull
2026-05-08,策略6,5607,51.900001525878906,bull
2026-05-08,策略6,6716,94.69999694824219,bull
2026-05-08,策略6,6727,504.0,bull
2026-05-08,策略7,2527,34.650001525878906,bull
2026-05-08,策略7,6199,96.0,bull
2026-05-08,策略7,1591,64.5,bull
2026-05-08,策略7,2542,40.0,bull
2026-05-08,策略7,3054,70.4000015258789,bull
2026-05-08,策略7,7610,792.0,bull
2026-05-08,策略7,3466,41.099998474121094,bull
2026-05-08,策略7,8926,49.099998474121094,bull
2026-05-08,策略7,2408,274.0,bull
2026-05-08,策略7,5905,8.0,bull
2026-05-08,策略7,6265,44.150001525878906,bull
2026-05-08,策略7,5289,1600.0,bull
2026-05-08,策略7,2101,34.5,bull
2026-05-08,策略7,2451,312.5,bull
2026-05-08,策略7,6903,422.0,bull
2026-05-08,策略7,8271,260.5,bull
2026-05-08,策略7,4772,321.5,bull
2026-05-08,策略7,8054,106.5,bull
2026-05-08,策略7,8299,2430.0,bull
2026-05-08,策略7,7711,467.0,bull
2026-05-08,策略7,2485,68.5999984741211,bull
2026-05-08,策略7,8112,89.30000305175781,bull
2026-05-08,策略7,3006,202.0,bull
2026-05-08,策略7,6994,64.4000015258789,bull
2026-05-08,策略7,2230,33.849998474121094,bull
2026-05-08,策略7,2406,33.0,bull
2026-05-08,策略7,3498,93.5,bull
2026-05-08,策略7,4768,507.0,bull
2026-05-08,策略7,4934,18.5,bull
2026-05-08,策略7,3167,684.0,bull
2026-05-08,策略7,6588,143.0,bull
2026-05-08,策略7,5302,11.800000190734863,bull
2026-05-08,策略7,3528,91.0,bull
2026-05-08,策略7,3028,79.80000305175781,bull
2026-05-08,策略7,4967,298.0,bull
2026-05-08,策略7,3231,146.5,bull
2026-05-08,策略7,6111,48.45000076293945,bull
2026-05-08,策略7,6691,654.0,bull
2026-05-08,策略7,6531,875.0,bull
2026-05-08,策略7,6693,149.0,bull
2026-05-08,策略7,7769,5800.0,bull
2026-05-08,策略7,5475,325.0,bull
2026-05-08,策略7,4739,86.9000015258789,bull
2026-05-08,策略7,5410,36.70000076293945,bull
2026-05-08,策略7,6462,126.5,bull
2026-05-08,策略7,3057,21.600000381469727,bull
2026-05-08,策略7,6869,87.30000305175781,bull
2026-05-08,策略7,4973,99.5999984741211,bull
2026-05-08,策略7,1785,167.0,bull
2026-05-08,策略7,2374,78.5,bull
2026-05-08,策略7,2344,107.0,bull
2026-05-08,策略7,2382,340.5,bull
2026-05-08,策略7,5388,85.0999984741211,bull
2026-05-08,策略7,3025,63.29999923706055,bull
2026-05-08,策略7,6229,29.0,bull
2026-05-08,策略7,4541,47.95000076293945,bull
2026-05-08,策略7,7822,1260.0,bull
2026-05-08,策略7,8068,23.25,bull
2026-05-08,策略7,5228,39.95000076293945,bull
2026-05-08,策略7,6209,66.0,bull
2026-05-08,策略7,6442,1965.0,bull
2026-05-08,策略7,4540,68.5999984741211,bull
2026-05-08,策略7,2305,17.799999237060547,bull
2026-05-08,策略7,2376,317.0,bull
2026-05-08,策略7,3229,40.75,bull
2026-05-08,策略7,3305,115.0,bull
2026-05-08,策略7,6274,1370.0,bull
2026-05-08,策略7,2885,56.5,bull
2026-05-08,策略7,6426,262.0,bull
2026-05-08,策略7,2388,71.4000015258789,bull
2026-05-08,策略7,6163,57.20000076293945,bull
2026-05-08,策略7,2236,135.0,bull
2026-05-08,策略7,6227,100.5,bull
2026-05-08,策略7,2072,180.5,bull
2026-05-08,策略7,6613,245.5,bull
2026-05-08,策略7,6477,35.04999923706055,bull
2026-05-08,策略7,3663,72.0999984741211,bull
2026-05-08,策略7,2347,82.19999694824219,bull
2026-05-08,策略7,6446,724.0,bull
2026-05-08,策略7,2360,2230.0,bull
2026-05-08,策略7,6113,24.549999237060547,bull
2026-05-08,策略7,6658,160.5,bull
2026-05-08,策略7,5439,388.0,bull
2026-05-08,策略7,3594,55.400001525878906,bull
2026-05-08,策略7,8383,60.099998474121094,bull
2026-05-08,策略7,3213,117.5,bull
2026-05-08,策略7,2383,4750.0,bull
2026-05-08,策略7,3515,245.5,bull
2026-05-08,策略7,6823,88.69999694824219,bull
2026-05-08,策略7,3339,58.79999923706055,bull
2026-05-08,策略7,1727,72.30000305175781,bull
2026-05-08,策略7,6861,376.0,bull
2026-05-08,策略7,5464,52.400001525878906,bull
2026-05-08,策略7,4764,340.0,bull
2026-05-08,策略7,6125,59.099998474121094,bull
2026-05-08,策略7,4576,228.0,bull
2026-05-08,策略7,4543,40.400001525878906,bull
2026-05-08,策略7,7750,2545.0,bull
2026-05-08,策略7,6215,112.0,bull
2026-05-08,策略7,5284,360.0,bull
2026-05-08,策略7,6139,714.0,bull
2026-05-08,策略7,2356,49.54999923706055,bull
2026-05-08,策略7,1522,32.099998474121094,bull
2026-05-08,策略7,6716,94.69999694824219,bull
2026-05-08,策略7,7547,72.9000015258789,bull
2026-05-08,策略7,2317,250.0,bull
2026-05-08,策略7,2330,2290.0,bull
2026-05-08,策略7,8210,1415.0,bull
2026-05-08,策略7,2345,2375.0,bull
2026-05-08,策略7,8374,88.5999984741211,bull
2026-05-08,策略7,6291,468.0,bull
2026-05-08,策略7,3706,86.19999694824219,bull
2026-05-08,策略7,4949,93.69999694824219,bull
2026-05-08,策略7,3715,180.5,bull
2026-05-08,策略7,3689,126.0,bull
2026-05-08,策略7,5291,70.4000015258789,bull
2026-05-08,策略7,3441,42.79999923706055,bull
2026-05-08,策略7,6112,44.349998474121094,bull
2026-05-08,策略7,5236,168.5,bull
2026-05-08,策略7,5269,1410.0,bull
2026-05-08,策略7,3581,235.0,bull
2026-05-08,策略7,6533,238.5,bull
2026-05-08,策略7,5607,51.900001525878906,bull
2026-05-08,策略7,6223,5025.0,bull
2026-05-08,策略7,1597,173.0,bull
2026-05-08,策略7,2308,2200.0,bull
2026-05-08,策略7,6259,22.549999237060547,bull
2026-05-08,策略7,3491,1655.0,bull
2026-05-08,策略7,4510,47.0,bull
2026-05-08,策略7,4931,170.0,bull
2026-05-08,策略7,1503,202.5,bull
2026-05-08,策略7,6239,222.0,bull
2026-05-08,策略7,8390,94.0999984741211,bull
2026-05-08,策略7,2637,74.5999984741211,bull
2026-05-08,策略7,2605,33.04999923706055,bull
2026-05-08,策略7,3090,113.5,bull
2026-05-08,策略7,2357,650.0,bull
2026-05-08,策略7,3443,5210.0,bull
2026-05-08,策略7,2369,30.700000762939453,bull
2026-05-08,策略7,3481,29.399999618530273,bull
2026-05-08,策略7,2646,20.600000381469727,bull
2026-05-08,策略7,1815,107.0,bull
2026-05-08,策略7,4749,1085.0,bull
2026-05-08,策略7,6834,48.099998474121094,bull
2026-05-08,策略7,4542,196.0,bull
2026-05-08,策略7,8070,48.20000076293945,bull
2026-05-08,策略7,3138,155.0,bull
2026-05-08,策略7,1342,94.19999694824219,bull
2026-05-08,策略7,6283,25.649999618530273,bull
2026-05-08,策略7,6214,125.5,bull
2026-05-08,策略7,1560,572.0,bull
2026-05-08,策略7,6174,41.0,bull
2026-05-08,策略7,3062,26.799999237060547,bull
2026-05-08,策略7,3624,59.0,bull
2026-05-08,策略7,3088,124.5,bull
2026-05-08,策略7,3550,21.350000381469727,bull
2026-05-08,策略7,7721,72.0999984741211,bull
2026-05-08,策略7,8016,273.0,bull
2026-05-08,策略7,4533,30.5,bull
2026-05-08,策略7,6166,87.30000305175781,bull
2026-05-08,策略7,3702,113.5,bull
2026-05-08,策略7,6770,61.400001525878906,bull
2026-05-08,策略7,1711,57.5,bull
2026-05-08,策略7,3694,60.0,bull
2026-05-08,策略7,1568,28.899999618530273,bull
2026-05-08,策略7,6757,57.0,bull
2026-05-08,策略7,3413,315.5,bull
2026-05-08,策略7,3048,42.400001525878906,bull
2026-05-08,策略7,3388,109.5,bull
2026-05-08,策略7,3003,55.79999923706055,bull
2026-05-08,策略7,6510,3580.0,bull
2026-05-08,策略7,3704,35.29999923706055,bull
2026-05-08,策略7,2027,39.599998474121094,bull
2026-05-08,策略7,3556,52.599998474121094,bull
2026-05-08,策略7,3044,481.0,bull
2026-05-08,策略7,5471,45.349998474121094,bull
2026-05-08,策略7,2108,28.5,bull
2026-05-08,策略7,9958,103.0,bull
2026-05-08,策略7,3163,1010.0,bull
2026-05-08,策略7,3673,59.0,bull
2026-05-08,策略7,3533,2700.0,bull
2026-05-08,策略7,3037,818.0,bull
2026-05-08,策略7,8150,92.69999694824219,bull
2026-05-08,策略7,3390,27.100000381469727,bull
2026-05-08,策略7,6664,443.0,bull
2026-05-08,策略7,6830,787.0,bull
2026-05-08,策略7,2327,389.0,bull
2026-05-08,策略7,6108,21.799999237060547,bull
2026-05-08,策略7,3665,2750.0,bull
2026-05-08,策略7,2401,25.299999237060547,bull
2026-05-08,策略7,2395,476.5,bull
2026-05-08,策略7,3162,91.0999984741211,bull
2026-05-08,策略7,8163,29.75,bull
2026-05-08,策略7,8438,89.80000305175781,bull
2026-05-08,策略7,3016,117.0,bull
2026-05-08,策略7,4551,135.0,bull
2026-05-08,策略8,00955,15.59000015258789,bull
2026-05-08,策略8,3122,40.20000076293945,bull
2026-05-08,策略8,6679,331.0,bull
2026-05-08,策略8,6223,5025.0,bull
2026-05-08,策略8,6291,468.0,bull
2026-05-08,策略8,8299,2430.0,bull
2026-05-08,策略8,3581,235.0,bull
2026-05-08,策略9,3661,4890.0,bull
2026-05-08,策略9,8299,2430.0,bull
2026-05-08,策略9,6669,5200.0,bull
2026-05-08,策略9,5289,1600.0,bull
2026-05-08,策略9,8210,1415.0,bull
2026-05-08,策略9,6526,753.0,bull
2026-05-08,策略9,6781,1230.0,bull
2026-05-08,策略9,5269,1410.0,bull
2026-05-08,策略9,3526,395.0,bull
2026-05-08,策略9,2395,476.5,bull
2026-05-08,策略9,3532,257.5,bull
2026-05-08,策略9,6446,724.0,bull
2026-05-08,策略9,6409,821.0,bull
2026-05-08,策略9,3034,498.0,bull
2026-05-08,策略9,7610,792.0,bull
2026-05-08,策略9,3026,330.0,bull
2026-05-08,策略9,2327,389.0,bull
2026-05-08,策略9,2451,312.5,bull
2026-05-08,策略9,4749,1085.0,bull
2026-05-08,策略9,3450,410.0,bull
2026-05-08,策略9,4966,669.0,bull
2026-05-08,策略9,2357,650.0,bull
2026-05-08,策略9,4722,236.5,bull
2026-05-08,策略9,3006,202.0,bull
2026-05-08,策略9,8016,273.0,bull
2026-05-08,策略9,6147,198.0,bull
2026-05-08,策略9,8271,260.5,bull
2026-05-08,策略9,6173,122.0,bull
2026-05-08,策略9,6679,331.0,bull
2026-05-08,策略9,6472,419.0,bull
2026-05-08,策略9,1477,221.5,bull
2026-05-08,策略9,8150,92.69999694824219,bull
2026-05-08,策略9,6727,504.0,bull
2026-05-08,策略9,2376,317.0,bull
2026-05-08,策略9,8454,196.0,bull
2026-05-08,策略9,3088,124.5,bull
2026-05-08,策略9,6138,260.5,bull
2026-05-08,策略9,00670L,197.85000610351562,bull
2026-05-08,策略9,5464,52.400001525878906,bull
2026-05-08,策略9,2492,156.0,bull
2026-05-08,策略9,2472,221.5,bull
2026-05-08,策略9,6150,70.9000015258789,bull
2026-05-08,策略9,4561,51.400001525878906,bull
2026-05-08,策略9,6182,56.900001525878906,bull
2026-05-08,策略9,2072,180.5,bull
2026-05-08,策略9,8069,162.0,bull
2026-05-08,策略9,6525,106.5,bull
2026-05-08,策略9,2351,183.0,bull
2026-05-08,策略9,3416,175.5,bull
2026-05-08,策略9,2342,43.79999923706055,bull
2026-05-08,策略9,1503,202.5,bull
2026-05-08,策略9,6449,183.0,bull
2026-05-08,策略9,3528,91.0,bull
2026-05-08,策略9,6770,61.400001525878906,bull
2026-05-08,策略9,2230,33.849998474121094,bull
2026-05-08,策略9,6768,87.5,bull
2026-05-08,策略9,4931,170.0,bull
2026-05-08,策略9,3090,113.5,bull
2026-05-08,策略9,8390,94.0999984741211,bull
2026-05-08,策略9,3028,79.80000305175781,bull
2026-05-08,策略9,6757,57.0,bull
2026-05-08,策略9,7712,134.5,bull
2026-05-08,策略9,6174,41.0,bull
2026-05-08,策略9,3055,91.19999694824219,bull
2026-05-08,策略9,3014,135.5,bull
2026-05-08,策略9,1809,36.0,bull
2026-05-08,策略9,2478,78.0999984741211,bull
2026-05-08,策略9,2458,151.5,bull
2026-05-08,策略9,3213,117.5,bull
2026-05-08,策略9,6176,104.5,bull
2026-05-08,策略9,3122,40.20000076293945,bull
2026-05-08,策略9,2428,190.5,bull
2026-05-08,策略9,6695,52.900001525878906,bull
2026-05-08,策略9,3141,55.0,bull
2026-05-08,策略9,3441,42.79999923706055,bull
2026-05-08,策略9,6716,94.69999694824219,bull
2026-05-08,策略9,2881,96.69999694824219,bull
2026-05-08,策略9,6206,119.0,bull
2026-05-08,策略9,3592,258.5,bull
2026-05-08,策略9,2382,340.5,bull
2026-05-08,策略9,2385,134.0,bull
2026-05-08,策略9,5864,34.900001525878906,bull
2026-05-08,策略9,6869,87.30000305175781,bull
2026-05-08,策略9,3033,43.849998474121094,bull
2026-05-08,策略9,4912,94.30000305175781,bull
2026-05-08,策略9,6834,48.099998474121094,bull
2026-05-08,策略9,8033,159.0,bull
2026-05-08,策略9,6166,87.30000305175781,bull
2026-05-08,策略9,7788,176.0,bull
2026-05-08,策略9,3354,35.400001525878906,bull
2026-05-08,策略9,6862,187.0,bull
2026-05-08,策略9,8114,198.5,bull
2026-05-08,策略9,6532,114.0,bull
2026-05-08,策略9,6426,262.0,bull
2026-05-08,策略9,3169,112.5,bull
2026-05-08,策略9,4973,99.5999984741211,bull
2026-05-08,策略9,9958,103.0,bull
2026-05-08,策略9,4772,321.5,bull
2026-05-08,策略9,3624,59.0,bull
2026-05-08,策略9,6919,104.0,bull
2026-05-08,策略9,2491,21.100000381469727,bull
2026-05-08,策略9,5009,36.5,bull
2026-05-08,策略9,6443,39.95000076293945,bull
2026-05-08,策略9,6227,100.5,bull
2026-05-08,策略9,3481,29.399999618530273,bull
2026-05-08,策略9,2363,59.400001525878906,bull
2026-05-08,策略9,2597,156.0,bull
2026-05-08,策略9,6190,79.9000015258789,bull
2026-05-08,策略9,3231,146.5,bull
2026-05-08,策略9,2882,80.0,bull
2026-05-08,策略9,1605,33.75,bull
2026-05-08,策略9,2885,56.5,bull
2026-05-08,策略9,3305,115.0,bull
2026-05-08,策略9,6104,102.0,bull
2026-05-08,策略9,5410,36.70000076293945,bull
2026-05-08,策略9,3702,113.5,bull
2026-05-08,策略9,6753,145.0,bull
2026-05-08,策略9,2606,65.0,bull
2026-05-08,策略9,3048,42.400001525878906,bull
2026-05-08,策略9,0056,44.849998474121094,bull
2026-05-08,策略9,8436,122.0,bull
2026-05-08,策略9,1609,36.04999923706055,bull
2026-05-08,策略9,3545,56.70000076293945,bull
2026-05-08,策略9,00738U,64.55000305175781,bull
2026-05-08,策略9,5607,51.900001525878906,bull
2026-05-08,策略9,6016,21.899999618530273,bull
2026-05-08,策略9,4934,18.5,bull
2026-05-08,策略9,2612,57.900001525878906,bull
2026-05-08,策略9,8926,49.099998474121094,bull
2026-05-08,策略9,4105,75.4000015258789,bull
2026-05-08,策略9,6005,30.549999237060547,bull
2026-05-08,策略9,6432,44.20000076293945,bull
2026-05-08,策略9,2891,56.400001525878906,bull
2026-05-08,策略9,5258,53.29999923706055,bull
2026-05-08,策略9,00929,25.100000381469727,bull
2026-05-08,策略9,00878,27.81999969482422,bull
2026-05-08,策略9,2356,49.54999923706055,bull
2026-05-08,策略9,00895,48.5,bull
2026-05-08,策略9,00708L,98.19999694824219,bull
2026-05-08,策略9,6244,29.700000762939453,bull
2026-05-08,策略9,6994,64.4000015258789,bull
2026-05-08,策略9,6546,70.0,bull
2026-05-08,策略9,2634,50.099998474121094,bull
2026-05-08,策略9,6015,16.149999618530273,bull
2026-05-08,策略9,5530,45.25,bull
2026-05-08,策略9,3717,24.049999237060547,bull
2026-05-08,策略9,5381,24.299999237060547,bull
2026-05-08,策略9,8163,29.75,bull
2026-05-08,策略9,3576,17.450000762939453,bull
2026-05-08,策略9,6499,82.80000305175781,bull
2026-05-08,策略9,3078,57.5,bull
2026-05-08,策略9,00930,21.510000228881836,bull
2026-05-08,策略9,5228,39.95000076293945,bull
2026-05-08,策略9,2027,39.599998474121094,bull
2026-05-08,策略9,00731,75.55000305175781,bull
2026-05-08,策略9,1563,43.900001525878906,bull
2026-05-08,策略9,6282,50.400001525878906,bull
2026-05-08,策略9,00934,25.790000915527344,bull
2026-05-08,策略9,00673R,12.680000305175781,bull
2026-05-08,策略9,3057,21.600000381469727,bull
2026-05-08,策略9,4555,42.650001525878906,bull
2026-05-08,策略9,5371,74.30000305175781,bull
2026-05-08,策略9,2645,164.0,bull
2026-05-08,策略9,00919,25.469999313354492,bull
2026-05-08,策略9,9910,73.80000305175781,bull
2026-05-08,策略9,2258,28.700000762939453,bull
2026-05-08,策略9,5471,45.349998474121094,bull
2026-05-08,策略9,2630,50.400001525878906,bull
2026-05-08,策略9,3615,34.099998474121094,bull
2026-05-08,策略9,2618,35.650001525878906,bull
2026-05-08,策略9,2883,22.899999618530273,bull
2026-05-08,策略9,8112,89.30000305175781,bull
2026-05-08,策略9,6177,46.79999923706055,bull
2026-05-08,策略9,00900,16.920000076293945,bull
2026-05-08,策略9,00918,25.100000381469727,bull
2026-05-08,策略9,00915,26.489999771118164,bull
2026-05-08,策略9,00701,31.610000610351562,bull
2026-05-08,策略9,7402,125.5,bull
2026-05-08,策略9,3025,63.29999923706055,bull
2026-05-08,策略9,2204,54.400001525878906,bull
2026-05-08,策略9,2362,39.900001525878906,bull
2026-05-08,策略9,5388,85.0999984741211,bull
2026-05-08,策略9,2208,21.700000762939453,bull
2026-05-08,策略9,6113,24.549999237060547,bull
2026-05-08,策略9,1524,29.100000381469727,bull
2026-05-08,策略9,00954,18.190000534057617,bull
2026-05-08,策略9,2201,27.75,bull
2026-05-08,策略9,00946,12.890000343322754,bull
2026-05-08,策略9,1608,34.0,bull
2026-05-08,策略9,00951,17.079999923706055,bull
2026-05-08,策略9,00962,13.579999923706055,bull
2026-05-08,策略9,6196,410.0,bull
2026-05-08,策略9,00944,18.600000381469727,bull
2026-05-08,策略9,6962,38.29999923706055,bull
2026-05-08,策略9,2610,18.549999237060547,bull
2026-05-08,策略9,3236,34.0,bull
2026-05-08,策略9,2892,29.5,bull
2026-05-08,策略9,8076,23.399999618530273,bull
2026-05-08,策略9,1810,18.5,bull
2026-05-08,策略9,1307,32.20000076293945,bull
2026-05-08,策略9,00938,21.399999618530273,bull
2026-05-08,策略9,1529,22.899999618530273,bull
2026-05-08,策略9,1618,39.20000076293945,bull
2026-05-08,策略9,5222,139.0,bull
2026-05-08,策略9,00936,19.65999984741211,bull
2026-05-08,策略9,6116,9.199999809265137,bull
2026-05-08,策略9,5302,11.800000190734863,bull
2026-05-08,策略9,2427,21.549999237060547,bull
2026-05-08,策略9,00940,11.149999618530273,bull
2026-05-08,策略9,2103,20.299999237060547,bull
2026-05-08,策略9,00877,37.11000061035156,bull
2026-05-08,策略9,00932,16.700000762939453,bull
2026-05-08,策略9,6285,247.5,bull
2026-05-08,策略9,00713,54.75,bull
2026-05-08,策略9,00635U,49.400001525878906,bull
2026-05-08,策略9,1101,25.0,bull
2026-05-08,策略9,2108,28.5,bull
2026-05-08,策略9,00650L,18.0,bull
2026-05-08,策略9,2646,20.600000381469727,bull
2026-05-08,策略9,009815,11.069999694824219,bull
2026-05-08,策略9,00907,14.890000343322754,bull
2026-05-08,策略9,1584,20.100000381469727,bull
2026-05-08,策略9,9919,14.550000190734863,bull
2026-05-08,策略9,2023,14.399999618530273,bull
2026-05-08,策略9,00949,19.760000228881836,bull
2026-05-08,策略9,8415,34.349998474121094,bull
2026-05-08,策略9,00753L,10.869999885559082,bull
2026-05-08,策略9,1460,7.25,bull
2026-05-08,策略9,009812,12.020000457763672,bull
2026-05-08,策略9,2323,10.550000190734863,bull
2026-05-08,策略9,00956,12.180000305175781,bull
2026-05-08,策略9,00885,19.290000915527344,bull
2026-05-08,策略9,00971,16.510000228881836,bull
2026-05-08,策略9,00882,16.010000228881836,bull
2026-05-08,策略9,00752,24.299999237060547,bull
2026-05-08,策略9,00763U,33.150001525878906,bull
2026-05-08,策略9,5519,33.099998474121094,bull
2026-05-08,策略9,2030,16.399999618530273,bull
2026-05-08,策略9,2371,30.549999237060547,bull
2026-05-08,策略9,6214,125.5,bull
2026-05-08,策略9,009801,11.84000015258789,bull
2026-05-08,策略9,00980T,11.5,bull
2026-05-08,策略9,2889,14.649999618530273,bull
2026-05-08,策略9,2886,40.20000076293945,bull
2026-05-08,策略9,6111,48.45000076293945,bull
2026-05-08,策略9,4952,48.900001525878906,bull
2026-05-08,策略9,9103,4.860000133514404,bull
2026-05-08,策略9,2014,17.850000381469727,bull
2026-05-08,策略9,8213,38.0,bull
2026-05-08,策略9,2211,98.5,bull
2026-05-08,策略10,4123,37.95000076293945,bull
2026-05-08,策略10,8476,17.149999618530273,bull
2026-05-08,策略10,2547,10.300000190734863,bull
2026-05-08,策略10,3056,13.399999618530273,bull
2026-05-08,策略10,1714,9.229999542236328,bull
2026-05-08,策略10,1444,6.0,bull
2026-05-08,策略10,6558,29.25,bull
2026-05-08,策略10,1449,12.949999809265137,bull
2026-05-08,策略10,1442,27.100000381469727,bull
2026-05-08,策略10,9945,23.399999618530273,bull
2026-05-08,策略10,1337,5.010000228881836,bull
2026-05-08,策略10,8048,62.0,bull
2026-05-08,策略10,6163,57.20000076293945,bull
2026-05-08,策略10,1219,13.399999618530273,bull
2026-05-08,策略10,2020,21.950000762939453,bull
2026-05-08,策略10,3058,8.34000015258789,bull
2026-05-08,策略10,6235,43.0,bull
2026-05-08,策略10,4306,13.149999618530273,bull
2026-05-08,策略10,4716,15.0,bull
2026-05-08,策略10,1227,29.049999237060547,bull
2026-05-08,策略10,5515,39.95000076293945,bull
2026-05-08,策略10,1210,52.900001525878906,bull
2026-05-08,策略10,2534,18.75,bull
2026-05-08,策略10,5314,74.0999984741211,bull
2026-05-08,策略10,1532,20.649999618530273,bull
2026-05-08,策略10,2324,29.649999618530273,bull
2026-05-08,策略10,3138,155.0,bull
2026-05-08,策略10,2611,13.399999618530273,bull
2026-05-08,策略10,2022,8.039999961853027,bull
2026-05-08,策略10,1104,28.299999237060547,bull
2026-05-08,策略10,00638R,6.590000152587891,bull
2026-05-08,策略10,1616,22.149999618530273,bull
2026-05-08,策略10,2913,11.25,bull
2026-05-08,策略10,8464,343.0,bull
2026-05-08,策略10,1313,11.100000381469727,bull
2026-05-08,策略10,6167,12.199999809265137,bull
2026-05-08,策略10,2880,33.29999923706055,bull
2026-05-08,策略10,7547,72.9000015258789,bull
2026-05-08,策略10,3607,14.550000190734863,bull
2026-05-08,策略10,5876,38.900001525878906,bull
2026-05-08,策略10,6548,52.599998474121094,bull
2026-05-08,策略10,2905,13.649999618530273,bull
2026-05-08,策略10,2890,31.0,bull
2026-05-08,策略10,6275,53.20000076293945,bull
2026-05-08,策略10,3703,20.700000762939453,bull
2026-05-08,策略10,3323,34.75,bull
2026-05-08,策略10,8422,27.899999618530273,bull
2026-05-08,策略10,2520,30.049999237060547,bull
2026-05-08,策略10,1618,39.20000076293945,bull
2026-05-08,策略10,2427,21.549999237060547,bull
2026-05-08,策略10,2002,18.75,bull
2026-05-08,策略10,9934,9.270000457763672,bull
2026-05-08,策略10,2371,30.549999237060547,bull
2026-05-08,策略10,1723,79.9000015258789,bull
2026-05-08,策略10,2258,28.700000762939453,bull
2026-05-08,策略10,1342,94.19999694824219,bull
2026-05-08,策略10,4968,119.5,bull
2026-05-08,策略10,1229,42.150001525878906,bull
2026-05-08,策略10,2431,10.800000190734863,bull
2026-05-08,策略10,3312,41.75,bull
2026-05-08,策略10,2332,13.949999809265137,bull
2026-05-08,策略10,4952,48.900001525878906,bull
2026-05-08,策略10,3066,18.299999237060547,bull
2026-05-08,策略10,3712,20.649999618530273,bull
2026-05-08,策略10,6994,64.4000015258789,bull
2026-05-08,策略10,3062,26.799999237060547,bull
2026-05-08,策略10,9910,73.80000305175781,bull
2026-05-08,策略10,2889,14.649999618530273,bull
2026-05-08,策略10,00680L,6.929999828338623,bull
2026-05-08,策略10,5243,107.0,bull
2026-05-08,策略10,5302,11.800000190734863,bull
2026-05-08,策略10,2633,26.549999237060547,bull
2026-05-08,策略10,3556,52.599998474121094,bull
2026-05-08,策略10,6962,38.29999923706055,bull
2026-05-08,策略10,5880,23.049999237060547,bull
2026-05-08,策略10,00969B,8.279999732971191,bull
2026-05-08,策略10,5222,139.0,bull
2026-05-08,策略10,3363,810.0,bull
2026-05-08,策略10,6509,44.650001525878906,bull
2026-05-08,策略10,2017,8.84000015258789,bull
2026-05-08,策略10,009820,9.930000305175781,bull
2026-05-08,策略10,00688L,6.920000076293945,bull
2026-05-08,策略10,3217,176.0,bull
2026-05-08,策略10,1810,18.5,bull
2026-05-08,策略10,2527,34.650001525878906,bull
2026-05-08,策略10,2006,67.4000015258789,bull
2026-05-08,策略10,5531,8.470000267028809,bull
2026-05-08,策略10,3413,315.5,bull
2026-05-08,策略10,6231,322.0,bull
2026-05-08,策略10,9103,4.860000133514404,bull
2026-05-08,策略10,3041,24.299999237060547,bull
2026-05-08,策略10,2912,232.0,bull
2026-05-08,策略10,2072,180.5,bull
2026-05-08,策略10,2413,46.099998474121094,bull
2026-05-08,策略10,4772,321.5,bull
2026-05-08,策略10,6462,126.5,bull
2026-05-08,策略10,9919,14.550000190734863,bull
2026-05-08,策略10,1909,9.170000076293945,bull
2026-05-08,策略10,00959B,9.319999694824219,bull
2026-05-08,策略10,8213,38.0,bull
2026-05-08,策略10,2108,28.5,bull
2026-05-08,策略10,7788,176.0,bull
2026-05-08,策略10,6753,145.0,bull
2026-05-08,策略10,4147,49.70000076293945,bull
2026-05-08,策略10,6691,654.0,bull
2026-05-08,策略10,6472,419.0,bull
2026-05-08,策略10,8415,34.349998474121094,bull
2026-05-08,策略10,2884,32.5,bull
2026-05-08,策略10,1584,20.100000381469727,bull
2026-05-08,策略10,8114,198.5,bull
2026-05-08,策略10,1608,34.0,bull
2026-05-08,策略10,4904,95.9000015258789,bull
2026-05-08,策略11,00980T,11.5,bull
2026-05-08,策略11,2472,221.5,bull
2026-05-08,策略11,3026,330.0,bull
2026-05-08,策略11,6727,504.0,bull
2026-05-08,策略11,5464,52.400001525878906,bull
2026-05-08,策略11,4749,1085.0,bull
2026-05-08,策略11,4722,236.5,bull
2026-05-08,策略11,3702,113.5,bull
2026-05-08,策略11,6834,48.099998474121094,bull
2026-05-08,策略11,6532,114.0,bull
2026-05-08,策略11,3441,42.79999923706055,bull
2026-05-08,策略11,00646,72.55000305175781,bull
2026-05-08,策略11,6669,5200.0,bull
2026-05-08,策略11,3450,410.0,bull
2026-05-08,策略11,009803,20.420000076293945,bull
2026-05-08,策略11,6166,87.30000305175781,bull
2026-05-08,策略11,00962,13.579999923706055,bull
2026-05-08,策略11,3526,395.0,bull
2026-05-08,策略11,2376,317.0,bull
2026-05-08,策略11,2881,96.69999694824219,bull
2026-05-08,策略11,6147,198.0,bull
2026-05-08,策略11,2458,151.5,bull
2026-05-08,策略11,8016,273.0,bull
2026-05-08,策略11,2395,476.5,bull
2026-05-08,策略11,5864,34.900001525878906,bull
2026-05-08,策略11,8210,1415.0,bull
2026-05-08,策略11,2108,28.5,bull
2026-05-08,策略11,2327,389.0,bull
2026-05-08,策略11,3717,24.049999237060547,bull
2026-05-08,策略11,00633L,52.099998474121094,bull
2026-05-08,策略12,2616,14.0,bull
2026-05-08,策略12,1447,4.949999809265137,bull
2026-05-08,策略12,1604,22.75,bull
2026-05-08,策略12,2547,10.300000190734863,bull
2026-05-08,策略12,6167,12.199999809265137,bull
2026-05-08,策略12,00671R,2.5199999809265137,bull
2026-05-08,策略12,1444,6.0,bull
2026-05-08,策略12,3056,13.399999618530273,bull
2026-05-08,策略12,6901,13.0,bull
2026-05-08,策略12,2611,13.399999618530273,bull
2026-05-08,策略12,4306,13.149999618530273,bull
2026-05-08,策略12,2020,21.950000762939453,bull
2026-05-08,策略12,1337,5.010000228881836,bull
2026-05-08,策略12,1312,11.600000381469727,bull
2026-05-08,策略12,2022,8.039999961853027,bull
2026-05-08,策略12,2913,11.25,bull
2026-05-08,策略12,4909,54.79999923706055,bull
2026-05-08,策略12,1434,15.850000381469727,bull
2026-05-08,策略12,9945,23.399999618530273,bull
2026-05-08,策略12,2607,47.900001525878906,bull
2026-05-08,策略12,1308,13.399999618530273,bull
2026-05-08,策略12,6589,45.349998474121094,bull
2026-05-08,策略12,7822,1260.0,bull
2026-05-08,策略12,1305,12.75,bull
2026-05-08,策略12,1449,12.949999809265137,bull
2026-05-08,策略12,2836,11.899999618530273,bull
2026-05-08,策略12,1304,12.699999809265137,bull
2026-05-08,策略12,6640,1395.0,bull
2026-05-08,策略12,009817,9.25,bull
2026-05-08,策略12,1808,28.450000762939453,bull
2026-05-08,策略12,2889,14.649999618530273,bull
2026-05-08,策略12,5876,38.900001525878906,bull
2026-05-08,策略12,4534,23.950000762939453,bull
2026-05-08,策略12,00986D,14.739999771118164,bull
2026-05-08,策略12,2527,34.650001525878906,bull
2026-05-08,策略12,5515,39.95000076293945,bull
2026-05-08,策略12,1309,16.850000381469727,bull
2026-05-08,策略12,1714,9.229999542236328,bull
2026-05-08,策略12,00967B,9.100000381469727,bull
2026-05-08,策略12,00746B,35.279998779296875,bull
2026-05-08,策略12,00722B,35.63999938964844,bull
2026-05-08,策略12,00772B,33.56999969482422,bull
2026-05-08,策略12,5457,36.25,bull
2026-05-08,策略12,00931B,13.380000114440918,bull
2026-05-08,策略12,2014,17.850000381469727,bull
2026-05-08,策略12,00957B,13.390000343322754,bull
2026-05-08,策略12,2501,23.0,bull
2026-05-08,策略12,1709,18.649999618530273,bull
2026-05-08,策略12,00795B,26.979999542236328,bull
2026-05-08,策略12,00696B,28.81999969482422,bull
2026-05-08,策略12,00764B,27.75,bull
2026-05-08,策略12,00725B,34.790000915527344,bull
2026-05-08,策略12,00720B,32.720001220703125,bull
2026-05-08,策略12,00969B,8.279999732971191,bull
2026-05-08,策略12,00959B,9.319999694824219,bull
2026-05-08,策略12,00680L,6.929999828338623,bull
2026-05-08,策略12,00740B,38.47999954223633,bull
2026-05-08,策略12,00688L,6.920000076293945,bull
2026-05-08,策略12,1402,26.100000381469727,bull
2026-05-08,策略12,4714,14.75,bull
2026-05-08,策略12,00998A,15.739999771118164,bull
2026-05-08,策略12,1806,8.25,bull
2026-05-08,策略12,2537,10.25,bull
2026-05-08,策略12,00773B,35.72999954223633,bull
2026-05-08,策略12,2867,7.829999923706055,bull
2026-05-08,策略12,3008,2570.0,bull
2026-05-08,策略12,00958B,9.239999771118164,bull
2026-05-08,策略12,2204,54.400001525878906,bull
2026-05-08,策略12,2355,51.79999923706055,bull
2026-05-08,策略12,00956,12.180000305175781,bull
2026-05-08,策略12,1409,16.799999237060547,bull
2026-05-08,策略12,5519,33.099998474121094,bull
2026-05-08,策略12,2441,90.5,bull
2026-05-08,策略12,00693U,22.079999923706055,bull
2026-05-08,策略12,6913,129.5,bull
2026-05-08,策略13,3581,235.0,bull
2026-05-08,策略13,6861,376.0,bull
2026-05-08,策略13,4764,340.0,bull
2026-05-08,策略13,3229,40.75,bull
2026-05-08,策略13,3016,117.0,bull
2026-05-08,策略13,6658,160.5,bull
2026-05-08,策略13,6147,198.0,bull
2026-05-08,策略13,6224,78.69999694824219,bull
2026-05-08,策略13,3443,5210.0,bull
2026-05-08,策略13,4908,229.5,bull
2026-05-08,策略13,1597,173.0,bull
2026-05-08,策略13,4960,39.349998474121094,bull
2026-05-08,策略13,5464,52.400001525878906,bull
2026-05-08,策略13,3026,330.0,bull
2026-05-08,策略13,7750,2545.0,bull
2026-05-08,策略13,6174,41.0,bull
2026-05-08,策略13,6789,603.0,bull
2026-05-08,策略13,7610,792.0,bull
2026-05-08,策略13,6274,1370.0,bull
2026-05-08,策略13,4951,124.0,bull
2026-05-08,策略13,6182,56.900001525878906,bull
2026-05-08,策略13,3532,257.5,bull
2026-05-08,策略13,3661,4890.0,bull
2026-05-08,策略13,7711,467.0,bull
2026-05-08,策略13,2486,281.5,bull
2026-05-08,策略13,8210,1415.0,bull
2026-05-08,策略13,3122,40.20000076293945,bull
2026-05-08,策略13,4540,68.5999984741211,bull
2026-05-08,策略13,3388,109.5,bull
2026-05-08,策略13,4561,51.400001525878906,bull
2026-05-08,策略13,5228,39.95000076293945,bull
2026-05-08,策略13,6526,753.0,bull
2026-05-08,策略13,1721,28.5,bull
2026-05-08,策略13,1711,57.5,bull
2026-05-08,策略13,2351,183.0,bull
2026-05-08,策略13,8150,92.69999694824219,bull
2026-05-08,策略13,4958,401.0,bull
2026-05-08,策略13,3055,91.19999694824219,bull
2026-05-08,策略13,3529,4335.0,bull
2026-05-08,策略13,6415,425.5,bull
2026-05-08,策略13,8299,2430.0,bull
2026-05-08,策略13,5864,34.900001525878906,bull
2026-05-08,策略13,2342,43.79999923706055,bull
2026-05-08,策略13,2383,4750.0,bull
2026-05-08,策略13,6532,114.0,bull
2026-05-08,策略13,6426,262.0,bull
2026-05-08,策略13,3088,124.5,bull
2026-05-08,策略13,6669,5200.0,bull
2026-05-08,策略13,5289,1600.0,bull
2026-05-08,策略13,3526,395.0,bull
2026-05-08,策略13,6166,87.30000305175781,bull
2026-05-08,策略13,6834,48.099998474121094,bull
2026-05-08,策略13,6823,88.69999694824219,bull
2026-05-08,策略13,00663L,93.1500015258789,bull
2026-05-08,策略13,3354,35.400001525878906,bull
2026-05-08,策略13,00675L,282.1000061035156,bull
2026-05-08,策略13,3024,14.25,bull
2026-05-08,策略13,3450,410.0,bull
2026-05-08,策略13,4973,99.5999984741211,bull
2026-05-08,策略13,3455,260.0,bull
2026-05-08,策略13,2491,21.100000381469727,bull
2026-05-08,策略13,2345,2375.0,bull
2026-05-08,策略13,1590,1505.0,bull
2026-05-08,策略13,8182,39.5,bull
2026-05-08,策略13,1809,36.0,bull
2026-05-08,策略13,2327,389.0,bull
2026-05-08,策略13,6695,52.900001525878906,bull
2026-05-08,策略13,2395,476.5,bull
2026-05-08,策略13,3057,21.600000381469727,bull
2026-05-08,策略13,7769,5800.0,bull
2026-05-08,策略13,3528,91.0,bull
2026-05-08,策略13,4967,298.0,bull
2026-05-08,策略13,6432,44.20000076293945,bull
2026-05-08,策略13,3162,91.0999984741211,bull
2026-05-08,策略13,8016,273.0,bull
2026-05-08,策略13,8289,48.79999923706055,bull
2026-05-08,策略13,4956,49.0,bull
2026-05-08,策略13,2451,312.5,bull
2026-05-08,策略13,6716,94.69999694824219,bull
2026-05-08,策略13,4722,236.5,bull
2026-05-08,策略13,2308,2200.0,bull
2026-05-08,策略13,2408,274.0,bull
2026-05-08,策略13,6533,238.5,bull
2026-05-08,策略13,1591,64.5,bull
2026-05-08,策略13,00735,95.30000305175781,bull
2026-05-08,策略13,3033,43.849998474121094,bull
2026-05-08,策略13,3028,79.80000305175781,bull
2026-05-08,策略13,6108,21.799999237060547,bull
2026-05-08,策略13,6435,210.5,bull
2026-05-08,策略13,6679,331.0,bull
2026-05-08,策略13,5483,149.0,bull
2026-05-08,策略13,3711,516.0,bull
2026-05-08,策略13,00670L,197.85000610351562,bull
2026-05-08,策略13,6756,92.80000305175781,bull
2026-05-08,策略13,00928,35.06999969482422,bull
2026-05-08,策略14,7711,467.0,bull
2026-05-08,策略14,6182,56.900001525878906,bull
2026-05-08,策略15,6176,104.5,bull
2026-05-08,策略15,6761,206.0,bull
2026-05-08,策略15,7402,125.5,bull
2026-05-08,策略15,3323,34.75,bull
2026-05-08,策略15,2072,180.5,bull
2026-05-08,策略16,6150,70.9000015258789,bull
2026-05-08,策略16,5607,51.900001525878906,bull
2026-05-08,策略16,2491,21.100000381469727,bull
2026-05-08,策略16,3354,35.400001525878906,bull
2026-05-08,策略16,3624,59.0,bull
2026-05-08,策略16,6446,724.0,bull
2026-05-08,策略16,3717,24.049999237060547,bull
2026-05-08,策略16,8926,49.099998474121094,bull
2026-05-08,策略16,6116,9.199999809265137,bull
2026-05-08,策略16,3090,113.5,bull
2026-05-08,策略16,5388,85.0999984741211,bull
2026-05-08,策略16,6862,187.0,bull
2026-05-08,策略16,1809,36.0,bull
2026-05-08,策略16,5009,36.5,bull
2026-05-08,策略16,2645,164.0,bull
2026-05-08,策略16,8454,196.0,bull
2026-05-08,策略16,3236,34.0,bull
2026-05-08,策略16,2208,21.700000762939453,bull
2026-05-08,策略16,2492,156.0,bull
2026-05-08,策略16,6449,183.0,bull
2026-05-08,策略16,6509,44.650001525878906,bull
2026-05-08,策略16,6753,145.0,bull
2026-05-08,策略16,3048,42.400001525878906,bull
2026-05-08,策略16,8033,159.0,bull
2026-05-08,策略16,3481,29.399999618530273,bull
2026-05-08,策略16,1810,18.5,bull
2026-05-08,策略16,2630,50.400001525878906,bull
2026-05-08,策略16,6244,29.700000762939453,bull
2026-05-08,策略16,4934,18.5,bull
2026-05-08,策略17,2881,96.69999694824219,bull
2026-05-08,策略17,00949,19.760000228881836,bull
2026-05-08,策略17,6015,16.149999618530273,bull
2026-05-08,策略17,6414,346.5,bull
2026-05-08,策略17,2395,476.5,bull
2026-05-08,策略17,3213,117.5,bull
2026-05-08,策略17,5864,34.900001525878906,bull
2026-05-08,策略17,8163,29.75,bull
2026-05-08,策略17,2357,650.0,bull
2026-05-08,策略17,00980T,11.5,bull
2026-05-08,策略17,2376,317.0,bull
2026-05-08,策略17,6446,724.0,bull
2026-05-08,策略17,2458,151.5,bull
2026-05-08,策略17,6150,70.9000015258789,bull
2026-05-08,策略17,6151,37.04999923706055,bull
2026-05-08,策略17,6291,468.0,bull
2026-05-08,策略17,6182,56.900001525878906,bull
2026-05-08,策略17,1809,36.0,bull
2026-05-08,策略19,2491,21.100000381469727,bull
2026-05-08,策略19,3354,35.400001525878906,bull
2026-05-08,策略19,3236,34.0,bull
2026-05-08,策略19,1809,36.0,bull
2026-05-08,策略19,3014,135.5,bull
2026-05-08,策略19,6173,122.0,bull
2026-05-08,策略19,3466,41.099998474121094,bull
2026-05-08,策略19,5291,70.4000015258789,bull
2026-05-08,策略19,8926,49.099998474121094,bull
2026-05-08,策略19,6695,52.900001525878906,bull
2026-05-08,策略19,4906,40.0,bull
2026-05-08,策略19,6206,119.0,bull
2026-05-08,策略19,5388,85.0999984741211,bull
2026-05-08,策略19,2428,190.5,bull
2026-05-08,策略19,3048,42.400001525878906,bull
2026-05-08,策略19,2305,17.799999237060547,bull
2026-05-08,策略19,2376,317.0,bull
2026-05-08,策略19,6753,145.0,bull
2026-05-08,策略19,6509,44.650001525878906,bull
2026-05-08,策略19,3416,175.5,bull
2026-05-08,策略19,6727,504.0,bull
2026-05-08,策略19,2497,60.70000076293945,bull
2026-05-08,策略19,6449,183.0,bull
2026-05-08,策略19,6165,52.0,bull
2026-05-08,策略19,2103,20.299999237060547,bull
2026-05-08,策略19,6166,87.30000305175781,bull
2026-05-08,策略19,8033,159.0,bull
2026-05-08,策略19,5236,168.5,bull
2026-05-08,策略19,7712,134.5,bull
2026-05-08,策略19,6613,245.5,bull
2026-05-08,策略19,2327,389.0,bull
2026-05-08,策略19,4973,99.5999984741211,bull
2026-05-08,策略19,8114,198.5,bull
2026-05-08,策略19,2472,221.5,bull
2026-05-08,策略19,2357,650.0,bull
2026-05-08,策略19,3450,410.0,bull
2026-05-08,策略19,7788,176.0,bull
2026-05-08,策略19,6196,410.0,bull
2026-05-08,策略19,00915,26.489999771118164,bull
2026-05-08,策略19,2458,151.5,bull
2026-05-08,策略19,2451,312.5,bull
2026-05-08,策略19,4749,1085.0,bull
2026-05-08,策略19,3592,258.5,bull
2026-05-08,策略19,6127,48.04999923706055,bull
2026-05-08,策略19,2393,73.69999694824219,bull
2026-05-08,策略19,3026,330.0,bull
2026-05-08,策略19,00932,16.700000762939453,bull
2026-05-08,策略19,2363,59.400001525878906,bull
2026-05-08,策略19,4966,669.0,bull
2026-05-08,策略19,6259,22.549999237060547,bull
2026-05-08,策略19,3702,113.5,bull
2026-05-08,策略19,2108,28.5,bull
2026-05-08,策略19,6432,44.20000076293945,bull
2026-05-08,策略19,6151,37.04999923706055,bull
2026-05-08,策略19,2027,39.599998474121094,bull
2026-05-08,策略19,4904,95.9000015258789,bull
2026-05-08,策略19,2891,56.400001525878906,bull
2026-05-08,策略19,6716,94.69999694824219,bull
2026-05-08,策略19,5228,39.95000076293945,bull
2026-05-08,策略19,6426,262.0,bull
2026-05-08,策略19,2882,80.0,bull
2026-05-08,策略20,3466,41.099998474121094,bull
2026-05-08,策略20,8926,49.099998474121094,bull
2026-05-08,策略20,6265,44.150001525878906,bull
2026-05-08,策略20,8112,89.30000305175781,bull
2026-05-08,策略20,3231,146.5,bull
2026-05-08,策略20,6693,149.0,bull
2026-05-08,策略20,6869,87.30000305175781,bull
2026-05-08,策略20,5388,85.0999984741211,bull
2026-05-08,策略20,3025,63.29999923706055,bull
2026-05-08,策略20,3305,115.0,bull
2026-05-08,策略20,6227,100.5,bull
2026-05-08,策略20,6613,245.5,bull
2026-05-08,策略20,6446,724.0,bull
2026-05-08,策略20,6113,24.549999237060547,bull
2026-05-08,策略20,6125,59.099998474121094,bull
2026-05-08,策略20,2356,49.54999923706055,bull
2026-05-08,策略20,6291,468.0,bull
2026-05-08,策略20,3706,86.19999694824219,bull
2026-05-08,策略20,5236,168.5,bull
2026-05-08,策略20,5269,1410.0,bull
2026-05-08,策略20,6223,5025.0,bull
2026-05-08,策略20,6259,22.549999237060547,bull
2026-05-08,策略20,4931,170.0,bull
2026-05-08,策略20,1503,202.5,bull
2026-05-08,策略20,6214,125.5,bull
2026-05-08,策略20,1560,572.0,bull
2026-05-08,策略25,00915,26.489999771118164,bull
2026-05-08,策略25,00932,16.700000762939453,bull
2026-05-08,策略25,00882,16.010000228881836,bull
2026-05-08,策略25,009812,12.020000457763672,bull
2026-05-08,策略25,2356,49.54999923706055,bull
2026-05-08,策略25,1460,7.25,bull
2026-05-08,策略25,2458,151.5,bull
2026-05-08,策略25,5490,28.100000381469727,bull
2026-05-08,策略25,3533,2700.0,bull
2026-05-08,策略25,2645,164.0,bull
2026-05-08,策略25,00738U,64.55000305175781,bull
2026-05-08,策略25,3006,202.0,bull
2026-05-08,策略25,2883,22.899999618530273,bull
2026-05-08,策略25,2376,317.0,bull
2026-05-08,策略25,3023,302.5,bull
2026-05-08,策略25,6869,87.30000305175781,bull
2026-05-08,策略25,2208,21.700000762939453,bull
2026-05-08,策略25,00633L,52.099998474121094,bull
2026-05-08,策略25,2359,119.5,bull
2026-05-08,策略25,00655L,36.290000915527344,bull
2026-05-08,策略25,3498,93.5,bull
2026-05-08,策略25,6165,52.0,bull
2026-05-08,策略25,6446,724.0,bull
2026-05-08,策略25,6227,100.5,bull
2026-05-08,策略25,3550,21.350000381469727,bull
2026-05-08,策略25,8114,198.5,bull
2026-05-08,策略25,7788,176.0,bull
2026-05-08,策略25,8374,88.5999984741211,bull
2026-05-08,策略25,2362,39.900001525878906,bull
2026-05-08,策略25,2357,650.0,bull
2026-05-08,策略25,2497,60.70000076293945,bull
2026-05-08,策略25,2472,221.5,bull
2026-05-08,策略25,00949,19.760000228881836,bull
2026-05-08,策略25,00960,17.559999465942383,bull
2026-05-08,策略25,00909,47.52000045776367,bull
2026-05-08,策略25,00763U,33.150001525878906,bull
2026-05-08,策略25,00733,65.05000305175781,bull
2026-05-08,策略25,00713,54.75,bull
2026-05-08,策略25,00885,19.290000915527344,bull
2026-05-08,策略25,00965,26.0,bull
2026-05-08,策略25,6189,49.0,bull
2026-05-08,策略25,2393,73.69999694824219,bull
2026-05-08,策略25,2637,74.5999984741211,bull
2026-05-08,策略25,4973,99.5999984741211,bull
2026-05-08,策略25,6449,183.0,bull
2026-05-08,策略25,3680,560.0,bull
2026-05-08,策略25,5388,85.0999984741211,bull
2026-05-08,策略25,2426,67.5,bull
2026-05-08,策略25,2363,59.400001525878906,bull
2026-05-08,策略25,2360,2230.0,bull
2026-05-08,策略25,2345,2375.0,bull
2026-05-08,策略25,1560,572.0,bull
2026-05-08,策略25,00986A,14.1899995803833,bull
2026-05-08,策略25,2344,107.0,bull
2026-05-08,策略25,6823,88.69999694824219,bull
2026-05-08,策略25,6244,29.700000762939453,bull
2026-05-08,策略25,2388,71.4000015258789,bull
2026-05-08,策略25,2428,190.5,bull
2026-05-08,策略25,00636,28.420000076293945,bull
2026-05-08,策略25,00731,75.55000305175781,bull
2026-05-08,策略25,2230,33.849998474121094,bull
2026-05-08,策略25,6291,468.0,bull
2026-05-08,策略25,2401,25.299999237060547,bull
2026-05-08,策略25,00902,17.260000228881836,bull
2026-05-08,策略25,1609,36.04999923706055,bull
2026-05-08,策略25,2406,33.0,bull
2026-05-08,策略25,2352,24.850000381469727,bull
2026-05-08,策略25,3022,73.69999694824219,bull
2026-05-08,策略25,4746,54.29999923706055,bull
2026-05-08,策略25,4510,47.0,bull
2026-05-08,策略25,3663,72.0999984741211,bull
2026-05-08,策略25,2408,274.0,bull
2026-05-08,策略25,2327,389.0,bull
2026-05-08,策略25,2606,65.0,bull
2026-05-08,策略25,2892,29.5,bull
2026-05-08,策略25,2375,90.4000015258789,bull
2026-05-08,策略25,2108,28.5,bull
2026-05-08,策略25,7712,134.5,bull
2026-05-08,策略25,8096,95.9000015258789,bull
2026-05-08,策略25,6197,218.5,bull
2026-05-08,策略25,6257,211.0,bull
2026-05-08,策略25,2303,91.30000305175781,bull
2026-05-08,策略25,009805,16.799999237060547,bull
2026-05-08,策略25,2103,20.299999237060547,bull
2026-05-08,策略25,3706,86.19999694824219,bull
2026-05-08,策略25,2049,319.5,bull
2026-05-08,策略25,00706L,19.889999389648438,bull
2026-05-08,策略25,6166,87.30000305175781,bull
2026-05-08,策略25,2491,21.100000381469727,bull
2026-05-08,策略25,00984A,14.710000038146973,bull
2026-05-08,策略25,1809,36.0,bull
2026-05-08,策略25,2440,16.75,bull
2026-05-08,策略25,6691,654.0,bull
2026-05-08,策略25,5236,168.5,bull
2026-05-08,策略25,3231,146.5,bull
2026-05-08,策略25,6125,59.099998474121094,bull
2026-05-08,策略25,5302,11.800000190734863,bull
2026-05-08,策略25,4540,68.5999984741211,bull
2026-05-08,策略25,6108,21.799999237060547,bull
2026-05-08,策略25,6224,78.69999694824219,bull
2026-05-08,策略25,1563,43.900001525878906,bull
2026-05-08,策略25,2382,340.5,bull
2026-05-08,策略25,2338,51.5,bull
2026-05-08,策略25,6719,187.0,bull
2026-05-08,策略25,8150,92.69999694824219,bull
2026-05-08,策略25,4556,42.29999923706055,bull
2026-05-08,策略25,3450,410.0,bull
2026-05-08,策略25,3437,25.850000381469727,bull
2026-05-08,策略25,3265,179.0,bull
2026-05-08,策略25,6265,44.150001525878906,bull
2026-05-08,策略25,00715L,58.150001525878906,bull
2026-05-08,策略25,00642U,28.90999984741211,bull
2026-05-08,策略25,2302,19.549999237060547,bull
2026-05-08,策略25,1536,53.70000076293945,bull
2026-05-08,策略25,2258,28.700000762939453,bull
2026-05-08,策略25,00998A,15.739999771118164,bull
2026-05-08,策略25,3416,175.5,bull
2026-05-08,策略25,3312,41.75,bull
2026-05-08,策略25,3209,55.0,bull
2026-05-08,策略25,3229,40.75,bull
2026-05-08,策略25,3035,178.0,bull
2026-05-08,策略25,3014,135.5,bull
2026-05-08,策略25,3003,55.79999923706055,bull
2026-05-08,策略25,2630,50.400001525878906,bull
2026-05-08,策略25,2072,180.5,bull
2026-05-08,策略25,3529,4335.0,bull
2026-05-08,策略25,4571,190.0,bull
2026-05-08,策略25,3490,30.950000762939453,bull
2026-05-08,策略25,4576,228.0,bull
2026-05-08,策略25,3665,2750.0,bull
2026-05-08,策略25,4585,329.5,bull
2026-05-08,策略25,4931,170.0,bull
2026-05-08,策略25,6151,37.04999923706055,bull
2026-05-08,策略25,6116,9.199999809265137,bull
2026-05-08,策略25,6113,24.549999237060547,bull
2026-05-08,策略25,5607,51.900001525878906,bull
2026-05-08,策略25,4908,229.5,bull
2026-05-08,策略25,4720,26.049999237060547,bull
2026-05-08,策略25,6643,621.0,bull
2026-05-08,策略25,6223,5025.0,bull
2026-05-08,策略25,6903,422.0,bull
2026-05-08,策略25,6944,964.0,bull
2026-05-08,策略25,6727,504.0,bull
2026-05-08,策略25,6902,103.0,bull
2026-05-08,策略25,8163,29.75,bull
2026-05-08,策略25,8213,38.0,bull
2026-05-08,策略25,8438,89.80000305175781,bull
2026-05-08,策略25,9933,36.79999923706055,bull
2026-05-08,策略28,4931,170.0,bull
2026-05-08,策略28,6669,5200.0,bull
2026-05-08,策略28,6781,1230.0,bull
2026-05-08,策略28,5269,1410.0,bull
2026-05-08,策略28,8114,198.5,bull
2026-05-08,策略28,3592,258.5,bull
2026-05-08,策略29,3026,330.0,bull
2026-05-08,策略29,6526,753.0,bull
2026-05-08,策略29,6834,48.099998474121094,bull
2026-05-08,策略29,6695,52.900001525878906,bull
2026-05-08,策略29,5410,36.70000076293945,bull
2026-05-08,策略29,2472,221.5,bull
2026-05-08,策略29,2491,21.100000381469727,bull
2026-05-08,策略29,3034,498.0,bull
2026-05-08,策略29,8016,273.0,bull
2026-05-08,策略29,3213,117.5,bull
2026-05-08,策略29,1809,36.0,bull
2026-05-08,策略29,2376,317.0,bull
2026-05-08,策略29,4722,236.5,bull
2026-05-08,策略29,6727,504.0,bull
2026-05-08,策略29,3416,175.5,bull
2026-05-08,策略29,3055,91.19999694824219,bull
2026-05-08,策略29,6532,114.0,bull
2026-05-08,策略29,3450,410.0,bull
2026-05-08,策略29,2357,650.0,bull
2026-05-08,策略29,6669,5200.0,bull
2026-05-08,策略29,3014,135.5,bull
2026-05-08,策略29,4749,1085.0,bull
2026-05-08,策略29,8926,49.099998474121094,bull
2026-05-08,策略29,7712,134.5,bull
2026-05-08,策略29,6196,410.0,bull
2026-05-08,策略29,4966,669.0,bull
2026-05-08,策略29,2428,190.5,bull
2026-05-08,策略29,5009,36.5,bull
2026-05-08,策略29,6449,183.0,bull
2026-05-08,策略29,4973,99.5999984741211,bull
2026-05-08,策略29,8114,198.5,bull
2026-05-08,策略29,5258,53.29999923706055,bull
2026-05-08,策略29,8163,29.75,bull
2026-05-08,策略29,8454,196.0,bull
2026-05-08,策略29,2108,28.5,bull
2026-05-08,策略29,3592,258.5,bull
2026-05-08,策略29,3545,56.70000076293945,bull
2026-05-08,策略31,3026,330.0,bull
2026-05-08,策略31,3019,144.0,bull
2026-05-08,策略38,6727,504.0,bull
2026-05-08,策略38,3450,410.0,bull
2026-05-08,策略38,4973,99.5999984741211,bull
2026-05-08,策略38,7712,134.5,bull
2026-05-08,策略38,4966,669.0,bull
2026-05-08,策略38,8069,162.0,bull
2026-05-08,策略38,6426,262.0,bull
2026-05-08,策略38,6166,87.30000305175781,bull
2026-05-08,策略38,3624,59.0,bull
2026-05-08,策略38,2376,317.0,bull
2026-05-08,策略38,3236,34.0,bull
2026-05-08,策略38,2363,59.400001525878906,bull
2026-05-08,策略38,6432,44.20000076293945,bull
2026-05-08,策略38,5009,36.5,bull
2026-05-08,策略38,6449,183.0,bull
2026-05-08,策略38,3545,56.70000076293945,bull
2026-05-08,策略38,6962,38.29999923706055,bull
2026-05-08,策略38,5258,53.29999923706055,bull
2026-05-08,策略38,1609,36.04999923706055,bull
2026-05-08,策略38,8114,198.5,bull
2026-05-08,策略38,8163,29.75,bull
2026-05-08,策略38,5388,85.0999984741211,bull
2026-05-08,策略38,6138,260.5,bull
2026-05-08,策略38,8926,49.099998474121094,bull
2026-05-08,策略38,8033,159.0,bull
2026-05-08,策略38,3592,258.5,bull
2026-05-08,策略38,2208,21.700000762939453,bull
2026-05-08,策略38,2428,190.5,bull
2026-05-08,策略38,2645,164.0,bull
2026-05-08,策略38,1503,202.5,bull
2026-05-08,策略38,6753,145.0,bull
2026-05-08,策略38,2103,20.299999237060547,bull
2026-05-08,策略38,7402,125.5,bull
2026-05-08,策略38,4772,321.5,bull
2026-05-08,策略38,2393,73.69999694824219,bull
2026-05-08,策略39,3481,29.399999618530273,bull
2026-05-08,策略39,2883,22.899999618530273,bull
2026-05-08,策略39,6285,247.5,bull
2026-05-08,策略39,2327,389.0,bull
2026-05-08,策略39,6244,29.700000762939453,bull
2026-05-08,策略39,8069,162.0,bull
2026-05-08,策略39,3236,34.0,bull
2026-05-08,策略39,3026,330.0,bull
2026-05-08,策略39,3034,498.0,bull
2026-05-08,策略39,6104,102.0,bull
2026-05-08,策略39,6532,114.0,bull
2026-05-08,策略39,6727,504.0,bull
2026-05-08,策略39,6150,70.9000015258789,bull
2026-05-08,策略39,8454,196.0,bull
2026-05-08,策略39,6526,753.0,bull
2026-05-08,策略39,3213,117.5,bull
2026-05-08,策略39,6291,468.0,bull
2026-05-08,策略39,3592,258.5,bull
2026-05-08,策略39,6679,331.0,bull
2026-05-08,策略39,3533,2700.0,bull
2026-05-08,策略39,4105,75.4000015258789,bull
2026-05-08,策略39,7712,134.5,bull
2026-05-08,策略39,6151,37.04999923706055,bull
2026-05-08,策略39,6716,94.69999694824219,bull
2026-05-08,策略39,6227,100.5,bull
2026-05-08,策略39,6259,22.549999237060547,bull
2026-05-08,策略39,5236,168.5,bull
2026-05-08,策略39,6113,24.549999237060547,bull
2026-05-08,策略39,00928,35.06999969482422,bull
2026-05-08,策略40,3006,202.0,bull
2026-05-08,策略40,2606,65.0,bull
2026-05-08,策略40,3141,55.0,bull
2026-05-08,策略40,3048,42.400001525878906,bull
2026-05-08,策略40,5269,1410.0,bull
2026-05-08,策略40,6695,52.900001525878906,bull
2026-05-08,策略40,2363,59.400001525878906,bull
2026-05-08,策略40,6756,92.80000305175781,bull
2026-05-08,策略40,3169,112.5,bull
2026-05-08,策略40,2362,39.900001525878906,bull
2026-05-08,策略40,2492,156.0,bull
2026-05-08,策略40,6283,25.649999618530273,bull
2026-05-10,策略1,0056,44.849998474121094,bull
2026-05-10,策略1,2881,96.69999694824219,bull
2026-05-10,策略1,2884,32.5,bull
2026-05-10,策略1,2886,40.20000076293945,bull
2026-05-10,策略1,2376,317.0,bull
2026-05-10,策略1,2606,65.0,bull
2026-05-10,策略1,2542,40.0,bull
2026-05-10,策略1,4938,84.4000015258789,bull
2026-05-10,策略1,2395,476.5,bull
2026-05-10,策略1,3034,498.0,bull
2026-05-10,策略1,2351,183.0,bull
2026-05-10,策略1,2458,151.5,bull
2026-05-10,策略1,00882,16.010000228881836,bull
2026-05-10,策略1,2897,10.149999618530273,bull
2026-05-10,策略1,8086,159.5,bull
2026-05-10,策略1,00738U,64.55000305175781,bull
2026-05-10,策略1,2404,1015.0,bull
2026-05-10,策略1,8033,159.0,bull
2026-05-10,策略1,6919,104.0,bull
2026-05-10,策略1,2208,21.700000762939453,bull
2026-05-10,策略1,3227,226.5,bull
2026-05-10,策略1,6414,346.5,bull
2026-05-10,策略1,6446,724.0,bull
2026-05-10,策略1,3026,330.0,bull
2026-05-10,策略1,2912,232.0,bull
2026-05-10,策略1,3035,178.0,bull
2026-05-10,策略1,3014,135.5,bull
2026-05-10,策略1,00733,65.05000305175781,bull
2026-05-10,策略1,3545,56.70000076293945,bull
2026-05-10,策略1,2305,17.799999237060547,bull
2026-05-10,策略1,6206,119.0,bull
2026-05-10,策略1,6532,114.0,bull
2026-05-10,策略1,009811,12.579999923706055,bull
2026-05-10,策略1,8163,29.75,bull
2026-05-10,策略1,8454,196.0,bull
2026-05-10,策略1,6449,183.0,bull
2026-05-10,策略1,3533,2700.0,bull
2026-05-10,策略1,6177,46.79999923706055,bull
2026-05-10,策略1,5607,51.900001525878906,bull
2026-05-10,策略1,00731,75.55000305175781,bull
2026-05-10,策略1,6781,1230.0,bull
2026-05-10,策略1,6134,33.25,bull
2026-05-10,策略1,2302,19.549999237060547,bull
2026-05-10,策略1,3055,91.19999694824219,bull
2026-05-10,策略1,00895,48.5,bull
2026-05-10,策略1,3213,117.5,bull
2026-05-10,策略1,6150,70.9000015258789,bull
2026-05-10,策略1,1590,1505.0,bull
2026-05-10,策略1,5522,70.0,bull
2026-05-10,策略1,2836,11.899999618530273,bull
2026-05-10,策略1,00763U,33.150001525878906,bull
2026-05-10,策略1,6227,100.5,bull
2026-05-10,策略1,00921,21.399999618530273,bull
2026-05-10,策略1,3528,91.0,bull
2026-05-10,策略1,6151,37.04999923706055,bull
2026-05-10,策略1,4566,67.19999694824219,bull
2026-05-10,策略1,009819,10.119999885559082,bull
2026-05-10,策略1,3152,174.0,bull
2026-05-10,策略1,4571,190.0,bull
2026-05-10,策略1,3581,235.0,bull
2026-05-10,策略1,1611,11.899999618530273,bull
2026-05-10,策略1,7750,2545.0,bull
2026-05-10,策略1,6111,48.45000076293945,bull
2026-05-10,策略1,6643,621.0,bull
2026-05-10,策略1,1570,37.5,bull
2026-05-10,策略2,2327,389.0,bull
2026-05-10,策略2,3026,330.0,bull
2026-05-10,策略2,3481,29.399999618530273,bull
2026-05-10,策略2,2618,35.650001525878906,bull
2026-05-10,策略2,8086,159.5,bull
2026-05-10,策略2,3227,226.5,bull
2026-05-10,策略2,8210,1415.0,bull
2026-05-10,策略2,3532,257.5,bull
2026-05-10,策略2,2393,73.69999694824219,bull
2026-05-10,策略2,9910,73.80000305175781,bull
2026-05-10,策略2,6532,114.0,bull
2026-05-10,策略2,1319,80.19999694824219,bull
2026-05-10,策略2,6669,5200.0,bull
2026-05-10,策略2,1477,221.5,bull
2026-05-10,策略2,6526,753.0,bull
2026-05-10,策略2,6134,33.25,bull
2026-05-10,策略2,3034,498.0,bull
2026-05-10,策略2,3213,117.5,bull
2026-05-10,策略2,6150,70.9000015258789,bull
2026-05-10,策略2,3592,258.5,bull
2026-05-10,策略2,2731,159.5,bull
2026-05-10,策略2,8454,196.0,bull
2026-05-10,策略2,6227,100.5,bull
2026-05-10,策略2,6151,37.04999923706055,bull
2026-05-10,策略2,3152,174.0,bull
2026-05-10,策略2,3581,235.0,bull
2026-05-10,策略2,6111,48.45000076293945,bull
2026-05-10,策略2,2395,476.5,bull
2026-05-10,策略2,2371,30.549999237060547,bull
2026-05-10,策略2,6643,621.0,bull
2026-05-10,策略2,1570,37.5,bull
2026-05-10,策略3,3481,29.399999618530273,bull
2026-05-10,策略3,2327,389.0,bull
2026-05-10,策略3,6182,56.900001525878906,bull
2026-05-10,策略3,8069,162.0,bull
2026-05-10,策略3,3034,498.0,bull
2026-05-10,策略3,3227,226.5,bull
2026-05-10,策略3,5309,63.79999923706055,bull
2026-05-10,策略3,6727,504.0,bull
2026-05-10,策略3,6291,468.0,bull
2026-05-10,策略3,6781,1230.0,bull
2026-05-10,策略3,3592,258.5,bull
2026-05-10,策略3,6768,87.5,bull
2026-05-10,策略3,4105,75.4000015258789,bull
2026-05-10,策略3,8255,145.5,bull
2026-05-10,策略3,6679,331.0,bull
2026-05-10,策略3,8390,94.0999984741211,bull
2026-05-10,策略3,3691,135.0,bull
2026-05-10,策略3,6683,2210.0,bull
2026-05-10,策略3,2061,20.600000381469727,bull
2026-05-10,策略4,5464,52.400001525878906,bull
2026-05-10,策略4,5607,51.900001525878906,bull
2026-05-10,策略4,4561,51.400001525878906,bull
2026-05-10,策略4,2491,21.100000381469727,bull
2026-05-10,策略4,6834,48.099998474121094,bull
2026-05-10,策略4,5258,53.29999923706055,bull
2026-05-10,策略4,3441,42.79999923706055,bull
2026-05-10,策略4,4760,287.5,bull
2026-05-10,策略4,3034,498.0,bull
2026-05-10,策略4,6121,390.0,bull
2026-05-10,策略4,8016,273.0,bull
2026-05-10,策略4,8926,49.099998474121094,bull
2026-05-10,策略4,6446,724.0,bull
2026-05-10,策略4,8227,219.0,bull
2026-05-10,策略4,7712,134.5,bull
2026-05-10,策略4,4722,236.5,bull
2026-05-10,策略4,6695,52.900001525878906,bull
2026-05-10,策略4,3528,91.0,bull
2026-05-10,策略4,3213,117.5,bull
2026-05-10,策略4,8454,196.0,bull
2026-05-10,策略4,2208,21.700000762939453,bull
2026-05-10,策略4,2395,476.5,bull
2026-05-10,策略4,5425,73.0,bull
2026-05-10,策略4,5864,34.900001525878906,bull
2026-05-10,策略4,2881,96.69999694824219,bull
2026-05-10,策略4,2458,151.5,bull
2026-05-10,策略4,6716,94.69999694824219,bull
2026-05-10,策略5,1449,12.949999809265137,bull
2026-05-10,策略5,2409,17.850000381469727,bull
2026-05-10,策略5,009817,9.25,bull
2026-05-10,策略5,3062,26.799999237060547,bull
2026-05-10,策略5,5876,38.900001525878906,bull
2026-05-10,策略5,4534,23.950000762939453,bull
2026-05-10,策略5,8464,343.0,bull
2026-05-10,策略5,2527,34.650001525878906,bull
2026-05-10,策略5,5515,39.95000076293945,bull
2026-05-10,策略5,2485,68.5999984741211,bull
2026-05-10,策略5,00985D,10.079999923706055,bull
2026-05-10,策略5,00853B,27.600000381469727,bull
2026-05-10,策略5,1210,52.900001525878906,bull
2026-05-10,策略5,2101,34.5,bull
2026-05-10,策略5,00635U,49.400001525878906,bull
2026-05-10,策略5,3305,115.0,bull
2026-05-10,策略5,1709,18.649999618530273,bull
2026-05-10,策略5,6546,70.0,bull
2026-05-10,策略5,3372,19.75,bull
2026-05-10,策略5,2897,10.149999618530273,bull
2026-05-10,策略5,2867,7.829999923706055,bull
2026-05-10,策略5,1101,25.0,bull
2026-05-10,策略5,1216,73.19999694824219,bull
2026-05-10,策略5,8034,25.350000381469727,bull
2026-05-10,策略5,6509,44.650001525878906,bull
2026-05-10,策略5,1218,19.100000381469727,bull
2026-05-10,策略5,4912,94.30000305175781,bull
2026-05-10,策略5,3717,24.049999237060547,bull
2026-05-10,策略5,6134,33.25,bull
2026-05-10,策略5,2230,33.849998474121094,bull
2026-05-10,策略6,3048,42.400001525878906,bull
2026-05-10,策略6,4760,287.5,bull
2026-05-10,策略6,3026,330.0,bull
2026-05-10,策略6,2458,151.5,bull
2026-05-10,策略6,5607,51.900001525878906,bull
2026-05-10,策略6,6716,94.69999694824219,bull
2026-05-10,策略6,6727,504.0,bull
2026-05-10,策略7,2527,34.650001525878906,bull
2026-05-10,策略7,6199,96.0,bull
2026-05-10,策略7,1591,64.5,bull
2026-05-10,策略7,2542,40.0,bull
2026-05-10,策略7,3054,70.4000015258789,bull
2026-05-10,策略7,7610,792.0,bull
2026-05-10,策略7,3466,41.099998474121094,bull
2026-05-10,策略7,8926,49.099998474121094,bull
2026-05-10,策略7,2408,274.0,bull
2026-05-10,策略7,5386,470.0,bull
2026-05-10,策略7,5905,8.0,bull
2026-05-10,策略7,6265,44.150001525878906,bull
2026-05-10,策略7,5289,1600.0,bull
2026-05-10,策略7,2101,34.5,bull
2026-05-10,策略7,5351,75.0999984741211,bull
2026-05-10,策略7,2451,312.5,bull
2026-05-10,策略7,6903,422.0,bull
2026-05-10,策略7,8271,260.5,bull
2026-05-10,策略7,4772,321.5,bull
2026-05-10,策略7,8054,106.5,bull
2026-05-10,策略7,8299,2430.0,bull
2026-05-10,策略7,7711,467.0,bull
2026-05-10,策略7,2485,68.5999984741211,bull
2026-05-10,策略7,8112,89.30000305175781,bull
2026-05-10,策略7,6994,64.4000015258789,bull
2026-05-10,策略7,2230,33.849998474121094,bull
2026-05-10,策略7,3260,448.5,bull
2026-05-10,策略7,8043,89.80000305175781,bull
2026-05-10,策略7,3691,135.0,bull
2026-05-10,策略7,2406,33.0,bull
2026-05-10,策略7,3498,93.5,bull
2026-05-10,策略7,4768,507.0,bull
2026-05-10,策略7,4934,18.5,bull
2026-05-10,策略7,3167,684.0,bull
2026-05-10,策略7,6588,143.0,bull
2026-05-10,策略7,3135,177.0,bull
2026-05-10,策略7,5302,11.800000190734863,bull
2026-05-10,策略7,3528,91.0,bull
2026-05-10,策略7,3028,79.80000305175781,bull
2026-05-10,策略7,4967,298.0,bull
2026-05-10,策略7,3231,146.5,bull
2026-05-10,策略7,6111,48.45000076293945,bull
2026-05-10,策略7,6691,654.0,bull
2026-05-10,策略7,6531,875.0,bull
2026-05-10,策略7,6693,149.0,bull
2026-05-10,策略7,5475,325.0,bull
2026-05-10,策略7,4739,86.9000015258789,bull
2026-05-10,策略7,5410,36.70000076293945,bull
2026-05-10,策略7,2404,1015.0,bull
2026-05-10,策略7,6462,126.5,bull
2026-05-10,策略7,3057,21.600000381469727,bull
2026-05-10,策略7,6869,87.30000305175781,bull
2026-05-10,策略7,4973,99.5999984741211,bull
2026-05-10,策略7,2337,153.0,bull
2026-05-10,策略7,1785,167.0,bull
2026-05-10,策略7,2374,78.5,bull
2026-05-10,策略7,2344,107.0,bull
2026-05-10,策略7,3081,2620.0,bull
2026-05-10,策略7,2382,340.5,bull
2026-05-10,策略7,5388,85.0999984741211,bull
2026-05-10,策略7,3025,63.29999923706055,bull
2026-05-10,策略7,6229,29.0,bull
2026-05-10,策略7,4541,47.95000076293945,bull
2026-05-10,策略7,7822,1260.0,bull
2026-05-10,策略7,8068,23.25,bull
2026-05-10,策略7,5228,39.95000076293945,bull
2026-05-10,策略7,2467,537.0,bull
2026-05-10,策略7,6209,66.0,bull
2026-05-10,策略7,6442,1965.0,bull
2026-05-10,策略7,4540,68.5999984741211,bull
2026-05-10,策略7,2305,17.799999237060547,bull
2026-05-10,策略7,2376,317.0,bull
2026-05-10,策略7,3229,40.75,bull
2026-05-10,策略7,3305,115.0,bull
2026-05-10,策略7,6274,1370.0,bull
2026-05-10,策略7,4760,287.5,bull
2026-05-10,策略7,6426,262.0,bull
2026-05-10,策略7,6129,16.149999618530273,bull
2026-05-10,策略7,2388,71.4000015258789,bull
2026-05-10,策略7,6163,57.20000076293945,bull
2026-05-10,策略7,2236,135.0,bull
2026-05-10,策略7,6227,100.5,bull
2026-05-10,策略7,2072,180.5,bull
2026-05-10,策略7,6613,245.5,bull
2026-05-10,策略7,6477,35.04999923706055,bull
2026-05-10,策略7,3663,72.0999984741211,bull
2026-05-10,策略7,2347,82.19999694824219,bull
2026-05-10,策略7,6446,724.0,bull
2026-05-10,策略7,6907,129.5,bull
2026-05-10,策略7,2360,2230.0,bull
2026-05-10,策略7,8091,191.0,bull
2026-05-10,策略7,6113,24.549999237060547,bull
2026-05-10,策略7,6658,160.5,bull
2026-05-10,策略7,5439,388.0,bull
2026-05-10,策略7,8383,60.099998474121094,bull
2026-05-10,策略7,3213,117.5,bull
2026-05-10,策略7,2383,4750.0,bull
2026-05-10,策略7,8088,54.0,bull
2026-05-10,策略7,3515,245.5,bull
2026-05-10,策略7,6823,88.69999694824219,bull
2026-05-10,策略7,3339,58.79999923706055,bull
2026-05-10,策略7,8227,219.0,bull
2026-05-10,策略7,5464,52.400001525878906,bull
2026-05-10,策略7,4764,340.0,bull
2026-05-10,策略7,6125,59.099998474121094,bull
2026-05-10,策略7,4576,228.0,bull
2026-05-10,策略7,4543,40.400001525878906,bull
2026-05-10,策略7,7750,2545.0,bull
2026-05-10,策略7,6215,112.0,bull
2026-05-10,策略7,8086,159.5,bull
2026-05-10,策略7,5284,360.0,bull
2026-05-10,策略7,6139,714.0,bull
2026-05-10,策略7,2356,49.54999923706055,bull
2026-05-10,策略7,1522,32.099998474121094,bull
2026-05-10,策略7,6716,94.69999694824219,bull
2026-05-10,策略7,7547,72.9000015258789,bull
2026-05-10,策略7,2317,250.0,bull
2026-05-10,策略7,6683,2210.0,bull
2026-05-10,策略7,2330,2290.0,bull
2026-05-10,策略7,8210,1415.0,bull
2026-05-10,策略7,2345,2375.0,bull
2026-05-10,策略7,8374,88.5999984741211,bull
2026-05-10,策略7,6291,468.0,bull
2026-05-10,策略7,3706,86.19999694824219,bull
2026-05-10,策略7,8358,454.5,bull
2026-05-10,策略7,4949,93.69999694824219,bull
2026-05-10,策略7,3715,180.5,bull
2026-05-10,策略7,3689,126.0,bull
2026-05-10,策略7,5291,70.4000015258789,bull
2026-05-10,策略7,3441,42.79999923706055,bull
2026-05-10,策略7,6112,44.349998474121094,bull
2026-05-10,策略7,5236,168.5,bull
2026-05-10,策略7,1570,37.5,bull
2026-05-10,策略7,5269,1410.0,bull
2026-05-10,策略7,3581,235.0,bull
2026-05-10,策略7,8046,854.0,bull
2026-05-10,策略7,2059,5320.0,bull
2026-05-10,策略7,5607,51.900001525878906,bull
2026-05-10,策略7,6223,5025.0,bull
2026-05-10,策略7,1597,173.0,bull
2026-05-10,策略7,6259,22.549999237060547,bull
2026-05-10,策略7,3491,1655.0,bull
2026-05-10,策略7,4510,47.0,bull
2026-05-10,策略7,4931,170.0,bull
2026-05-10,策略7,6134,33.25,bull
2026-05-10,策略7,1503,202.5,bull
2026-05-10,策略7,6239,222.0,bull
2026-05-10,策略7,8390,94.0999984741211,bull
2026-05-10,策略7,2637,74.5999984741211,bull
2026-05-10,策略7,2605,33.04999923706055,bull
2026-05-10,策略7,3090,113.5,bull
2026-05-10,策略7,2357,650.0,bull
2026-05-10,策略7,3443,5210.0,bull
2026-05-10,策略7,2369,30.700000762939453,bull
2026-05-10,策略7,3481,29.399999618530273,bull
2026-05-10,策略7,2646,20.600000381469727,bull
2026-05-10,策略7,1815,107.0,bull
2026-05-10,策略7,8155,444.0,bull
2026-05-10,策略7,3372,19.75,bull
2026-05-10,策略7,6672,208.0,bull
2026-05-10,策略7,4749,1085.0,bull
2026-05-10,策略7,6834,48.099998474121094,bull
2026-05-10,策略7,4542,196.0,bull
2026-05-10,策略7,8070,48.20000076293945,bull
2026-05-10,策略7,3138,155.0,bull
2026-05-10,策略7,1342,94.19999694824219,bull
2026-05-10,策略7,6283,25.649999618530273,bull
2026-05-10,策略7,6214,125.5,bull
2026-05-10,策略7,1560,572.0,bull
2026-05-10,策略7,6174,41.0,bull
2026-05-10,策略7,3062,26.799999237060547,bull
2026-05-10,策略7,5434,423.0,bull
2026-05-10,策略7,3088,124.5,bull
2026-05-10,策略7,3550,21.350000381469727,bull
2026-05-10,策略7,7721,72.0999984741211,bull
2026-05-10,策略7,8016,273.0,bull
2026-05-10,策略7,4533,30.5,bull
2026-05-10,策略7,6166,87.30000305175781,bull
2026-05-10,策略7,3702,113.5,bull
2026-05-10,策略7,1711,57.5,bull
2026-05-10,策略7,3694,60.0,bull
2026-05-10,策略7,1568,28.899999618530273,bull
2026-05-10,策略7,6757,57.0,bull
2026-05-10,策略7,3413,315.5,bull
2026-05-10,策略7,3048,42.400001525878906,bull
2026-05-10,策略7,3467,72.0,bull
2026-05-10,策略7,3388,109.5,bull
2026-05-10,策略7,3003,55.79999923706055,bull
2026-05-10,策略7,6510,3580.0,bull
2026-05-10,策略7,3704,35.29999923706055,bull
2026-05-10,策略7,2027,39.599998474121094,bull
2026-05-10,策略7,8936,52.0,bull
2026-05-10,策略7,3044,481.0,bull
2026-05-10,策略7,5471,45.349998474121094,bull
2026-05-10,策略7,2108,28.5,bull
2026-05-10,策略7,9958,103.0,bull
2026-05-10,策略7,3163,1010.0,bull
2026-05-10,策略7,3673,59.0,bull
2026-05-10,策略7,2301,204.0,bull
2026-05-10,策略7,3533,2700.0,bull
2026-05-10,策略7,3709,92.9000015258789,bull
2026-05-10,策略7,8150,92.69999694824219,bull
2026-05-10,策略7,3390,27.100000381469727,bull
2026-05-10,策略7,6664,443.0,bull
2026-05-10,策略7,6830,787.0,bull
2026-05-10,策略7,2327,389.0,bull
2026-05-10,策略7,2421,149.0,bull
2026-05-10,策略7,6108,21.799999237060547,bull
2026-05-10,策略7,3665,2750.0,bull
2026-05-10,策略7,2401,25.299999237060547,bull
2026-05-10,策略7,2395,476.5,bull
2026-05-10,策略7,3162,91.0999984741211,bull
2026-05-10,策略7,3587,319.0,bull
2026-05-10,策略7,8163,29.75,bull
2026-05-10,策略7,8438,89.80000305175781,bull
2026-05-10,策略7,8042,84.0999984741211,bull
2026-05-10,策略7,3016,117.0,bull
2026-05-10,策略7,4551,135.0,bull
2026-05-10,策略8,00955,15.59000015258789,bull
2026-05-10,策略8,3122,40.20000076293945,bull
2026-05-10,策略8,6679,331.0,bull
2026-05-10,策略8,6488,802.0,bull
2026-05-10,策略8,6223,5025.0,bull
2026-05-10,策略8,6291,468.0,bull
2026-05-10,策略8,6683,2210.0,bull
2026-05-10,策略8,8299,2430.0,bull
2026-05-10,策略8,3227,226.5,bull
2026-05-10,策略8,3581,235.0,bull
2026-05-10,策略9,2059,5320.0,bull
2026-05-10,策略9,3661,4890.0,bull
2026-05-10,策略9,8299,2430.0,bull
2026-05-10,策略9,6669,5200.0,bull
2026-05-10,策略9,5289,1600.0,bull
2026-05-10,策略9,8210,1415.0,bull
2026-05-10,策略9,6488,802.0,bull
2026-05-10,策略9,6526,753.0,bull
2026-05-10,策略9,6781,1230.0,bull
2026-05-10,策略9,5269,1410.0,bull
2026-05-10,策略9,3526,395.0,bull
2026-05-10,策略9,2395,476.5,bull
2026-05-10,策略9,3532,257.5,bull
2026-05-10,策略9,6446,724.0,bull
2026-05-10,策略9,6409,821.0,bull
2026-05-10,策略9,3034,498.0,bull
2026-05-10,策略9,8227,219.0,bull
2026-05-10,策略9,7610,792.0,bull
2026-05-10,策略9,3026,330.0,bull
2026-05-10,策略9,2327,389.0,bull
2026-05-10,策略9,2451,312.5,bull
2026-05-10,策略9,4749,1085.0,bull
2026-05-10,策略9,3450,410.0,bull
2026-05-10,策略9,4966,669.0,bull
2026-05-10,策略9,3135,177.0,bull
2026-05-10,策略9,2357,650.0,bull
2026-05-10,策略9,4722,236.5,bull
2026-05-10,策略9,8016,273.0,bull
2026-05-10,策略9,2404,1015.0,bull
2026-05-10,策略9,2301,204.0,bull
2026-05-10,策略9,8271,260.5,bull
2026-05-10,策略9,6173,122.0,bull
2026-05-10,策略9,6679,331.0,bull
2026-05-10,策略9,1477,221.5,bull
2026-05-10,策略9,8150,92.69999694824219,bull
2026-05-10,策略9,8042,84.0999984741211,bull
2026-05-10,策略9,6727,504.0,bull
2026-05-10,策略9,2376,317.0,bull
2026-05-10,策略9,8454,196.0,bull
2026-05-10,策略9,3088,124.5,bull
2026-05-10,策略9,6138,260.5,bull
2026-05-10,策略9,3691,135.0,bull
2026-05-10,策略9,00670L,197.85000610351562,bull
2026-05-10,策略9,5464,52.400001525878906,bull
2026-05-10,策略9,2492,156.0,bull
2026-05-10,策略9,2472,221.5,bull
2026-05-10,策略9,6150,70.9000015258789,bull
2026-05-10,策略9,4561,51.400001525878906,bull
2026-05-10,策略9,3227,226.5,bull
2026-05-10,策略9,6182,56.900001525878906,bull
2026-05-10,策略9,2072,180.5,bull
2026-05-10,策略9,8069,162.0,bull
2026-05-10,策略9,1504,72.80000305175781,bull
2026-05-10,策略9,6121,390.0,bull
2026-05-10,策略9,6525,106.5,bull
2026-05-10,策略9,2351,183.0,bull
2026-05-10,策略9,3416,175.5,bull
2026-05-10,策略9,3374,226.5,bull
2026-05-10,策略9,2342,43.79999923706055,bull
2026-05-10,策略9,1503,202.5,bull
2026-05-10,策略9,6449,183.0,bull
2026-05-10,策略9,3528,91.0,bull
2026-05-10,策略9,5425,73.0,bull
2026-05-10,策略9,8086,159.5,bull
2026-05-10,策略9,2230,33.849998474121094,bull
2026-05-10,策略9,6768,87.5,bull
2026-05-10,策略9,4931,170.0,bull
2026-05-10,策略9,3090,113.5,bull
2026-05-10,策略9,8390,94.0999984741211,bull
2026-05-10,策略9,3028,79.80000305175781,bull
2026-05-10,策略9,6757,57.0,bull
2026-05-10,策略9,7712,134.5,bull
2026-05-10,策略9,6174,41.0,bull
2026-05-10,策略9,3055,91.19999694824219,bull
2026-05-10,策略9,3014,135.5,bull
2026-05-10,策略9,3709,92.9000015258789,bull
2026-05-10,策略9,2478,78.0999984741211,bull
2026-05-10,策略9,2458,151.5,bull
2026-05-10,策略9,3213,117.5,bull
2026-05-10,策略9,6176,104.5,bull
2026-05-10,策略9,3122,40.20000076293945,bull
2026-05-10,策略9,2428,190.5,bull
2026-05-10,策略9,6695,52.900001525878906,bull
2026-05-10,策略9,3141,55.0,bull
2026-05-10,策略9,3441,42.79999923706055,bull
2026-05-10,策略9,6716,94.69999694824219,bull
2026-05-10,策略9,2881,96.69999694824219,bull
2026-05-10,策略9,6206,119.0,bull
2026-05-10,策略9,3592,258.5,bull
2026-05-10,策略9,2382,340.5,bull
2026-05-10,策略9,2385,134.0,bull
2026-05-10,策略9,5864,34.900001525878906,bull
2026-05-10,策略9,6869,87.30000305175781,bull
2026-05-10,策略9,3033,43.849998474121094,bull
2026-05-10,策略9,4912,94.30000305175781,bull
2026-05-10,策略9,4760,287.5,bull
2026-05-10,策略9,6834,48.099998474121094,bull
2026-05-10,策略9,8033,159.0,bull
2026-05-10,策略9,6166,87.30000305175781,bull
2026-05-10,策略9,7709,84.19999694824219,bull
2026-05-10,策略9,7788,176.0,bull
2026-05-10,策略9,3354,35.400001525878906,bull
2026-05-10,策略9,3467,72.0,bull
2026-05-10,策略9,6862,187.0,bull
2026-05-10,策略9,3357,187.5,bull
2026-05-10,策略9,8114,198.5,bull
2026-05-10,策略9,6532,114.0,bull
2026-05-10,策略9,6426,262.0,bull
2026-05-10,策略9,3169,112.5,bull
2026-05-10,策略9,4973,99.5999984741211,bull
2026-05-10,策略9,9958,103.0,bull
2026-05-10,策略9,4772,321.5,bull
2026-05-10,策略9,2379,592.0,bull
2026-05-10,策略9,6919,104.0,bull
2026-05-10,策略9,2491,21.100000381469727,bull
2026-05-10,策略9,6443,39.95000076293945,bull
2026-05-10,策略9,6227,100.5,bull
2026-05-10,策略9,3481,29.399999618530273,bull
2026-05-10,策略9,2363,59.400001525878906,bull
2026-05-10,策略9,6190,79.9000015258789,bull
2026-05-10,策略9,3231,146.5,bull
2026-05-10,策略9,4961,170.0,bull
2026-05-10,策略9,2882,80.0,bull
2026-05-10,策略9,6155,53.20000076293945,bull
2026-05-10,策略9,3305,115.0,bull
2026-05-10,策略9,6104,102.0,bull
2026-05-10,策略9,5410,36.70000076293945,bull
2026-05-10,策略9,3702,113.5,bull
2026-05-10,策略9,6753,145.0,bull
2026-05-10,策略9,2606,65.0,bull
2026-05-10,策略9,3048,42.400001525878906,bull
2026-05-10,策略9,0056,44.849998474121094,bull
2026-05-10,策略9,8436,122.0,bull
2026-05-10,策略9,1609,36.04999923706055,bull
2026-05-10,策略9,3545,56.70000076293945,bull
2026-05-10,策略9,00738U,64.55000305175781,bull
2026-05-10,策略9,5607,51.900001525878906,bull
2026-05-10,策略9,4934,18.5,bull
2026-05-10,策略9,2612,57.900001525878906,bull
2026-05-10,策略9,8926,49.099998474121094,bull
2026-05-10,策略9,4105,75.4000015258789,bull
2026-05-10,策略9,6005,30.549999237060547,bull
2026-05-10,策略9,6432,44.20000076293945,bull
2026-05-10,策略9,2891,56.400001525878906,bull
2026-05-10,策略9,5258,53.29999923706055,bull
2026-05-10,策略9,00929,25.100000381469727,bull
2026-05-10,策略9,00878,27.81999969482422,bull
2026-05-10,策略9,2356,49.54999923706055,bull
2026-05-10,策略9,00895,48.5,bull
2026-05-10,策略9,00708L,98.19999694824219,bull
2026-05-10,策略9,6244,29.700000762939453,bull
2026-05-10,策略9,6994,64.4000015258789,bull
2026-05-10,策略9,6546,70.0,bull
2026-05-10,策略9,2634,50.099998474121094,bull
2026-05-10,策略9,6015,16.149999618530273,bull
2026-05-10,策略9,5530,45.25,bull
2026-05-10,策略9,3717,24.049999237060547,bull
2026-05-10,策略9,5381,24.299999237060547,bull
2026-05-10,策略9,3576,17.450000762939453,bull
2026-05-10,策略9,8163,29.75,bull
2026-05-10,策略9,6499,82.80000305175781,bull
2026-05-10,策略9,3078,57.5,bull
2026-05-10,策略9,00930,21.510000228881836,bull
2026-05-10,策略9,5228,39.95000076293945,bull
2026-05-10,策略9,00731,75.55000305175781,bull
2026-05-10,策略9,2027,39.599998474121094,bull
2026-05-10,策略9,1563,43.900001525878906,bull
2026-05-10,策略9,6282,50.400001525878906,bull
2026-05-10,策略9,00934,25.790000915527344,bull
2026-05-10,策略9,00673R,12.680000305175781,bull
2026-05-10,策略9,3057,21.600000381469727,bull
2026-05-10,策略9,2645,164.0,bull
2026-05-10,策略9,5371,74.30000305175781,bull
2026-05-10,策略9,4555,42.650001525878906,bull
2026-05-10,策略9,00919,25.469999313354492,bull
2026-05-10,策略9,9910,73.80000305175781,bull
2026-05-10,策略9,2258,28.700000762939453,bull
2026-05-10,策略9,00903,20.15999984741211,bull
2026-05-10,策略9,5471,45.349998474121094,bull
2026-05-10,策略9,6026,16.799999237060547,bull
2026-05-10,策略9,3615,34.099998474121094,bull
2026-05-10,策略9,2618,35.650001525878906,bull
2026-05-10,策略9,2883,22.899999618530273,bull
2026-05-10,策略9,6134,33.25,bull
2026-05-10,策略9,8112,89.30000305175781,bull
2026-05-10,策略9,6177,46.79999923706055,bull
2026-05-10,策略9,00900,16.920000076293945,bull
2026-05-10,策略9,00918,25.100000381469727,bull
2026-05-10,策略9,00915,26.489999771118164,bull
2026-05-10,策略9,3372,19.75,bull
2026-05-10,策略9,00701,31.610000610351562,bull
2026-05-10,策略9,7402,125.5,bull
2026-05-10,策略9,3025,63.29999923706055,bull
2026-05-10,策略9,2204,54.400001525878906,bull
2026-05-10,策略9,5388,85.0999984741211,bull
2026-05-10,策略9,2208,21.700000762939453,bull
2026-05-10,策略9,6113,24.549999237060547,bull
2026-05-10,策略9,1524,29.100000381469727,bull
2026-05-10,策略9,2641,18.049999237060547,bull
2026-05-10,策略9,00954,18.190000534057617,bull
2026-05-10,策略9,2201,27.75,bull
2026-05-10,策略9,00946,12.890000343322754,bull
2026-05-10,策略9,1608,34.0,bull
2026-05-10,策略9,00951,17.079999923706055,bull
2026-05-10,策略9,00962,13.579999923706055,bull
2026-05-10,策略9,6196,410.0,bull
2026-05-10,策略9,00944,18.600000381469727,bull
2026-05-10,策略9,6962,38.29999923706055,bull
2026-05-10,策略9,2610,18.549999237060547,bull
2026-05-10,策略9,3236,34.0,bull
2026-05-10,策略9,1810,18.5,bull
2026-05-10,策略9,1307,32.20000076293945,bull
2026-05-10,策略9,1529,22.899999618530273,bull
2026-05-10,策略9,1618,39.20000076293945,bull
2026-05-10,策略9,5222,139.0,bull
2026-05-10,策略9,00936,19.65999984741211,bull
2026-05-10,策略9,6116,9.199999809265137,bull
2026-05-10,策略9,6109,12.550000190734863,bull
2026-05-10,策略9,5302,11.800000190734863,bull
2026-05-10,策略9,2427,21.549999237060547,bull
2026-05-10,策略9,00940,11.149999618530273,bull
2026-05-10,策略9,2103,20.299999237060547,bull
2026-05-10,策略9,00877,37.11000061035156,bull
2026-05-10,策略9,00932,16.700000762939453,bull
2026-05-10,策略9,6285,247.5,bull
2026-05-10,策略9,00713,54.75,bull
2026-05-10,策略9,00635U,49.400001525878906,bull
2026-05-10,策略9,2108,28.5,bull
2026-05-10,策略9,1101,25.0,bull
2026-05-10,策略9,00650L,18.0,bull
2026-05-10,策略9,2646,20.600000381469727,bull
2026-05-10,策略9,009815,11.069999694824219,bull
2026-05-10,策略9,00907,14.890000343322754,bull
2026-05-10,策略9,1584,20.100000381469727,bull
2026-05-10,策略9,9919,14.550000190734863,bull
2026-05-10,策略9,2023,14.399999618530273,bull
2026-05-10,策略9,8415,34.349998474121094,bull
2026-05-10,策略9,1460,7.25,bull
2026-05-10,策略9,009812,12.020000457763672,bull
2026-05-10,策略9,2323,10.550000190734863,bull
2026-05-10,策略9,00956,12.180000305175781,bull
2026-05-10,策略9,00665L,10.279999732971191,bull
2026-05-10,策略9,00885,19.290000915527344,bull
2026-05-10,策略9,00971,16.510000228881836,bull
2026-05-10,策略9,00882,16.010000228881836,bull
2026-05-10,策略9,00752,24.299999237060547,bull
2026-05-10,策略9,00763U,33.150001525878906,bull
2026-05-10,策略9,5519,33.099998474121094,bull
2026-05-10,策略9,2030,16.399999618530273,bull
2026-05-10,策略9,2371,30.549999237060547,bull
2026-05-10,策略9,6214,125.5,bull
2026-05-10,策略9,009801,11.84000015258789,bull
2026-05-10,策略9,00980T,11.5,bull
2026-05-10,策略9,2889,14.649999618530273,bull
2026-05-10,策略9,2886,40.20000076293945,bull
2026-05-10,策略9,6111,48.45000076293945,bull
2026-05-10,策略9,4952,48.900001525878906,bull
2026-05-10,策略9,8034,25.350000381469727,bull
2026-05-10,策略9,9103,4.860000133514404,bull
2026-05-10,策略9,8213,38.0,bull
2026-05-10,策略9,2014,17.850000381469727,bull
2026-05-10,策略9,2211,98.5,bull
2026-05-10,策略10,4123,37.95000076293945,bull
2026-05-10,策略10,8476,17.149999618530273,bull
2026-05-10,策略10,2547,10.300000190734863,bull
2026-05-10,策略10,3056,13.399999618530273,bull
2026-05-10,策略10,1714,9.229999542236328,bull
2026-05-10,策略10,1444,6.0,bull
2026-05-10,策略10,6558,29.25,bull
2026-05-10,策略10,1449,12.949999809265137,bull
2026-05-10,策略10,1442,27.100000381469727,bull
2026-05-10,策略10,3293,735.0,bull
2026-05-10,策略10,9945,23.399999618530273,bull
2026-05-10,策略10,1337,5.010000228881836,bull
2026-05-10,策略10,8048,62.0,bull
2026-05-10,策略10,6163,57.20000076293945,bull
2026-05-10,策略10,1219,13.399999618530273,bull
2026-05-10,策略10,2020,21.950000762939453,bull
2026-05-10,策略10,3058,8.34000015258789,bull
2026-05-10,策略10,6235,43.0,bull
2026-05-10,策略10,4306,13.149999618530273,bull
2026-05-10,策略10,7780,18.649999618530273,bull
2026-05-10,策略10,4716,15.0,bull
2026-05-10,策略10,1227,29.049999237060547,bull
2026-05-10,策略10,5515,39.95000076293945,bull
2026-05-10,策略10,1210,52.900001525878906,bull
2026-05-10,策略10,2534,18.75,bull
2026-05-10,策略10,5314,74.0999984741211,bull
2026-05-10,策略10,1532,20.649999618530273,bull
2026-05-10,策略10,2324,29.649999618530273,bull
2026-05-10,策略10,3138,155.0,bull
2026-05-10,策略10,2611,13.399999618530273,bull
2026-05-10,策略10,2022,8.039999961853027,bull
2026-05-10,策略10,1104,28.299999237060547,bull
2026-05-10,策略10,00638R,6.590000152587891,bull
2026-05-10,策略10,1616,22.149999618530273,bull
2026-05-10,策略10,2913,11.25,bull
2026-05-10,策略10,8464,343.0,bull
2026-05-10,策略10,1313,11.100000381469727,bull
2026-05-10,策略10,00768B,50.54999923706055,bull
2026-05-10,策略10,6167,12.199999809265137,bull
2026-05-10,策略10,2880,33.29999923706055,bull
2026-05-10,策略10,7547,72.9000015258789,bull
2026-05-10,策略10,3607,14.550000190734863,bull
2026-05-10,策略10,5876,38.900001525878906,bull
2026-05-10,策略10,6548,52.599998474121094,bull
2026-05-10,策略10,2905,13.649999618530273,bull
2026-05-10,策略10,2890,31.0,bull
2026-05-10,策略10,6275,53.20000076293945,bull
2026-05-10,策略10,3703,20.700000762939453,bull
2026-05-10,策略10,8422,27.899999618530273,bull
2026-05-10,策略10,2520,30.049999237060547,bull
2026-05-10,策略10,1618,39.20000076293945,bull
2026-05-10,策略10,2427,21.549999237060547,bull
2026-05-10,策略10,2002,18.75,bull
2026-05-10,策略10,1723,79.9000015258789,bull
2026-05-10,策略10,2371,30.549999237060547,bull
2026-05-10,策略10,2258,28.700000762939453,bull
2026-05-10,策略10,1907,24.049999237060547,bull
2026-05-10,策略10,1229,42.150001525878906,bull
2026-05-10,策略10,1342,94.19999694824219,bull
2026-05-10,策略10,4968,119.5,bull
2026-05-10,策略10,2431,10.800000190734863,bull
2026-05-10,策略10,2332,13.949999809265137,bull
2026-05-10,策略10,4952,48.900001525878906,bull
2026-05-10,策略10,6907,129.5,bull
2026-05-10,策略10,3712,20.649999618530273,bull
2026-05-10,策略10,6994,64.4000015258789,bull
2026-05-10,策略10,3062,26.799999237060547,bull
2026-05-10,策略10,1216,73.19999694824219,bull
2026-05-10,策略10,9910,73.80000305175781,bull
2026-05-10,策略10,2889,14.649999618530273,bull
2026-05-10,策略10,00680L,6.929999828338623,bull
2026-05-10,策略10,5243,107.0,bull
2026-05-10,策略10,5302,11.800000190734863,bull
2026-05-10,策略10,2633,26.549999237060547,bull
2026-05-10,策略10,8034,25.350000381469727,bull
2026-05-10,策略10,6962,38.29999923706055,bull
2026-05-10,策略10,5880,23.049999237060547,bull
2026-05-10,策略10,5222,139.0,bull
2026-05-10,策略10,3363,810.0,bull
2026-05-10,策略10,6509,44.650001525878906,bull
2026-05-10,策略10,5213,25.950000762939453,bull
2026-05-10,策略10,2017,8.84000015258789,bull
2026-05-10,策略10,3217,176.0,bull
2026-05-10,策略10,2527,34.650001525878906,bull
2026-05-10,策略10,1810,18.5,bull
2026-05-10,策略10,2006,67.4000015258789,bull
2026-05-10,策略10,5531,8.470000267028809,bull
2026-05-10,策略10,3413,315.5,bull
2026-05-10,策略10,6231,322.0,bull
2026-05-10,策略10,9103,4.860000133514404,bull
2026-05-10,策略10,3041,24.299999237060547,bull
2026-05-10,策略10,2912,232.0,bull
2026-05-10,策略10,2072,180.5,bull
2026-05-10,策略10,2413,46.099998474121094,bull
2026-05-10,策略10,4772,321.5,bull
2026-05-10,策略10,9919,14.550000190734863,bull
2026-05-10,策略10,6462,126.5,bull
2026-05-10,策略10,00959B,9.319999694824219,bull
2026-05-10,策略10,1909,9.170000076293945,bull
2026-05-10,策略10,8213,38.0,bull
2026-05-10,策略10,2108,28.5,bull
2026-05-10,策略10,7788,176.0,bull
2026-05-10,策略10,6753,145.0,bull
2026-05-10,策略10,4147,49.70000076293945,bull
2026-05-10,策略10,6691,654.0,bull
2026-05-10,策略10,8415,34.349998474121094,bull
2026-05-10,策略10,2884,32.5,bull
2026-05-10,策略10,1611,11.899999618530273,bull
2026-05-10,策略10,1584,20.100000381469727,bull
2026-05-10,策略10,8114,198.5,bull
2026-05-10,策略10,1608,34.0,bull
2026-05-10,策略10,5434,423.0,bull
2026-05-10,策略10,4904,95.9000015258789,bull
2026-05-10,策略11,2059,5320.0,bull
2026-05-10,策略11,00980T,11.5,bull
2026-05-10,策略11,3026,330.0,bull
2026-05-10,策略11,2472,221.5,bull
2026-05-10,策略11,4722,236.5,bull
2026-05-10,策略11,4749,1085.0,bull
2026-05-10,策略11,3702,113.5,bull
2026-05-10,策略11,3709,92.9000015258789,bull
2026-05-10,策略11,5464,52.400001525878906,bull
2026-05-10,策略11,6834,48.099998474121094,bull
2026-05-10,策略11,6727,504.0,bull
2026-05-10,策略11,6532,114.0,bull
2026-05-10,策略11,3441,42.79999923706055,bull
2026-05-10,策略11,00646,72.55000305175781,bull
2026-05-10,策略11,3450,410.0,bull
2026-05-10,策略11,6026,16.799999237060547,bull
2026-05-10,策略11,009803,20.420000076293945,bull
2026-05-10,策略11,6166,87.30000305175781,bull
2026-05-10,策略11,00962,13.579999923706055,bull
2026-05-10,策略11,3374,226.5,bull
2026-05-10,策略11,3526,395.0,bull
2026-05-10,策略11,2376,317.0,bull
2026-05-10,策略11,4760,287.5,bull
2026-05-10,策略11,2881,96.69999694824219,bull
2026-05-10,策略11,8227,219.0,bull
2026-05-10,策略11,2458,151.5,bull
2026-05-10,策略11,8016,273.0,bull
2026-05-10,策略11,2395,476.5,bull
2026-05-10,策略11,5864,34.900001525878906,bull
2026-05-10,策略11,8210,1415.0,bull
2026-05-10,策略11,5425,73.0,bull
2026-05-10,策略11,2108,28.5,bull
2026-05-10,策略11,2327,389.0,bull
2026-05-10,策略11,3717,24.049999237060547,bull
2026-05-10,策略11,00633L,52.099998474121094,bull
2026-05-10,策略12,2616,14.0,bull
2026-05-10,策略12,1447,4.949999809265137,bull
2026-05-10,策略12,1604,22.75,bull
2026-05-10,策略12,2547,10.300000190734863,bull
2026-05-10,策略12,6167,12.199999809265137,bull
2026-05-10,策略12,00671R,2.5199999809265137,bull
2026-05-10,策略12,1444,6.0,bull
2026-05-10,策略12,3056,13.399999618530273,bull
2026-05-10,策略12,6901,13.0,bull
2026-05-10,策略12,2611,13.399999618530273,bull
2026-05-10,策略12,4306,13.149999618530273,bull
2026-05-10,策略12,2020,21.950000762939453,bull
2026-05-10,策略12,1337,5.010000228881836,bull
2026-05-10,策略12,1312,11.600000381469727,bull
2026-05-10,策略12,1310,8.630000114440918,bull
2026-05-10,策略12,2022,8.039999961853027,bull
2026-05-10,策略12,2913,11.25,bull
2026-05-10,策略12,4909,54.79999923706055,bull
2026-05-10,策略12,00648R,4.070000171661377,bull
2026-05-10,策略12,1434,15.850000381469727,bull
2026-05-10,策略12,9945,23.399999618530273,bull
2026-05-10,策略12,2607,47.900001525878906,bull
2026-05-10,策略12,1308,13.399999618530273,bull
2026-05-10,策略12,6589,45.349998474121094,bull
2026-05-10,策略12,7822,1260.0,bull
2026-05-10,策略12,1305,12.75,bull
2026-05-10,策略12,1449,12.949999809265137,bull
2026-05-10,策略12,2836,11.899999618530273,bull
2026-05-10,策略12,1304,12.699999809265137,bull
2026-05-10,策略12,6640,1395.0,bull
2026-05-10,策略12,009817,9.25,bull
2026-05-10,策略12,1808,28.450000762939453,bull
2026-05-10,策略12,2889,14.649999618530273,bull
2026-05-10,策略12,5876,38.900001525878906,bull
2026-05-10,策略12,4534,23.950000762939453,bull
2026-05-10,策略12,2527,34.650001525878906,bull
2026-05-10,策略12,5515,39.95000076293945,bull
2026-05-10,策略12,1309,16.850000381469727,bull
2026-05-10,策略12,1714,9.229999542236328,bull
2026-05-10,策略12,00985D,10.079999923706055,bull
2026-05-10,策略12,00967B,9.100000381469727,bull
2026-05-10,策略12,00746B,35.279998779296875,bull
2026-05-10,策略12,00722B,35.63999938964844,bull
2026-05-10,策略12,00772B,33.56999969482422,bull
2026-05-10,策略12,3131,2940.0,bull
2026-05-10,策略12,5457,36.25,bull
2026-05-10,策略12,00931B,13.380000114440918,bull
2026-05-10,策略12,2014,17.850000381469727,bull
2026-05-10,策略12,00957B,13.390000343322754,bull
2026-05-10,策略12,1709,18.649999618530273,bull
2026-05-10,策略12,00795B,26.979999542236328,bull
2026-05-10,策略12,00696B,28.81999969482422,bull
2026-05-10,策略12,00764B,27.75,bull
2026-05-10,策略12,00725B,34.790000915527344,bull
2026-05-10,策略12,00720B,32.720001220703125,bull
2026-05-10,策略12,00959B,9.319999694824219,bull
2026-05-10,策略12,00966B,13.84000015258789,bull
2026-05-10,策略12,00680L,6.929999828338623,bull
2026-05-10,策略12,00740B,38.47999954223633,bull
2026-05-10,策略12,1402,26.100000381469727,bull
2026-05-10,策略12,00998A,15.739999771118164,bull
2026-05-10,策略12,4714,14.75,bull
2026-05-10,策略12,2537,10.25,bull
2026-05-10,策略12,1806,8.25,bull
2026-05-10,策略12,00773B,35.72999954223633,bull
2026-05-10,策略12,2867,7.829999923706055,bull
2026-05-10,策略12,00958B,9.239999771118164,bull
2026-05-10,策略12,2204,54.400001525878906,bull
2026-05-10,策略12,00956,12.180000305175781,bull
2026-05-10,策略12,1409,16.799999237060547,bull
2026-05-10,策略12,5519,33.099998474121094,bull
2026-05-10,策略12,2441,90.5,bull
2026-05-10,策略12,00693U,22.079999923706055,bull
2026-05-10,策略12,6913,129.5,bull
2026-05-10,策略13,3581,235.0,bull
2026-05-10,策略13,4764,340.0,bull
2026-05-10,策略13,3229,40.75,bull
2026-05-10,策略13,3016,117.0,bull
2026-05-10,策略13,6658,160.5,bull
2026-05-10,策略13,6224,78.69999694824219,bull
2026-05-10,策略13,3443,5210.0,bull
2026-05-10,策略13,4908,229.5,bull
2026-05-10,策略13,1597,173.0,bull
2026-05-10,策略13,4960,39.349998474121094,bull
2026-05-10,策略13,5464,52.400001525878906,bull
2026-05-10,策略13,3026,330.0,bull
2026-05-10,策略13,7750,2545.0,bull
2026-05-10,策略13,6488,802.0,bull
2026-05-10,策略13,6174,41.0,bull
2026-05-10,策略13,6789,603.0,bull
2026-05-10,策略13,8227,219.0,bull
2026-05-10,策略13,3467,72.0,bull
2026-05-10,策略13,7610,792.0,bull
2026-05-10,策略13,6274,1370.0,bull
2026-05-10,策略13,4951,124.0,bull
2026-05-10,策略13,6182,56.900001525878906,bull
2026-05-10,策略13,3532,257.5,bull
2026-05-10,策略13,3661,4890.0,bull
2026-05-10,策略13,8358,454.5,bull
2026-05-10,策略13,7711,467.0,bull
2026-05-10,策略13,2486,281.5,bull
2026-05-10,策略13,8210,1415.0,bull
2026-05-10,策略13,3122,40.20000076293945,bull
2026-05-10,策略13,4540,68.5999984741211,bull
2026-05-10,策略13,3388,109.5,bull
2026-05-10,策略13,4561,51.400001525878906,bull
2026-05-10,策略13,5228,39.95000076293945,bull
2026-05-10,策略13,1721,28.5,bull
2026-05-10,策略13,6526,753.0,bull
2026-05-10,策略13,1711,57.5,bull
2026-05-10,策略13,3135,177.0,bull
2026-05-10,策略13,2351,183.0,bull
2026-05-10,策略13,8150,92.69999694824219,bull
2026-05-10,策略13,4958,401.0,bull
2026-05-10,策略13,8042,84.0999984741211,bull
2026-05-10,策略13,3055,91.19999694824219,bull
2026-05-10,策略13,3529,4335.0,bull
2026-05-10,策略13,8299,2430.0,bull
2026-05-10,策略13,2342,43.79999923706055,bull
2026-05-10,策略13,5864,34.900001525878906,bull
2026-05-10,策略13,2383,4750.0,bull
2026-05-10,策略13,3438,64.80000305175781,bull
2026-05-10,策略13,5386,470.0,bull
2026-05-10,策略13,6532,114.0,bull
2026-05-10,策略13,3088,124.5,bull
2026-05-10,策略13,6426,262.0,bull
2026-05-10,策略13,8155,444.0,bull
2026-05-10,策略13,6669,5200.0,bull
2026-05-10,策略13,5289,1600.0,bull
2026-05-10,策略13,3526,395.0,bull
2026-05-10,策略13,6834,48.099998474121094,bull
2026-05-10,策略13,4939,41.5,bull
2026-05-10,策略13,6823,88.69999694824219,bull
2026-05-10,策略13,3354,35.400001525878906,bull
2026-05-10,策略13,00663L,93.1500015258789,bull
2026-05-10,策略13,00675L,282.1000061035156,bull
2026-05-10,策略13,3024,14.25,bull
2026-05-10,策略13,3450,410.0,bull
2026-05-10,策略13,4973,99.5999984741211,bull
2026-05-10,策略13,2491,21.100000381469727,bull
2026-05-10,策略13,2345,2375.0,bull
2026-05-10,策略13,1590,1505.0,bull
2026-05-10,策略13,8182,39.5,bull
2026-05-10,策略13,6683,2210.0,bull
2026-05-10,策略13,2327,389.0,bull
2026-05-10,策略13,6672,208.0,bull
2026-05-10,策略13,6695,52.900001525878906,bull
2026-05-10,策略13,2395,476.5,bull
2026-05-10,策略13,3057,21.600000381469727,bull
2026-05-10,策略13,3709,92.9000015258789,bull
2026-05-10,策略13,3528,91.0,bull
2026-05-10,策略13,4967,298.0,bull
2026-05-10,策略13,6432,44.20000076293945,bull
2026-05-10,策略13,8027,203.0,bull
2026-05-10,策略13,3162,91.0999984741211,bull
2026-05-10,策略13,8016,273.0,bull
2026-05-10,策略13,4956,49.0,bull
2026-05-10,策略13,2451,312.5,bull
2026-05-10,策略13,6716,94.69999694824219,bull
2026-05-10,策略13,4722,236.5,bull
2026-05-10,策略13,2408,274.0,bull
2026-05-10,策略13,1591,64.5,bull
2026-05-10,策略13,00735,95.30000305175781,bull
2026-05-10,策略13,3033,43.849998474121094,bull
2026-05-10,策略13,8043,89.80000305175781,bull
2026-05-10,策略13,3028,79.80000305175781,bull
2026-05-10,策略13,6108,21.799999237060547,bull
2026-05-10,策略13,6435,210.5,bull
2026-05-10,策略13,5483,149.0,bull
2026-05-10,策略13,6679,331.0,bull
2026-05-10,策略13,2301,204.0,bull
2026-05-10,策略13,3711,516.0,bull
2026-05-10,策略13,6756,92.80000305175781,bull
2026-05-10,策略13,00670L,197.85000610351562,bull
2026-05-10,策略13,00928,35.06999969482422,bull
2026-05-10,策略13,6643,621.0,bull
2026-05-10,策略13,8121,30.799999237060547,bull
2026-05-10,策略13,2049,319.5,bull
2026-05-10,策略13,3141,55.0,bull
2026-05-10,策略13,5269,1410.0,bull
2026-05-10,策略13,6259,22.549999237060547,bull
2026-05-10,策略13,6291,468.0,bull
2026-05-10,策略13,00996A,13.6899995803833,bull
2026-05-10,策略13,3665,2750.0,bull
2026-05-10,策略13,3583,788.0,bull
2026-05-10,策略13,6196,410.0,bull
2026-05-10,策略13,00929,25.100000381469727,bull
2026-05-10,策略13,5425,73.0,bull
2026-05-10,策略13,8162,54.70000076293945,bull
2026-05-10,策略13,00981A,28.90999984741211,bull
2026-05-10,策略13,00995A,16.649999618530273,bull
2026-05-10,策略13,1568,28.899999618530273,bull
2026-05-10,策略13,00909,47.52000045776367,bull
2026-05-10,策略13,8046,854.0,bull
2026-05-10,策略13,006201,45.91999816894531,bull
2026-05-10,策略13,3044,481.0,bull
2026-05-10,策略13,6727,504.0,bull
2026-05-10,策略13,6525,106.5,bull
2026-05-10,策略13,00923,38.349998474121094,bull
2026-05-10,策略13,6015,16.149999618530273,bull
2026-05-10,策略13,2492,156.0,bull
2026-05-10,策略13,2376,317.0,bull
2026-05-10,策略13,2401,25.299999237060547,bull
2026-05-10,策略13,3051,26.0,bull
2026-05-10,策略13,00888,29.389999389648438,bull
2026-05-10,策略13,2363,59.400001525878906,bull
2026-05-10,策略13,2478,78.0999984741211,bull
2026-05-10,策略13,6150,70.9000015258789,bull
2026-05-10,策略13,4931,170.0,bull
2026-05-10,策略13,3169,112.5,bull
2026-05-10,策略13,8374,88.5999984741211,bull
2026-05-10,策略13,3691,135.0,bull
2026-05-10,策略13,00893,43.599998474121094,bull
2026-05-10,策略13,3339,58.79999923706055,bull
2026-05-10,策略13,00987A,16.979999542236328,bull
2026-05-10,策略13,2061,20.600000381469727,bull
2026-05-10,策略13,3209,55.0,bull
2026-05-10,策略13,2317,250.0,bull
2026-05-10,策略13,7788,176.0,bull
2026-05-10,策略13,3034,498.0,bull
2026-05-10,策略13,6743,29.799999237060547,bull
2026-05-10,策略13,00850,82.19999694824219,bull
2026-05-10,策略13,6414,346.5,bull
2026-05-10,策略13,3081,2620.0,bull
2026-05-10,策略13,00903,20.15999984741211,bull
2026-05-10,策略13,4571,190.0,bull
2026-05-10,策略13,3714,71.0999984741211,bull
2026-05-10,策略13,5236,168.5,bull
2026-05-10,策略13,3317,62.20000076293945,bull
2026-05-10,策略13,5284,360.0,bull
2026-05-10,策略13,6127,48.04999923706055,bull
2026-05-10,策略13,00905,24.81999969482422,bull
2026-05-10,策略13,6113,24.549999237060547,bull
2026-05-10,策略13,00930,21.510000228881836,bull
2026-05-10,策略13,2312,27.950000762939453,bull
2026-05-10,策略13,3260,448.5,bull
2026-05-10,策略13,1504,72.80000305175781,bull
2026-05-10,策略13,6462,126.5,bull
2026-05-10,策略13,00992A,17.65999984741211,bull
2026-05-10,策略13,3357,187.5,bull
2026-05-10,策略13,6197,218.5,bull
2026-05-10,策略13,2402,68.0,bull
2026-05-10,策略13,006208,224.3000030517578,bull
2026-05-10,策略13,00692,85.05000305175781,bull
2026-05-10,策略13,00878,27.81999969482422,bull
2026-05-10,策略13,6830,787.0,bull
2026-05-10,策略13,8033,159.0,bull
2026-05-10,策略13,3587,319.0,bull
2026-05-10,策略13,5410,36.70000076293945,bull
2026-05-10,策略13,5474,165.5,bull
2026-05-10,策略13,6155,53.20000076293945,bull
2026-05-10,策略13,2360,2230.0,bull
2026-05-10,策略13,6190,79.9000015258789,bull
2026-05-10,策略13,3227,226.5,bull
2026-05-10,策略13,3048,42.400001525878906,bull
2026-05-10,策略13,6187,1070.0,bull
2026-05-10,策略13,4977,228.0,bull
2026-05-10,策略13,4952,48.900001525878906,bull
2026-05-10,策略13,009818,18.420000076293945,bull
2026-05-10,策略13,3712,20.649999618530273,bull
2026-05-10,策略13,6265,44.150001525878906,bull
2026-05-10,策略13,8255,145.5,bull
2026-05-10,策略13,2497,60.70000076293945,bull
2026-05-10,策略13,00895,48.5,bull
2026-05-10,策略13,6231,322.0,bull
2026-05-10,策略13,00900,16.920000076293945,bull
2026-05-10,策略13,5222,139.0,bull
2026-05-10,策略13,6209,66.0,bull
2026-05-10,策略13,4555,42.650001525878906,bull
2026-05-10,策略13,009809,15.279999732971191,bull
2026-05-10,策略13,00902,17.260000228881836,bull
2026-05-10,策略13,6903,422.0,bull
2026-05-10,策略13,3466,41.099998474121094,bull
2026-05-10,策略13,6138,260.5,bull
2026-05-10,策略13,3149,48.25,bull
2026-05-10,策略13,1570,37.5,bull
2026-05-10,策略13,6139,714.0,bull
2026-05-10,策略13,3022,73.69999694824219,bull
2026-05-10,策略13,4760,287.5,bull
2026-05-10,策略13,2344,107.0,bull
2026-05-10,策略13,2428,190.5,bull
2026-05-10,策略13,7712,134.5,bull
2026-05-10,策略13,0056,44.849998474121094,bull
2026-05-10,策略13,00944,18.600000381469727,bull
2026-05-10,策略13,3035,178.0,bull
2026-05-10,策略13,2330,2290.0,bull
2026-05-10,策略13,5475,325.0,bull
2026-05-10,策略13,3416,175.5,bull
2026-05-10,策略13,2455,337.0,bull
2026-05-10,策略13,3551,210.0,bull
2026-05-10,策略13,3533,2700.0,bull
2026-05-10,策略13,6243,34.45000076293945,bull
2026-05-10,策略13,3515,245.5,bull
2026-05-10,策略13,2328,51.79999923706055,bull
2026-05-10,策略13,4543,40.400001525878906,bull
2026-05-10,策略13,6244,29.700000762939453,bull
2026-05-10,策略13,2375,90.4000015258789,bull
2026-05-10,策略13,2365,36.25,bull
2026-05-10,策略13,009815,11.069999694824219,bull
2026-05-10,策略13,2236,135.0,bull
2026-05-10,策略13,1802,68.9000015258789,bull
2026-05-10,策略13,5434,423.0,bull
2026-05-10,策略13,2440,16.75,bull
2026-05-10,策略13,5258,53.29999923706055,bull
2026-05-10,策略13,6757,57.0,bull
2026-05-10,策略13,3019,144.0,bull
2026-05-10,策略13,3592,258.5,bull
2026-05-10,策略13,3673,59.0,bull
2026-05-10,策略13,6206,119.0,bull
2026-05-10,策略13,6664,443.0,bull
2026-05-10,策略13,6613,245.5,bull
2026-05-10,策略13,6684,48.5,bull
2026-05-10,策略13,6962,38.29999923706055,bull
2026-05-10,策略13,6446,724.0,bull
2026-05-10,策略13,5309,63.79999923706055,bull
2026-05-10,策略13,4542,196.0,bull
2026-05-10,策略13,4934,18.5,bull
2026-05-10,策略13,3213,117.5,bull
2026-05-10,策略13,3303,52.0,bull
2026-05-10,策略13,00940,11.149999618530273,bull
2026-05-10,策略13,4510,47.0,bull
2026-05-10,策略13,2357,650.0,bull
2026-05-10,策略13,3014,135.5,bull
2026-05-10,策略13,3511,22.0,bull
2026-05-10,策略13,6176,104.5,bull
2026-05-10,策略13,6104,102.0,bull
2026-05-10,策略13,5471,45.349998474121094,bull
2026-05-10,策略13,00939,18.079999923706055,bull
2026-05-10,策略13,2392,38.79999923706055,bull
2026-05-10,策略13,3545,56.70000076293945,bull
2026-05-10,策略13,6409,821.0,bull
2026-05-10,策略13,6449,183.0,bull
2026-05-10,策略13,6125,59.099998474121094,bull
2026-05-10,策略13,6026,16.799999237060547,bull
2026-05-10,策略13,3217,176.0,bull
2026-05-10,策略13,2458,151.5,bull
2026-05-10,策略13,00993A,12.899999618530273,bull
2026-05-10,策略13,7709,84.19999694824219,bull
2026-05-10,策略13,6202,55.20000076293945,bull
2026-05-10,策略13,3090,113.5,bull
2026-05-10,策略13,00757,124.9000015258789,bull
2026-05-10,策略13,3675,226.0,bull
2026-05-10,策略13,2338,51.5,bull
2026-05-10,策略13,8926,49.099998474121094,bull
2026-05-10,策略13,6753,145.0,bull
2026-05-10,策略13,2356,49.54999923706055,bull
2026-05-10,策略13,3437,25.850000381469727,bull
2026-05-10,策略13,8213,38.0,bull
2026-05-10,策略13,6121,390.0,bull
2026-05-10,策略13,00921,21.399999618530273,bull
2026-05-10,策略13,1560,572.0,bull
2026-05-10,策略13,8069,162.0,bull
2026-05-10,策略13,3580,88.80000305175781,bull
2026-05-10,策略13,6275,53.20000076293945,bull
2026-05-10,策略13,6223,5025.0,bull
2026-05-10,策略13,3490,30.950000762939453,bull
2026-05-10,策略13,3356,55.099998474121094,bull
2026-05-10,策略13,3041,24.299999237060547,bull
2026-05-10,策略13,6451,441.0,bull
2026-05-10,策略13,8068,23.25,bull
2026-05-10,策略13,1773,172.5,bull
2026-05-10,策略13,2404,1015.0,bull
2026-05-10,策略13,8086,159.5,bull
2026-05-10,策略13,8942,44.20000076293945,bull
2026-05-10,策略13,00915,26.489999771118164,bull
2026-05-10,策略13,8054,106.5,bull
2026-05-10,策略13,2527,34.650001525878906,bull
2026-05-10,策略13,3038,22.850000381469727,bull
2026-05-10,策略13,5607,51.900001525878906,bull
2026-05-10,策略13,5328,26.899999618530273,bull
2026-05-10,策略13,009801,11.84000015258789,bull
2026-05-10,策略13,00918,25.100000381469727,bull
2026-05-10,策略13,00924,31.489999771118164,bull
2026-05-10,策略13,1536,53.70000076293945,bull
2026-05-10,策略13,4961,170.0,bull
2026-05-10,策略13,6227,100.5,bull
2026-05-10,策略13,6245,80.0999984741211,bull
2026-05-10,策略13,00932,16.700000762939453,bull
2026-05-10,策略13,3023,302.5,bull
2026-05-10,策略13,1519,896.0,bull
2026-05-10,策略13,3498,93.5,bull
2026-05-10,策略13,00643,20.209999084472656,bull
2026-05-10,策略13,6111,48.45000076293945,bull
2026-05-10,策略13,009811,12.579999923706055,bull
2026-05-10,策略13,00633L,52.099998474121094,bull
2026-05-10,策略13,3003,55.79999923706055,bull
2026-05-10,策略13,6588,143.0,bull
2026-05-10,策略13,4971,688.0,bull
2026-05-10,策略13,2230,33.849998474121094,bull
2026-05-10,策略13,1503,202.5,bull
2026-05-10,策略13,2542,40.0,bull
2026-05-10,策略13,8438,89.80000305175781,bull
2026-05-10,策略13,3231,146.5,bull
2026-05-10,策略13,3152,174.0,bull
2026-05-10,策略13,3236,34.0,bull
2026-05-10,策略13,6530,108.0,bull
2026-05-10,策略13,4566,67.19999694824219,bull
2026-05-10,策略13,3706,86.19999694824219,bull
2026-05-10,策略13,1609,36.04999923706055,bull
2026-05-10,策略13,00936,19.65999984741211,bull
2026-05-10,策略13,7402,125.5,bull
2026-05-10,策略15,6176,104.5,bull
2026-05-10,策略15,5434,423.0,bull
2026-05-10,策略15,7402,125.5,bull
2026-05-10,策略15,2072,180.5,bull
2026-05-10,策略16,6150,70.9000015258789,bull
2026-05-10,策略16,5607,51.900001525878906,bull
2026-05-10,策略16,2491,21.100000381469727,bull
2026-05-10,策略16,3354,35.400001525878906,bull
2026-05-10,策略16,5328,26.899999618530273,bull
2026-05-10,策略16,3717,24.049999237060547,bull
2026-05-10,策略16,8926,49.099998474121094,bull
2026-05-10,策略16,8034,25.350000381469727,bull
2026-05-10,策略16,6446,724.0,bull
2026-05-10,策略16,6116,9.199999809265137,bull
2026-05-10,策略16,3090,113.5,bull
2026-05-10,策略16,5388,85.0999984741211,bull
2026-05-10,策略16,6862,187.0,bull
2026-05-10,策略16,6134,33.25,bull
2026-05-10,策略16,1216,73.19999694824219,bull
2026-05-10,策略16,8454,196.0,bull
2026-05-10,策略16,3236,34.0,bull
2026-05-10,策略16,2645,164.0,bull
2026-05-10,策略16,2208,21.700000762939453,bull
2026-05-10,策略16,6449,183.0,bull
2026-05-10,策略16,6753,145.0,bull
2026-05-10,策略16,6509,44.650001525878906,bull
2026-05-10,策略16,2492,156.0,bull
2026-05-10,策略16,3048,42.400001525878906,bull
2026-05-10,策略16,8033,159.0,bull
2026-05-10,策略16,3481,29.399999618530273,bull
2026-05-10,策略16,5309,63.79999923706055,bull
2026-05-10,策略16,1810,18.5,bull
2026-05-10,策略16,6244,29.700000762939453,bull
2026-05-10,策略16,4934,18.5,bull
2026-05-10,策略17,8454,196.0,bull
2026-05-10,策略17,6026,16.799999237060547,bull
2026-05-10,策略17,2395,476.5,bull
2026-05-10,策略17,2606,65.0,bull
2026-05-10,策略17,5607,51.900001525878906,bull
2026-05-10,策略17,6015,16.149999618530273,bull
2026-05-10,策略17,6116,9.199999809265137,bull
2026-05-10,策略17,6414,346.5,bull
2026-05-10,策略17,3213,117.5,bull
2026-05-10,策略17,3481,29.399999618530273,bull
2026-05-10,策略17,5864,34.900001525878906,bull
2026-05-10,策略17,3034,498.0,bull
2026-05-10,策略17,6488,802.0,bull
2026-05-10,策略17,3528,91.0,bull
2026-05-10,策略17,00980T,11.5,bull
2026-05-10,策略17,3227,226.5,bull
2026-05-10,策略17,2208,21.700000762939453,bull
2026-05-10,策略17,2376,317.0,bull
2026-05-10,策略17,6449,183.0,bull
2026-05-10,策略17,2258,28.700000762939453,bull
2026-05-10,策略17,3545,56.70000076293945,bull
2026-05-10,策略17,3026,330.0,bull
2026-05-10,策略17,6134,33.25,bull
2026-05-10,策略17,6150,70.9000015258789,bull
2026-05-10,策略17,8227,219.0,bull
2026-05-10,策略17,6151,37.04999923706055,bull
2026-05-10,策略17,6291,468.0,bull
2026-05-10,策略17,6182,56.900001525878906,bull
2026-05-10,策略17,2305,17.799999237060547,bull
2026-05-10,策略17,8086,159.5,bull
2026-05-10,策略19,2491,21.100000381469727,bull
2026-05-10,策略19,6155,53.20000076293945,bull
2026-05-10,策略19,3354,35.400001525878906,bull
2026-05-10,策略19,3236,34.0,bull
2026-05-10,策略19,3014,135.5,bull
2026-05-10,策略19,6173,122.0,bull
2026-05-10,策略19,3466,41.099998474121094,bull
2026-05-10,策略19,5291,70.4000015258789,bull
2026-05-10,策略19,8926,49.099998474121094,bull
2026-05-10,策略19,6695,52.900001525878906,bull
2026-05-10,策略19,4906,40.0,bull
2026-05-10,策略19,6206,119.0,bull
2026-05-10,策略19,5388,85.0999984741211,bull
2026-05-10,策略19,2428,190.5,bull
2026-05-10,策略19,3048,42.400001525878906,bull
2026-05-10,策略19,2305,17.799999237060547,bull
2026-05-10,策略19,4760,287.5,bull
2026-05-10,策略19,2376,317.0,bull
2026-05-10,策略19,6121,390.0,bull
2026-05-10,策略19,6509,44.650001525878906,bull
2026-05-10,策略19,6753,145.0,bull
2026-05-10,策略19,3416,175.5,bull
2026-05-10,策略19,6727,504.0,bull
2026-05-10,策略19,8086,159.5,bull
2026-05-10,策略19,2497,60.70000076293945,bull
2026-05-10,策略19,6449,183.0,bull
2026-05-10,策略19,3357,187.5,bull
2026-05-10,策略19,2103,20.299999237060547,bull
2026-05-10,策略19,6166,87.30000305175781,bull
2026-05-10,策略19,6134,33.25,bull
2026-05-10,策略19,7712,134.5,bull
2026-05-10,策略19,8033,159.0,bull
2026-05-10,策略19,4973,99.5999984741211,bull
2026-05-10,策略19,5236,168.5,bull
2026-05-10,策略19,2327,389.0,bull
2026-05-10,策略19,2472,221.5,bull
2026-05-10,策略19,8114,198.5,bull
2026-05-10,策略19,6613,245.5,bull
2026-05-10,策略19,2357,650.0,bull
2026-05-10,策略19,7788,176.0,bull
2026-05-10,策略19,3450,410.0,bull
2026-05-10,策略19,00915,26.489999771118164,bull
2026-05-10,策略19,6196,410.0,bull
2026-05-10,策略19,2458,151.5,bull
2026-05-10,策略19,2451,312.5,bull
2026-05-10,策略19,5425,73.0,bull
2026-05-10,策略19,6127,48.04999923706055,bull
2026-05-10,策略19,2379,592.0,bull
2026-05-10,策略19,3592,258.5,bull
2026-05-10,策略19,2393,73.69999694824219,bull
2026-05-10,策略19,3026,330.0,bull
2026-05-10,策略19,4749,1085.0,bull
2026-05-10,策略19,00932,16.700000762939453,bull
2026-05-10,策略19,3467,72.0,bull
2026-05-10,策略19,2363,59.400001525878906,bull
2026-05-10,策略19,6259,22.549999237060547,bull
2026-05-10,策略19,3702,113.5,bull
2026-05-10,策略19,4966,669.0,bull
2026-05-10,策略19,2108,28.5,bull
2026-05-10,策略19,6432,44.20000076293945,bull
2026-05-10,策略19,6151,37.04999923706055,bull
2026-05-10,策略19,2027,39.599998474121094,bull
2026-05-10,策略19,4904,95.9000015258789,bull
2026-05-10,策略19,2891,56.400001525878906,bull
2026-05-10,策略19,6716,94.69999694824219,bull
2026-05-10,策略19,5228,39.95000076293945,bull
2026-05-10,策略19,6426,262.0,bull
2026-05-10,策略19,2882,80.0,bull
2026-05-10,策略19,00639,17.530000686645508,bull
2026-05-10,策略20,3466,41.099998474121094,bull
2026-05-10,策略20,8926,49.099998474121094,bull
2026-05-10,策略20,6265,44.150001525878906,bull
2026-05-10,策略20,8112,89.30000305175781,bull
2026-05-10,策略20,3231,146.5,bull
2026-05-10,策略20,6693,149.0,bull
2026-05-10,策略20,2404,1015.0,bull
2026-05-10,策略20,6869,87.30000305175781,bull
2026-05-10,策略20,5388,85.0999984741211,bull
2026-05-10,策略20,3025,63.29999923706055,bull
2026-05-10,策略20,3305,115.0,bull
2026-05-10,策略20,6227,100.5,bull
2026-05-10,策略20,6613,245.5,bull
2026-05-10,策略20,6446,724.0,bull
2026-05-10,策略20,6907,129.5,bull
2026-05-10,策略20,6113,24.549999237060547,bull
2026-05-10,策略20,6125,59.099998474121094,bull
2026-05-10,策略20,8086,159.5,bull
2026-05-10,策略20,2356,49.54999923706055,bull
2026-05-10,策略20,6291,468.0,bull
2026-05-10,策略20,3706,86.19999694824219,bull
2026-05-10,策略20,5236,168.5,bull
2026-05-10,策略20,5269,1410.0,bull
2026-05-10,策略20,6223,5025.0,bull
2026-05-10,策略20,6259,22.549999237060547,bull
2026-05-10,策略20,4931,170.0,bull
2026-05-10,策略20,6134,33.25,bull
2026-05-10,策略20,1503,202.5,bull
2026-05-10,策略20,3372,19.75,bull
2026-05-10,策略20,6214,125.5,bull
2026-05-10,策略20,1560,572.0,bull
2026-05-10,策略20,5434,423.0,bull
2026-05-10,策略25,00882,16.010000228881836,bull
2026-05-10,策略25,00915,26.489999771118164,bull
2026-05-10,策略25,00932,16.700000762939453,bull
2026-05-10,策略25,00983A,11.670000076293945,bull
2026-05-10,策略25,3533,2700.0,bull
2026-05-10,策略25,6134,33.25,bull
2026-05-10,策略25,5490,28.100000381469727,bull
2026-05-10,策略25,2883,22.899999618530273,bull
2026-05-10,策略25,2406,33.0,bull
2026-05-10,策略25,2356,49.54999923706055,bull
2026-05-10,策略25,00941,24.760000228881836,bull
2026-05-10,策略25,3023,302.5,bull
2026-05-10,策略25,2637,74.5999984741211,bull
2026-05-10,策略25,00633L,52.099998474121094,bull
2026-05-10,策略25,00637L,21.489999771118164,bull
2026-05-10,策略25,00655L,36.290000915527344,bull
2026-05-10,策略25,00987B,15.970000267028809,bull
2026-05-10,策略25,5258,53.29999923706055,bull
2026-05-10,策略25,8086,159.5,bull
2026-05-10,策略25,8374,88.5999984741211,bull
2026-05-10,策略25,6869,87.30000305175781,bull
2026-05-10,策略25,2345,2375.0,bull
2026-05-10,策略25,2327,389.0,bull
2026-05-10,策略25,1460,7.25,bull
2026-05-10,策略25,2455,337.0,bull
2026-05-10,策略25,2425,30.850000381469727,bull
2026-05-10,策略25,00738U,64.55000305175781,bull
2026-05-10,策略25,009812,12.020000457763672,bull
2026-05-10,策略25,7788,176.0,bull
2026-05-10,策略25,2208,21.700000762939453,bull
2026-05-10,策略25,2344,107.0,bull
2026-05-10,策略25,2497,60.70000076293945,bull
2026-05-10,策略25,3498,93.5,bull
2026-05-10,策略25,6227,100.5,bull
2026-05-10,策略25,6197,218.5,bull
2026-05-10,策略25,2376,317.0,bull
2026-05-10,策略25,2408,274.0,bull
2026-05-10,策略25,6449,183.0,bull
2026-05-10,策略25,00639,17.530000686645508,bull
2026-05-10,策略25,00885,19.290000915527344,bull
2026-05-10,策略25,00733,65.05000305175781,bull
2026-05-10,策略25,00636,28.420000076293945,bull
2026-05-10,策略25,00909,47.52000045776367,bull
2026-05-10,策略25,00713,54.75,bull
2026-05-10,策略25,00731,75.55000305175781,bull
2026-05-10,策略25,00965,26.0,bull
2026-05-10,策略25,00960,17.559999465942383,bull
2026-05-10,策略25,1608,34.0,bull
2026-05-10,策略25,00665L,10.279999732971191,bull
2026-05-10,策略25,6823,88.69999694824219,bull
2026-05-10,策略25,8150,92.69999694824219,bull
2026-05-10,策略25,3680,560.0,bull
2026-05-10,策略25,3706,86.19999694824219,bull
2026-05-10,策略25,3545,56.70000076293945,bull
2026-05-10,策略25,4973,99.5999984741211,bull
2026-05-10,策略25,6409,821.0,bull
2026-05-10,策略25,5351,75.0999984741211,bull
2026-05-10,策略25,2458,151.5,bull
2026-05-10,策略25,2645,164.0,bull
2026-05-10,策略25,2392,38.79999923706055,bull
2026-05-10,策略25,8249,49.650001525878906,bull
2026-05-10,策略25,2379,592.0,bull
2026-05-10,策略25,2382,340.5,bull
2026-05-10,策略25,2428,190.5,bull
2026-05-10,策略25,2451,312.5,bull
2026-05-10,策略25,2337,153.0,bull
2026-05-10,策略25,2393,73.69999694824219,bull
2026-05-10,策略25,6446,724.0,bull
2026-05-10,策略25,6244,29.700000762939453,bull
2026-05-10,策略25,8936,52.0,bull
2026-05-10,策略25,6109,12.550000190734863,bull
2026-05-10,策略25,5607,51.900001525878906,bull
2026-05-10,策略25,1711,57.5,bull
2026-05-10,策略25,2230,33.849998474121094,bull
2026-05-10,策略25,6291,468.0,bull
2026-05-10,策略25,00902,17.260000228881836,bull
2026-05-10,策略25,00706L,19.889999389648438,bull
2026-05-10,策略25,1570,37.5,bull
2026-05-10,策略25,00650L,18.0,bull
2026-05-10,策略25,5309,63.79999923706055,bull
2026-05-10,策略25,1519,896.0,bull
2026-05-10,策略25,1560,572.0,bull
2026-05-10,策略25,1563,43.900001525878906,bull
2026-05-10,策略25,7712,134.5,bull
2026-05-10,策略25,5388,85.0999984741211,bull
2026-05-10,策略25,6215,112.0,bull
2026-05-10,策略25,8096,95.9000015258789,bull
2026-05-10,策略25,2606,65.0,bull
2026-05-10,策略25,5347,167.5,bull
2026-05-10,策略25,6155,53.20000076293945,bull
2026-05-10,策略25,2363,59.400001525878906,bull
2026-05-10,策略25,3372,19.75,bull
2026-05-10,策略25,2634,50.099998474121094,bull
2026-05-10,策略25,3022,73.69999694824219,bull
2026-05-10,策略25,2338,51.5,bull
2026-05-10,策略25,2303,91.30000305175781,bull
2026-05-10,策略25,2233,292.0,bull
2026-05-10,策略25,2359,119.5,bull
2026-05-10,策略25,2103,20.299999237060547,bull
2026-05-10,策略25,5269,1410.0,bull
2026-05-10,策略25,4746,54.29999923706055,bull
2026-05-10,策略25,4510,47.0,bull
2026-05-10,策略25,3663,72.0999984741211,bull
2026-05-10,策略25,3691,135.0,bull
2026-05-10,策略25,00763U,33.150001525878906,bull
2026-05-10,策略25,00984A,14.710000038146973,bull
2026-05-10,策略25,00993A,12.899999618530273,bull
2026-05-10,策略25,3048,42.400001525878906,bull
2026-05-10,策略25,1568,28.899999618530273,bull
2026-05-10,策略25,5236,168.5,bull
2026-05-10,策略25,6125,59.099998474121094,bull
2026-05-10,策略25,5302,11.800000190734863,bull
2026-05-10,策略25,9933,36.79999923706055,bull
2026-05-10,策略25,8271,260.5,bull
2026-05-10,策略25,8121,30.799999237060547,bull
2026-05-10,策略25,3481,29.399999618530273,bull
2026-05-10,策略25,2383,4750.0,bull
2026-05-10,策略25,3229,40.75,bull
2026-05-10,策略25,3303,52.0,bull
2026-05-10,策略25,2491,21.100000381469727,bull
2026-05-10,策略25,2305,17.799999237060547,bull
2026-05-10,策略25,2027,39.599998474121094,bull
2026-05-10,策略25,2302,19.549999237060547,bull
2026-05-10,策略25,3665,2750.0,bull
2026-05-10,策略25,3231,146.5,bull
2026-05-10,策略25,2072,180.5,bull
2026-05-10,策略25,6209,66.0,bull
2026-05-10,策略25,3450,410.0,bull
2026-05-10,策略25,2449,311.0,bull
2026-05-10,策略25,2108,28.5,bull
2026-05-10,策略25,3029,98.30000305175781,bull
2026-05-10,策略25,6719,187.0,bull
2026-05-10,策略25,8088,54.0,bull
2026-05-10,策略25,4556,42.29999923706055,bull
2026-05-10,策略25,6265,44.150001525878906,bull
2026-05-10,策略25,00998A,15.739999771118164,bull
2026-05-10,策略25,3518,36.0,bull
2026-05-10,策略25,3490,30.950000762939453,bull
2026-05-10,策略25,3227,226.5,bull
2026-05-10,策略25,1612,36.70000076293945,bull
2026-05-10,策略25,1773,172.5,bull
2026-05-10,策略25,2365,36.25,bull
2026-05-10,策略25,1736,125.0,bull
2026-05-10,策略25,3030,389.5,bull
2026-05-10,策略25,3019,144.0,bull
2026-05-10,策略25,2440,16.75,bull
2026-05-10,策略25,2401,25.299999237060547,bull
2026-05-10,策略25,3529,4335.0,bull
2026-05-10,策略25,6202,55.20000076293945,bull
2026-05-10,策略25,6113,24.549999237060547,bull
2026-05-10,策略25,6151,37.04999923706055,bull
2026-05-10,策略25,5471,45.349998474121094,bull
2026-05-10,策略25,4908,229.5,bull
2026-05-10,策略25,4931,170.0,bull
2026-05-10,策略25,6108,21.799999237060547,bull
2026-05-10,策略25,6727,504.0,bull
2026-05-10,策略25,6643,621.0,bull
2026-05-10,策略25,6525,106.5,bull
2026-05-10,策略25,6285,247.5,bull
2026-05-10,策略25,6223,5025.0,bull
2026-05-10,策略25,6217,266.0,bull
2026-05-10,策略25,6902,103.0,bull
2026-05-10,策略25,6903,422.0,bull
2026-05-10,策略28,4931,170.0,bull
2026-05-10,策略28,3709,92.9000015258789,bull
2026-05-10,策略28,6781,1230.0,bull
2026-05-10,策略28,5269,1410.0,bull
2026-05-10,策略28,3227,226.5,bull
2026-05-10,策略28,8114,198.5,bull
2026-05-10,策略28,6121,390.0,bull
2026-05-10,策略28,3592,258.5,bull
2026-05-10,策略29,3026,330.0,bull
2026-05-10,策略29,6526,753.0,bull
2026-05-10,策略29,6834,48.099998474121094,bull
2026-05-10,策略29,6695,52.900001525878906,bull
2026-05-10,策略29,5410,36.70000076293945,bull
2026-05-10,策略29,2472,221.5,bull
2026-05-10,策略29,2491,21.100000381469727,bull
2026-05-10,策略29,3034,498.0,bull
2026-05-10,策略29,8016,273.0,bull
2026-05-10,策略29,3213,117.5,bull
2026-05-10,策略29,5425,73.0,bull
2026-05-10,策略29,3467,72.0,bull
2026-05-10,策略29,2376,317.0,bull
2026-05-10,策略29,4722,236.5,bull
2026-05-10,策略29,6727,504.0,bull
2026-05-10,策略29,3416,175.5,bull
2026-05-10,策略29,3055,91.19999694824219,bull
2026-05-10,策略29,6532,114.0,bull
2026-05-10,策略29,3450,410.0,bull
2026-05-10,策略29,2357,650.0,bull
2026-05-10,策略29,4760,287.5,bull
2026-05-10,策略29,8086,159.5,bull
2026-05-10,策略29,3014,135.5,bull
2026-05-10,策略29,4749,1085.0,bull
2026-05-10,策略29,6121,390.0,bull
2026-05-10,策略29,2379,592.0,bull
2026-05-10,策略29,3374,226.5,bull
2026-05-10,策略29,8926,49.099998474121094,bull
2026-05-10,策略29,7712,134.5,bull
2026-05-10,策略29,6196,410.0,bull
2026-05-10,策略29,4966,669.0,bull
2026-05-10,策略29,2428,190.5,bull
2026-05-10,策略29,6449,183.0,bull
2026-05-10,策略29,4973,99.5999984741211,bull
2026-05-10,策略29,8114,198.5,bull
2026-05-10,策略29,5258,53.29999923706055,bull
2026-05-10,策略29,8163,29.75,bull
2026-05-10,策略29,8454,196.0,bull
2026-05-10,策略29,2108,28.5,bull
2026-05-10,策略29,3592,258.5,bull
2026-05-10,策略29,6155,53.20000076293945,bull
2026-05-10,策略29,3545,56.70000076293945,bull
2026-05-10,策略29,4961,170.0,bull
2026-05-10,策略31,3026,330.0,bull
2026-05-10,策略31,3019,144.0,bull
2026-05-10,策略37,6829,250.5,bull
2026-05-10,策略37,6224,78.69999694824219,bull
2026-05-10,策略37,6173,122.0,bull
2026-05-10,策略37,4960,39.349998474121094,bull
2026-05-10,策略37,4919,167.5,bull
2026-05-10,策略37,3026,330.0,bull
2026-05-10,策略37,3518,36.0,bull
2026-05-10,策略37,6174,41.0,bull
2026-05-10,策略37,3467,72.0,bull
2026-05-10,策略37,7610,792.0,bull
2026-05-10,策略37,3388,109.5,bull
2026-05-10,策略37,4540,68.5999984741211,bull
2026-05-10,策略37,1785,167.0,bull
2026-05-10,策略37,8150,92.69999694824219,bull
2026-05-10,策略37,2472,221.5,bull
2026-05-10,策略37,8042,84.0999984741211,bull
2026-05-10,策略37,3529,4335.0,bull
2026-05-10,策略37,6261,120.5,bull
2026-05-10,策略37,6441,27.799999237060547,bull
2026-05-10,策略37,6532,114.0,bull
2026-05-10,策略37,6426,262.0,bull
2026-05-10,策略37,6229,29.0,bull
2026-05-10,策略37,6166,87.30000305175781,bull
2026-05-10,策略37,6823,88.69999694824219,bull
2026-05-10,策略37,3354,35.400001525878906,bull
2026-05-10,策略37,3450,410.0,bull
2026-05-10,策略37,4973,99.5999984741211,bull
2026-05-10,策略37,2491,21.100000381469727,bull
2026-05-10,策略37,2345,2375.0,bull
2026-05-10,策略37,8182,39.5,bull
2026-05-10,策略37,2327,389.0,bull
2026-05-10,策略37,6695,52.900001525878906,bull
2026-05-10,策略37,3374,226.5,bull
2026-05-10,策略37,6432,44.20000076293945,bull
2026-05-10,策略37,4956,49.0,bull
2026-05-10,策略37,6716,94.69999694824219,bull
2026-05-10,策略37,2451,312.5,bull
2026-05-10,策略37,4966,669.0,bull
2026-05-10,策略37,8043,89.80000305175781,bull
2026-05-10,策略37,6108,21.799999237060547,bull
2026-05-10,策略37,6756,92.80000305175781,bull
2026-05-10,策略37,3141,55.0,bull
2026-05-10,策略37,5269,1410.0,bull
2026-05-10,策略37,6291,468.0,bull
2026-05-10,策略37,6196,410.0,bull
2026-05-10,策略37,5425,73.0,bull
2026-05-10,策略37,5347,167.5,bull
2026-05-10,策略37,6727,504.0,bull
2026-05-10,策略37,6525,106.5,bull
2026-05-10,策略37,2492,156.0,bull
2026-05-10,策略37,2376,317.0,bull
2026-05-10,策略37,2478,78.0999984741211,bull
2026-05-10,策略37,2363,59.400001525878906,bull
2026-05-10,策略37,4931,170.0,bull
2026-05-10,策略37,3169,112.5,bull
2026-05-10,策略37,6781,1230.0,bull
2026-05-10,策略37,6283,25.649999618530273,bull
2026-05-10,策略37,7788,176.0,bull
2026-05-10,策略37,3702,113.5,bull
2026-05-10,策略37,3714,71.0999984741211,bull
2026-05-10,策略37,5236,168.5,bull
2026-05-10,策略37,4749,1085.0,bull
2026-05-10,策略37,6113,24.549999237060547,bull
2026-05-10,策略37,1504,72.80000305175781,bull
2026-05-10,策略37,3357,187.5,bull
2026-05-10,策略37,8033,159.0,bull
2026-05-10,策略37,6155,53.20000076293945,bull
2026-05-10,策略37,3227,226.5,bull
2026-05-10,策略37,3048,42.400001525878906,bull
2026-05-10,策略37,2497,60.70000076293945,bull
2026-05-10,策略37,6231,322.0,bull
2026-05-10,策略37,6209,66.0,bull
2026-05-10,策略37,6138,260.5,bull
2026-05-10,策略37,3466,41.099998474121094,bull
2026-05-10,策略37,4760,287.5,bull
2026-05-10,策略37,2428,190.5,bull
2026-05-10,策略37,8114,198.5,bull
2026-05-10,策略37,7712,134.5,bull
2026-05-10,策略37,3551,210.0,bull
2026-05-10,策略37,3416,175.5,bull
2026-05-10,策略37,6244,29.700000762939453,bull
2026-05-10,策略37,2375,90.4000015258789,bull
2026-05-10,策略37,5434,423.0,bull
2026-05-10,策略37,2379,592.0,bull
2026-05-10,策略37,5258,53.29999923706055,bull
2026-05-10,策略37,3592,258.5,bull
2026-05-10,策略37,6206,119.0,bull
2026-05-10,策略37,6613,245.5,bull
2026-05-10,策略37,6446,724.0,bull
2026-05-10,策略37,5309,63.79999923706055,bull
2026-05-10,策略37,6962,38.29999923706055,bull
2026-05-10,策略37,4934,18.5,bull
2026-05-10,策略37,3303,52.0,bull
2026-05-10,策略37,2357,650.0,bull
2026-05-10,策略37,3014,135.5,bull
2026-05-10,策略37,6104,102.0,bull
2026-05-10,策略37,3545,56.70000076293945,bull
2026-05-10,策略37,6449,183.0,bull
2026-05-10,策略37,6409,821.0,bull
2026-05-10,策略37,2458,151.5,bull
2026-05-10,策略37,6125,59.099998474121094,bull
2026-05-10,策略37,7709,84.19999694824219,bull
2026-05-10,策略37,2338,51.5,bull
2026-05-10,策略37,3675,226.0,bull
2026-05-10,策略37,3090,113.5,bull
2026-05-10,策略37,8926,49.099998474121094,bull
2026-05-10,策略37,6753,145.0,bull
2026-05-10,策略37,2356,49.54999923706055,bull
2026-05-10,策略37,6218,39.0,bull
2026-05-10,策略37,6121,390.0,bull
2026-05-10,策略37,6609,42.599998474121094,bull
2026-05-10,策略37,8069,162.0,bull
2026-05-10,策略37,6223,5025.0,bull
2026-05-10,策略37,8086,159.5,bull
2026-05-10,策略37,2404,1015.0,bull
2026-05-10,策略37,00915,26.489999771118164,bull
2026-05-10,策略37,5607,51.900001525878906,bull
2026-05-10,策略37,5328,26.899999618530273,bull
2026-05-10,策略37,4961,170.0,bull
2026-05-10,策略37,00932,16.700000762939453,bull
2026-05-10,策略37,00633L,52.099998474121094,bull
2026-05-10,策略37,1503,202.5,bull
2026-05-10,策略37,3236,34.0,bull
2026-05-10,策略37,8081,253.5,bull
2026-05-10,策略37,1609,36.04999923706055,bull
2026-05-10,策略37,7402,125.5,bull
2026-05-10,策略37,4772,321.5,bull
2026-05-10,策略37,6285,247.5,bull
2026-05-10,策略37,6282,50.400001525878906,bull
2026-05-10,策略37,2421,149.0,bull
2026-05-10,策略37,3481,29.399999618530273,bull
2026-05-10,策略37,6862,187.0,bull
2026-05-10,策略37,6907,129.5,bull
2026-05-10,策略37,2645,164.0,bull
2026-05-10,策略37,8163,29.75,bull
2026-05-10,策略37,2108,28.5,bull
2026-05-10,策略37,8112,89.30000305175781,bull
2026-05-10,策略37,6693,149.0,bull
2026-05-10,策略37,1810,18.5,bull
2026-05-10,策略37,00738U,64.55000305175781,bull
2026-05-10,策略37,2606,65.0,bull
2026-05-10,策略37,1608,34.0,bull
2026-05-10,策略37,00852L,31.40999984741211,bull
2026-05-10,策略37,3615,34.099998474121094,bull
2026-05-10,策略37,4541,47.95000076293945,bull
2026-05-10,策略37,2208,21.700000762939453,bull
2026-05-10,策略37,1612,36.70000076293945,bull
2026-05-10,策略37,6151,37.04999923706055,bull
2026-05-10,策略37,6116,9.199999809265137,bull
2026-05-10,策略38,6727,504.0,bull
2026-05-10,策略38,3450,410.0,bull
2026-05-10,策略38,4973,99.5999984741211,bull
2026-05-10,策略38,4760,287.5,bull
2026-05-10,策略38,7712,134.5,bull
2026-05-10,策略38,4966,669.0,bull
2026-05-10,策略38,8069,162.0,bull
2026-05-10,策略38,6426,262.0,bull
2026-05-10,策略38,6166,87.30000305175781,bull
2026-05-10,策略38,2376,317.0,bull
2026-05-10,策略38,6155,53.20000076293945,bull
2026-05-10,策略38,3236,34.0,bull
2026-05-10,策略38,2363,59.400001525878906,bull
2026-05-10,策略38,6432,44.20000076293945,bull
2026-05-10,策略38,3357,187.5,bull
2026-05-10,策略38,6449,183.0,bull
2026-05-10,策略38,3545,56.70000076293945,bull
2026-05-10,策略38,6962,38.29999923706055,bull
2026-05-10,策略38,5258,53.29999923706055,bull
2026-05-10,策略38,2379,592.0,bull
2026-05-10,策略38,1609,36.04999923706055,bull
2026-05-10,策略38,8114,198.5,bull
2026-05-10,策略38,8163,29.75,bull
2026-05-10,策略38,4961,170.0,bull
2026-05-10,策略38,5388,85.0999984741211,bull
2026-05-10,策略38,8926,49.099998474121094,bull
2026-05-10,策略38,6138,260.5,bull
2026-05-10,策略38,8033,159.0,bull
2026-05-10,策略38,6134,33.25,bull
2026-05-10,策略38,3592,258.5,bull
2026-05-10,策略38,2208,21.700000762939453,bull
2026-05-10,策略38,2428,190.5,bull
2026-05-10,策略38,2645,164.0,bull
2026-05-10,策略38,8034,25.350000381469727,bull
2026-05-10,策略38,1503,202.5,bull
2026-05-10,策略38,6753,145.0,bull
2026-05-10,策略38,5309,63.79999923706055,bull
2026-05-10,策略38,2103,20.299999237060547,bull
2026-05-10,策略38,7402,125.5,bull
2026-05-10,策略38,4772,321.5,bull
2026-05-10,策略38,2393,73.69999694824219,bull
2026-05-10,策略39,3481,29.399999618530273,bull
2026-05-10,策略39,2883,22.899999618530273,bull
2026-05-10,策略39,6285,247.5,bull
2026-05-10,策略39,2327,389.0,bull
2026-05-10,策略39,6244,29.700000762939453,bull
2026-05-10,策略39,8069,162.0,bull
2026-05-10,策略39,3236,34.0,bull
2026-05-10,策略39,8086,159.5,bull
2026-05-10,策略39,3227,226.5,bull
2026-05-10,策略39,3026,330.0,bull
2026-05-10,策略39,5309,63.79999923706055,bull
2026-05-10,策略39,3034,498.0,bull
2026-05-10,策略39,6104,102.0,bull
2026-05-10,策略39,6532,114.0,bull
2026-05-10,策略39,3357,187.5,bull
2026-05-10,策略39,6727,504.0,bull
2026-05-10,策略39,6134,33.25,bull
2026-05-10,策略39,6150,70.9000015258789,bull
2026-05-10,策略39,8454,196.0,bull
2026-05-10,策略39,6526,753.0,bull
2026-05-10,策略39,8043,89.80000305175781,bull
2026-05-10,策略39,3213,117.5,bull
2026-05-10,策略39,6291,468.0,bull
2026-05-10,策略39,3592,258.5,bull
2026-05-10,策略39,6679,331.0,bull
2026-05-10,策略39,3533,2700.0,bull
2026-05-10,策略39,4760,287.5,bull
2026-05-10,策略39,4105,75.4000015258789,bull
2026-05-10,策略39,7712,134.5,bull
2026-05-10,策略39,6121,390.0,bull
2026-05-10,策略39,6907,129.5,bull
2026-05-10,策略39,6151,37.04999923706055,bull
2026-05-10,策略39,6716,94.69999694824219,bull
2026-05-10,策略39,6227,100.5,bull
2026-05-10,策略39,6259,22.549999237060547,bull
2026-05-10,策略39,5236,168.5,bull
2026-05-10,策略39,6109,12.550000190734863,bull
2026-05-10,策略39,6113,24.549999237060547,bull
2026-05-10,策略39,3303,52.0,bull
2026-05-10,策略39,00928,35.06999969482422,bull
2026-05-10,策略40,2404,1015.0,bull
2026-05-10,策略40,2606,65.0,bull
2026-05-10,策略40,3141,55.0,bull
2026-05-10,策略40,3048,42.400001525878906,bull
2026-05-10,策略40,5269,1410.0,bull
2026-05-10,策略40,6695,52.900001525878906,bull
2026-05-10,策略40,2363,59.400001525878906,bull
2026-05-10,策略40,6756,92.80000305175781,bull
2026-05-10,策略40,3169,112.5,bull
2026-05-10,策略40,2492,156.0,bull
2026-05-10,策略40,3227,226.5,bull
2026-05-10,策略40,6283,25.649999618530273,bull
